agent_id,time,algo,src_0,src_1,src_2,src_3,src_4,src_5,src_6,src_7,src_8,src_9
32e5ee42-9c82-4b9d-969f-4fc15fcd4c54,1,DAC,0.0,0.0,0.0,0.0,0.0,0.0,0.0,0.0,0.0,0.0
32e5ee42-9c82-4b9d-969f-4fc15fcd4c54,2,DAC,0.0,0.0,0.0,4.0,0.0,0.0,0.0,0.0,0.0,0.0
32e5ee42-9c82-4b9d-969f-4fc15fcd4c54,3,DAC,0.0,0.0,0.0,4.0,0.0,0.0,0.0,0.0,0.0,0.0
32e5ee42-9c82-4b9d-969f-4fc15fcd4c54,4,DAC,0.0,0.0,0.0,2.6666666666666665,1.3333333333333333,0.0,0.0,0.0,0.0,0.0
32e5ee42-9c82-4b9d-969f-4fc15fcd4c54,5,DAC,0.0,0.0,0.0,2.0,1.0,1.0,0.0,0.0,0.0,0.0
32e5ee42-9c82-4b9d-969f-4fc15fcd4c54,6,DAC,0.0,0.0,0.0,1.6,0.8,0.8,0.0,0.8,0.0,0.0
32e5ee42-9c82-4b9d-969f-4fc15fcd4c54,7,DAC,0.6666666666666666,0.0,0.0,1.3333333333333333,0.6666666666666666,0.6666666666666666,0.0,0.6666666666666666,0.0,0.0
32e5ee42-9c82-4b9d-969f-4fc15fcd4c54,8,DAC,0.5714285714285714,0.0,0.5714285714285714,1.1428571428571428,0.5714285714285714,0.5714285714285714,0.0,0.5714285714285714,0.0,0.0
32e5ee42-9c82-4b9d-969f-4fc15fcd4c54,9,DAC,0.5,0.0,1.0,1.0,0.5,0.5,0.0,0.5,0.0,0.0
32e5ee42-9c82-4b9d-969f-4fc15fcd4c54,10,DAC,0.4444444444444444,0.0,0.8888888888888888,0.8888888888888888,0.4444444444444444,0.4444444444444444,0.0,0.4444444444444444,0.0,0.4444444444444444
32e5ee42-9c82-4b9d-969f-4fc15fcd4c54,11,DAC,0.4,0.0,0.8,0.8,0.4,0.4,0.0,0.4,0.0,0.8
32e5ee42-9c82-4b9d-969f-4fc15fcd4c54,12,DAC,0.36363636363636365,0.0,0.7272727272727273,0.7272727272727273,0.36363636363636365,0.36363636363636365,0.36363636363636365,0.36363636363636365,0.0,0.7272727272727273
32e5ee42-9c82-4b9d-969f-4fc15fcd4c54,13,DAC,0.3333333333333333,0.0,0.6666666666666666,1.0,0.3333333333333333,0.3333333333333333,0.3333333333333333,0.3333333333333333,0.0,0.6666666666666666
32e5ee42-9c82-4b9d-969f-4fc15fcd4c54,14,DAC,0.3076923076923077,0.0,0.6153846153846154,0.9230769230769231,0.6153846153846154,0.3076923076923077,0.3076923076923077,0.3076923076923077,0.0,0.6153846153846154
32e5ee42-9c82-4b9d-969f-4fc15fcd4c54,15,DAC,0.2857142857142857,0.0,0.5714285714285714,0.8571428571428571,0.8571428571428571,0.2857142857142857,0.2857142857142857,0.2857142857142857,0.0,0.5714285714285714
32e5ee42-9c82-4b9d-969f-4fc15fcd4c54,16,DAC,0.26666666666666666,0.0,0.5333333333333333,0.8,0.8,0.26666666666666666,0.26666666666666666,0.26666666666666666,0.26666666666666666,0.5333333333333333
32e5ee42-9c82-4b9d-969f-4fc15fcd4c54,17,DAC,0.25,0.0,0.75,0.75,0.75,0.25,0.25,0.25,0.25,0.5
32e5ee42-9c82-4b9d-969f-4fc15fcd4c54,18,DAC,0.23529411764705882,0.0,0.7058823529411765,0.7058823529411765,0.7058823529411765,0.23529411764705882,0.23529411764705882,0.47058823529411764,0.23529411764705882,0.47058823529411764
32e5ee42-9c82-4b9d-969f-4fc15fcd4c54,19,DAC,0.4444444444444444,0.0,0.6666666666666666,0.6666666666666666,0.6666666666666666,0.2222222222222222,0.2222222222222222,0.4444444444444444,0.2222222222222222,0.4444444444444444
32e5ee42-9c82-4b9d-969f-4fc15fcd4c54,20,DAC,0.42105263157894735,0.0,0.631578947368421,0.631578947368421,0.631578947368421,0.21052631578947367,0.21052631578947367,0.42105263157894735,0.21052631578947367,0.631578947368421
32e5ee42-9c82-4b9d-969f-4fc15fcd4c54,21,DAC,0.4,0.0,0.8,0.6,0.6,0.2,0.2,0.4,0.2,0.6
32e5ee42-9c82-4b9d-969f-4fc15fcd4c54,22,DAC,0.38095238095238093,0.0,0.7619047619047619,0.5714285714285714,0.5714285714285714,0.19047619047619047,0.19047619047619047,0.38095238095238093,0.19047619047619047,0.7619047619047619
32e5ee42-9c82-4b9d-969f-4fc15fcd4c54,23,DAC,0.36363636363636365,0.0,0.7272727272727273,0.5454545454545454,0.5454545454545454,0.18181818181818182,0.45454545454545453,0.36363636363636365,0.18181818181818182,0.7272727272727273
32e5ee42-9c82-4b9d-969f-4fc15fcd4c54,24,DAC,0.34782608695652173,0.0,0.6956521739130435,0.5217391304347826,0.5217391304347826,0.34782608695652173,0.43478260869565216,0.34782608695652173,0.17391304347826086,0.6956521739130435
32e5ee42-9c82-4b9d-969f-4fc15fcd4c54,25,DAC,0.3333333333333333,0.0,0.6666666666666666,0.5,0.5,0.3333333333333333,0.5833333333333334,0.3333333333333333,0.16666666666666666,0.6666666666666666
32e5ee42-9c82-4b9d-969f-4fc15fcd4c54,26,DAC,0.32,0.0,0.64,0.48,0.64,0.32,0.56,0.32,0.16,0.64
32e5ee42-9c82-4b9d-969f-4fc15fcd4c54,27,DAC,0.3076923076923077,0.0,0.6153846153846154,0.46153846153846156,0.7692307692307693,0.3076923076923077,0.5384615384615384,0.3076923076923077,0.15384615384615385,0.6153846153846154
32e5ee42-9c82-4b9d-969f-4fc15fcd4c54,28,DAC,0.2962962962962963,0.0,0.5925925925925926,0.4444444444444444,0.7407407407407407,0.2962962962962963,0.5185185185185185,0.2962962962962963,0.14814814814814814,0.7407407407407407
32e5ee42-9c82-4b9d-969f-4fc15fcd4c54,29,DAC,0.2857142857142857,0.0,0.5714285714285714,0.42857142857142855,0.7142857142857143,0.2857142857142857,0.5,0.42857142857142855,0.14285714285714285,0.7142857142857143
32e5ee42-9c82-4b9d-969f-4fc15fcd4c54,30,DAC,0.27586206896551724,0.0,0.5517241379310345,0.41379310344827586,0.6896551724137931,0.27586206896551724,0.4827586206896552,0.41379310344827586,0.13793103448275862,0.8275862068965517
32e5ee42-9c82-4b9d-969f-4fc15fcd4c54,31,DAC,0.26666666666666666,0.0,0.5333333333333333,0.4,0.6666666666666666,0.4,0.4666666666666667,0.4,0.13333333333333333,0.8
32e5ee42-9c82-4b9d-969f-4fc15fcd4c54,32,DAC,0.25806451612903225,0.0,0.6451612903225806,0.3870967741935484,0.6451612903225806,0.3870967741935484,0.45161290322580644,0.3870967741935484,0.12903225806451613,0.7741935483870968
32e5ee42-9c82-4b9d-969f-4fc15fcd4c54,33,DAC,0.25,0.0,0.625,0.375,0.625,0.375,0.4375,0.5,0.125,0.75
32e5ee42-9c82-4b9d-969f-4fc15fcd4c54,34,DAC,0.36363636363636365,0.0,0.6060606060606061,0.36363636363636365,0.6060606060606061,0.36363636363636365,0.42424242424242425,0.48484848484848486,0.12121212121212122,0.7272727272727273
32e5ee42-9c82-4b9d-969f-4fc15fcd4c54,35,DAC,0.35294117647058826,0.0,0.5882352941176471,0.35294117647058826,0.7058823529411765,0.35294117647058826,0.4117647058823529,0.47058823529411764,0.11764705882352941,0.7058823529411765
32e5ee42-9c82-4b9d-969f-4fc15fcd4c54,36,DAC,0.34285714285714286,0.0,0.5714285714285714,0.34285714285714286,0.6857142857142857,0.34285714285714286,0.5142857142857142,0.45714285714285713,0.11428571428571428,0.6857142857142857
32e5ee42-9c82-4b9d-969f-4fc15fcd4c54,37,DAC,0.3333333333333333,0.0,0.5555555555555556,0.3333333333333333,0.6666666666666666,0.4444444444444444,0.5,0.4444444444444444,0.1111111111111111,0.6666666666666666
32e5ee42-9c82-4b9d-969f-4fc15fcd4c54,38,DAC,0.32432432432432434,0.0,0.5405405405405406,0.43243243243243246,0.6486486486486487,0.43243243243243246,0.4864864864864865,0.43243243243243246,0.10810810810810811,0.6486486486486487
32e5ee42-9c82-4b9d-969f-4fc15fcd4c54,39,DAC,0.3157894736842105,0.0,0.631578947368421,0.42105263157894735,0.631578947368421,0.42105263157894735,0.47368421052631576,0.42105263157894735,0.10526315789473684,0.631578947368421
32e5ee42-9c82-4b9d-969f-4fc15fcd4c54,40,DAC,0.41025641025641024,0.0,0.6153846153846154,0.41025641025641024,0.6153846153846154,0.41025641025641024,0.46153846153846156,0.41025641025641024,0.10256410256410256,0.6153846153846154
32e5ee42-9c82-4b9d-969f-4fc15fcd4c54,41,DAC,0.4,0.0,0.6,0.4,0.6,0.5,0.45,0.4,0.1,0.6
32e5ee42-9c82-4b9d-969f-4fc15fcd4c54,42,DAC,0.3902439024390244,0.0,0.6829268292682927,0.3902439024390244,0.5853658536585366,0.4878048780487805,0.43902439024390244,0.3902439024390244,0.0975609756097561,0.5853658536585366
32e5ee42-9c82-4b9d-969f-4fc15fcd4c54,43,DAC,0.38095238095238093,0.0,0.6666666666666666,0.38095238095238093,0.5714285714285714,0.5714285714285714,0.42857142857142855,0.38095238095238093,0.09523809523809523,0.5714285714285714
32e5ee42-9c82-4b9d-969f-4fc15fcd4c54,44,DAC,0.37209302325581395,0.0,0.6511627906976745,0.46511627906976744,0.5581395348837209,0.5581395348837209,0.4186046511627907,0.37209302325581395,0.09302325581395349,0.5581395348837209
32e5ee42-9c82-4b9d-969f-4fc15fcd4c54,45,DAC,0.36363636363636365,0.0,0.6363636363636364,0.5909090909090909,0.5454545454545454,0.5454545454545454,0.4090909090909091,0.36363636363636365,0.09090909090909091,0.5454545454545454
32e5ee42-9c82-4b9d-969f-4fc15fcd4c54,46,DAC,0.35555555555555557,0.0,0.6222222222222222,0.5777777777777777,0.5333333333333333,0.5333333333333333,0.4,0.35555555555555557,0.17777777777777778,0.5333333333333333
32e5ee42-9c82-4b9d-969f-4fc15fcd4c54,47,DAC,0.34782608695652173,0.0,0.6086956521739131,0.6521739130434783,0.5217391304347826,0.5217391304347826,0.391304347826087,0.34782608695652173,0.17391304347826086,0.5217391304347826
32e5ee42-9c82-4b9d-969f-4fc15fcd4c54,48,DAC,0.3404255319148936,0.0,0.5957446808510638,0.6382978723404256,0.5106382978723404,0.5957446808510638,0.3829787234042553,0.3404255319148936,0.1702127659574468,0.5106382978723404
32e5ee42-9c82-4b9d-969f-4fc15fcd4c54,49,DAC,0.3333333333333333,0.0,0.5833333333333334,0.625,0.5,0.5833333333333334,0.4583333333333333,0.3333333333333333,0.16666666666666666,0.5
32e5ee42-9c82-4b9d-969f-4fc15fcd4c54,50,DAC,0.32653061224489793,0.0,0.5714285714285714,0.6122448979591837,0.4897959183673469,0.6530612244897959,0.4489795918367347,0.32653061224489793,0.16326530612244897,0.4897959183673469
32e5ee42-9c82-4b9d-969f-4fc15fcd4c54,51,DAC,0.32,0.0,0.56,0.6,0.48,0.64,0.44,0.4,0.16,0.48
32e5ee42-9c82-4b9d-969f-4fc15fcd4c54,52,DAC,0.3137254901960784,0.0,0.5490196078431373,0.5882352941176471,0.47058823529411764,0.7058823529411765,0.43137254901960786,0.39215686274509803,0.1568627450980392,0.47058823529411764
32e5ee42-9c82-4b9d-969f-4fc15fcd4c54,53,DAC,0.3076923076923077,0.0,0.5384615384615384,0.5769230769230769,0.46153846153846156,0.6923076923076923,0.5,0.38461538461538464,0.15384615384615385,0.46153846153846156
32e5ee42-9c82-4b9d-969f-4fc15fcd4c54,54,DAC,0.3018867924528302,0.07547169811320754,0.5283018867924528,0.5660377358490566,0.4528301886792453,0.6792452830188679,0.49056603773584906,0.37735849056603776,0.1509433962264151,0.4528301886792453
32e5ee42-9c82-4b9d-969f-4fc15fcd4c54,55,DAC,0.2962962962962963,0.07407407407407407,0.5185185185185185,0.5555555555555556,0.4444444444444444,0.6666666666666666,0.48148148148148145,0.4444444444444444,0.14814814814814814,0.4444444444444444
32e5ee42-9c82-4b9d-969f-4fc15fcd4c54,56,DAC,0.2909090909090909,0.07272727272727272,0.509090909090909,0.5454545454545454,0.43636363636363634,0.6545454545454545,0.4727272727272727,0.43636363636363634,0.14545454545454545,0.509090909090909
32e5ee42-9c82-4b9d-969f-4fc15fcd4c54,57,DAC,0.2857142857142857,0.07142857142857142,0.5,0.5357142857142857,0.5,0.6428571428571429,0.4642857142857143,0.42857142857142855,0.14285714285714285,0.5
32e5ee42-9c82-4b9d-969f-4fc15fcd4c54,58,DAC,0.2807017543859649,0.07017543859649122,0.49122807017543857,0.5263157894736842,0.49122807017543857,0.631578947368421,0.45614035087719296,0.42105263157894735,0.14035087719298245,0.5614035087719298
32e5ee42-9c82-4b9d-969f-4fc15fcd4c54,59,DAC,0.27586206896551724,0.06896551724137931,0.4827586206896552,0.5172413793103449,0.4827586206896552,0.6206896551724138,0.4482758620689655,0.41379310344827586,0.20689655172413793,0.5517241379310345
32e5ee42-9c82-4b9d-969f-4fc15fcd4c54,60,DAC,0.2711864406779661,0.06779661016949153,0.4745762711864407,0.576271186440678,0.4745762711864407,0.6101694915254238,0.4406779661016949,0.4067796610169492,0.2033898305084746,0.5423728813559322
32e5ee42-9c82-4b9d-969f-4fc15fcd4c54,61,DAC,0.26666666666666666,0.06666666666666667,0.4666666666666667,0.5666666666666667,0.4666666666666667,0.6,0.5,0.4,0.2,0.5333333333333333
32e5ee42-9c82-4b9d-969f-4fc15fcd4c54,62,DAC,0.26229508196721313,0.13114754098360656,0.45901639344262296,0.5573770491803278,0.45901639344262296,0.5901639344262295,0.4918032786885246,0.39344262295081966,0.19672131147540983,0.5245901639344263
32e5ee42-9c82-4b9d-969f-4fc15fcd4c54,63,DAC,0.25806451612903225,0.12903225806451613,0.45161290322580644,0.5483870967741935,0.45161290322580644,0.5806451612903226,0.4838709677419355,0.3870967741935484,0.1935483870967742,0.5806451612903226
32e5ee42-9c82-4b9d-969f-4fc15fcd4c54,64,DAC,0.25396825396825395,0.12698412698412698,0.5079365079365079,0.5396825396825397,0.4444444444444444,0.5714285714285714,0.47619047619047616,0.38095238095238093,0.19047619047619047,0.5714285714285714
32e5ee42-9c82-4b9d-969f-4fc15fcd4c54,65,DAC,0.3125,0.125,0.5,0.53125,0.4375,0.5625,0.46875,0.375,0.1875,0.5625
32e5ee42-9c82-4b9d-969f-4fc15fcd4c54,66,DAC,0.3076923076923077,0.12307692307692308,0.49230769230769234,0.5230769230769231,0.4307692307692308,0.5538461538461539,0.46153846153846156,0.4307692307692308,0.18461538461538463,0.5538461538461539
32e5ee42-9c82-4b9d-969f-4fc15fcd4c54,67,DAC,0.30303030303030304,0.12121212121212122,0.48484848484848486,0.5151515151515151,0.5151515151515151,0.5454545454545454,0.45454545454545453,0.42424242424242425,0.18181818181818182,0.5454545454545454
32e5ee42-9c82-4b9d-969f-4fc15fcd4c54,68,DAC,0.3582089552238806,0.11940298507462686,0.47761194029850745,0.5074626865671642,0.5074626865671642,0.5373134328358209,0.44776119402985076,0.417910447761194,0.1791044776119403,0.5373134328358209
32e5ee42-9c82-4b9d-969f-4fc15fcd4c54,69,DAC,0.35294117647058826,0.11764705882352941,0.47058823529411764,0.5,0.5,0.5882352941176471,0.4411764705882353,0.4117647058823529,0.17647058823529413,0.5294117647058824
32e5ee42-9c82-4b9d-969f-4fc15fcd4c54,70,DAC,0.34782608695652173,0.11594202898550725,0.463768115942029,0.4927536231884058,0.5507246376811594,0.5797101449275363,0.43478260869565216,0.4057971014492754,0.17391304347826086,0.5217391304347826
32e5ee42-9c82-4b9d-969f-4fc15fcd4c54,71,DAC,0.34285714285714286,0.11428571428571428,0.45714285714285713,0.4857142857142857,0.6,0.5714285714285714,0.42857142857142855,0.4,0.17142857142857143,0.5142857142857142
32e5ee42-9c82-4b9d-969f-4fc15fcd4c54,72,DAC,0.3380281690140845,0.11267605633802817,0.5070422535211268,0.4788732394366197,0.5915492957746479,0.5633802816901409,0.4225352112676056,0.39436619718309857,0.16901408450704225,0.5070422535211268
32e5ee42-9c82-4b9d-969f-4fc15fcd4c54,73,DAC,0.3333333333333333,0.1111111111111111,0.5,0.4722222222222222,0.5833333333333334,0.5555555555555556,0.4166666666666667,0.3888888888888889,0.2222222222222222,0.5
32e5ee42-9c82-4b9d-969f-4fc15fcd4c54,74,DAC,0.3287671232876712,0.1095890410958904,0.547945205479452,0.4657534246575342,0.5753424657534246,0.547945205479452,0.410958904109589,0.3835616438356164,0.2191780821917808,0.4931506849315068
32e5ee42-9c82-4b9d-969f-4fc15fcd4c54,75,DAC,0.32432432432432434,0.10810810810810811,0.5405405405405406,0.4594594594594595,0.5675675675675675,0.5405405405405406,0.40540540540540543,0.3783783783783784,0.21621621621621623,0.5405405405405406
32e5ee42-9c82-4b9d-969f-4fc15fcd4c54,76,DAC,0.32,0.10666666666666667,0.5333333333333333,0.4533333333333333,0.56,0.5866666666666667,0.4,0.37333333333333335,0.21333333333333335,0.5333333333333333
32e5ee42-9c82-4b9d-969f-4fc15fcd4c54,77,DAC,0.3157894736842105,0.15789473684210525,0.5263157894736842,0.4473684210526316,0.5526315789473685,0.5789473684210527,0.39473684210526316,0.3684210526315789,0.21052631578947367,0.5263157894736842
32e5ee42-9c82-4b9d-969f-4fc15fcd4c54,78,DAC,0.3116883116883117,0.15584415584415584,0.5194805194805194,0.44155844155844154,0.5974025974025974,0.5714285714285714,0.38961038961038963,0.36363636363636365,0.2077922077922078,0.5194805194805194
32e5ee42-9c82-4b9d-969f-4fc15fcd4c54,79,DAC,0.3076923076923077,0.15384615384615385,0.5128205128205128,0.4358974358974359,0.5897435897435898,0.5641025641025641,0.38461538461538464,0.41025641025641024,0.20512820512820512,0.5128205128205128
32e5ee42-9c82-4b9d-969f-4fc15fcd4c54,80,DAC,0.3037974683544304,0.1518987341772152,0.5063291139240507,0.43037974683544306,0.5822784810126582,0.6075949367088608,0.379746835443038,0.4050632911392405,0.20253164556962025,0.5063291139240507
32e5ee42-9c82-4b9d-969f-4fc15fcd4c54,81,DAC,0.3,0.15,0.5,0.425,0.575,0.6,0.375,0.4,0.2,0.55
32e5ee42-9c82-4b9d-969f-4fc15fcd4c54,82,DAC,0.2962962962962963,0.14814814814814814,0.49382716049382713,0.41975308641975306,0.5679012345679012,0.5925925925925926,0.41975308641975306,0.3950617283950617,0.19753086419753085,0.5432098765432098
32e5ee42-9c82-4b9d-969f-4fc15fcd4c54,83,DAC,0.2926829268292683,0.14634146341463414,0.4878048780487805,0.4146341463414634,0.5609756097560976,0.5853658536585366,0.4146341463414634,0.3902439024390244,0.24390243902439024,0.5365853658536586
32e5ee42-9c82-4b9d-969f-4fc15fcd4c54,84,DAC,0.3373493975903614,0.14457831325301204,0.4819277108433735,0.40963855421686746,0.5542168674698795,0.5783132530120482,0.40963855421686746,0.3855421686746988,0.24096385542168675,0.5301204819277109
32e5ee42-9c82-4b9d-969f-4fc15fcd4c54,85,DAC,0.3333333333333333,0.14285714285714285,0.47619047619047616,0.40476190476190477,0.5476190476190477,0.5714285714285714,0.40476190476190477,0.42857142857142855,0.23809523809523808,0.5238095238095238
32e5ee42-9c82-4b9d-969f-4fc15fcd4c54,86,DAC,0.32941176470588235,0.1411764705882353,0.47058823529411764,0.4,0.5882352941176471,0.5647058823529412,0.4,0.4235294117647059,0.23529411764705882,0.5176470588235295
32e5ee42-9c82-4b9d-969f-4fc15fcd4c54,87,DAC,0.32558139534883723,0.13953488372093023,0.46511627906976744,0.4418604651162791,0.5813953488372093,0.5581395348837209,0.3953488372093023,0.4186046511627907,0.23255813953488372,0.5116279069767442
32e5ee42-9c82-4b9d-969f-4fc15fcd4c54,88,DAC,0.3218390804597701,0.13793103448275862,0.45977011494252873,0.4367816091954023,0.5747126436781609,0.5977011494252874,0.39080459770114945,0.41379310344827586,0.22988505747126436,0.5057471264367817
32e5ee42-9c82-4b9d-969f-4fc15fcd4c54,89,DAC,0.3181818181818182,0.13636363636363635,0.45454545454545453,0.4318181818181818,0.5681818181818182,0.5909090909090909,0.38636363636363635,0.4772727272727273,0.22727272727272727,0.5
32e5ee42-9c82-4b9d-969f-4fc15fcd4c54,90,DAC,0.3146067415730337,0.1348314606741573,0.449438202247191,0.42696629213483145,0.5617977528089888,0.5842696629213483,0.38202247191011235,0.5168539325842697,0.2247191011235955,0.4943820224719101
32e5ee42-9c82-4b9d-969f-4fc15fcd4c54,91,DAC,0.3111111111111111,0.13333333333333333,0.4444444444444444,0.4222222222222222,0.5555555555555556,0.5777777777777777,0.4222222222222222,0.5111111111111111,0.2222222222222222,0.4888888888888889
32e5ee42-9c82-4b9d-969f-4fc15fcd4c54,92,DAC,0.3076923076923077,0.13186813186813187,0.43956043956043955,0.4175824175824176,0.5494505494505495,0.5714285714285714,0.46153846153846156,0.5054945054945055,0.21978021978021978,0.4835164835164835
32e5ee42-9c82-4b9d-969f-4fc15fcd4c54,93,DAC,0.30434782608695654,0.13043478260869565,0.43478260869565216,0.41304347826086957,0.5434782608695652,0.5652173913043478,0.45652173913043476,0.5434782608695652,0.21739130434782608,0.4782608695652174
32e5ee42-9c82-4b9d-969f-4fc15fcd4c54,94,DAC,0.3010752688172043,0.12903225806451613,0.43010752688172044,0.40860215053763443,0.5806451612903226,0.5591397849462365,0.45161290322580644,0.5376344086021505,0.21505376344086022,0.4731182795698925
32e5ee42-9c82-4b9d-969f-4fc15fcd4c54,95,DAC,0.2978723404255319,0.1276595744680851,0.425531914893617,0.40425531914893614,0.574468085106383,0.5531914893617021,0.48936170212765956,0.5319148936170213,0.2127659574468085,0.46808510638297873
32e5ee42-9c82-4b9d-969f-4fc15fcd4c54,96,DAC,0.29473684210526313,0.16842105263157894,0.42105263157894735,0.4,0.5684210526315789,0.5473684210526316,0.4842105263157895,0.5263157894736842,0.21052631578947367,0.4631578947368421
32e5ee42-9c82-4b9d-969f-4fc15fcd4c54,97,DAC,0.2916666666666667,0.16666666666666666,0.4166666666666667,0.3958333333333333,0.5625,0.5416666666666666,0.5208333333333334,0.5208333333333334,0.20833333333333334,0.4583333333333333
32e5ee42-9c82-4b9d-969f-4fc15fcd4c54,98,DAC,0.28865979381443296,0.16494845360824742,0.41237113402061853,0.3917525773195876,0.5567010309278351,0.5360824742268041,0.5154639175257731,0.5567010309278351,0.20618556701030927,0.4536082474226804
32e5ee42-9c82-4b9d-969f-4fc15fcd4c54,99,DAC,0.2857142857142857,0.16326530612244897,0.40816326530612246,0.3877551020408163,0.5510204081632653,0.5714285714285714,0.5102040816326531,0.5510204081632653,0.20408163265306123,0.4489795918367347
32e5ee42-9c82-4b9d-969f-4fc15fcd4c54,100,DAC,0.2828282828282828,0.16161616161616163,0.40404040404040403,0.3838383838383838,0.5454545454545454,0.6060606060606061,0.5050505050505051,0.5454545454545454,0.20202020202020202,0.4444444444444444
32e5ee42-9c82-4b9d-969f-4fc15fcd4c54,101,DAC,0.28,0.16,0.4,0.38,0.54,0.6,0.54,0.54,0.2,0.44
32e5ee42-9c82-4b9d-969f-4fc15fcd4c54,102,DAC,0.27722772277227725,0.15841584158415842,0.39603960396039606,0.4158415841584158,0.5346534653465347,0.594059405940594,0.5346534653465347,0.5346534653465347,0.19801980198019803,0.43564356435643564
32e5ee42-9c82-4b9d-969f-4fc15fcd4c54,103,DAC,0.27450980392156865,0.19607843137254902,0.39215686274509803,0.4117647058823529,0.5294117647058824,0.5882352941176471,0.5294117647058824,0.5294117647058824,0.19607843137254902,0.43137254901960786
32e5ee42-9c82-4b9d-969f-4fc15fcd4c54,104,DAC,0.27184466019417475,0.1941747572815534,0.3883495145631068,0.4077669902912621,0.5631067961165048,0.5825242718446602,0.5242718446601942,0.5242718446601942,0.1941747572815534,0.42718446601941745
32e5ee42-9c82-4b9d-969f-4fc15fcd4c54,105,DAC,0.2692307692307692,0.19230769230769232,0.38461538461538464,0.40384615384615385,0.5576923076923077,0.5769230769230769,0.5192307692307693,0.5192307692307693,0.19230769230769232,0.46153846153846156
32e5ee42-9c82-4b9d-969f-4fc15fcd4c54,106,DAC,0.26666666666666666,0.19047619047619047,0.38095238095238093,0.4,0.5523809523809524,0.5714285714285714,0.5523809523809524,0.5142857142857142,0.19047619047619047,0.45714285714285713
32e5ee42-9c82-4b9d-969f-4fc15fcd4c54,107,DAC,0.2641509433962264,0.18867924528301888,0.37735849056603776,0.39622641509433965,0.5471698113207547,0.5660377358490566,0.5471698113207547,0.5094339622641509,0.18867924528301888,0.49056603773584906
32e5ee42-9c82-4b9d-969f-4fc15fcd4c54,108,DAC,0.2616822429906542,0.18691588785046728,0.37383177570093457,0.3925233644859813,0.5794392523364486,0.5607476635514018,0.5420560747663551,0.5046728971962616,0.18691588785046728,0.48598130841121495
32e5ee42-9c82-4b9d-969f-4fc15fcd4c54,109,DAC,0.25925925925925924,0.18518518518518517,0.4074074074074074,0.3888888888888889,0.5740740740740741,0.5555555555555556,0.5370370370370371,0.5,0.18518518518518517,0.48148148148148145
32e5ee42-9c82-4b9d-969f-4fc15fcd4c54,110,DAC,0.25688073394495414,0.1834862385321101,0.4036697247706422,0.3853211009174312,0.5688073394495413,0.5871559633027523,0.5321100917431193,0.4954128440366973,0.1834862385321101,0.47706422018348627
32e5ee42-9c82-4b9d-969f-4fc15fcd4c54,111,DAC,0.2545454545454545,0.18181818181818182,0.4,0.38181818181818183,0.5636363636363636,0.5818181818181818,0.5272727272727272,0.4909090909090909,0.18181818181818182,0.5272727272727272
32e5ee42-9c82-4b9d-969f-4fc15fcd4c54,112,DAC,0.25225225225225223,0.18018018018018017,0.3963963963963964,0.3783783783783784,0.5585585585585585,0.5765765765765766,0.5225225225225225,0.4864864864864865,0.21621621621621623,0.5225225225225225
32e5ee42-9c82-4b9d-969f-4fc15fcd4c54,113,DAC,0.25,0.17857142857142858,0.39285714285714285,0.375,0.5892857142857143,0.5714285714285714,0.5178571428571429,0.48214285714285715,0.21428571428571427,0.5178571428571429
32e5ee42-9c82-4b9d-969f-4fc15fcd4c54,114,DAC,0.24778761061946902,0.21238938053097345,0.3893805309734513,0.37168141592920356,0.584070796460177,0.5663716814159292,0.5132743362831859,0.4778761061946903,0.21238938053097345,0.5132743362831859
32e5ee42-9c82-4b9d-969f-4fc15fcd4c54,115,DAC,0.24561403508771928,0.21052631578947367,0.38596491228070173,0.3684210526315789,0.5789473684210527,0.5614035087719298,0.5087719298245614,0.47368421052631576,0.24561403508771928,0.5087719298245614
32e5ee42-9c82-4b9d-969f-4fc15fcd4c54,116,DAC,0.24347826086956523,0.20869565217391303,0.3826086956521739,0.3652173913043478,0.5739130434782609,0.5565217391304348,0.5043478260869565,0.46956521739130436,0.2782608695652174,0.5043478260869565
32e5ee42-9c82-4b9d-969f-4fc15fcd4c54,117,DAC,0.2413793103448276,0.20689655172413793,0.3793103448275862,0.39655172413793105,0.5689655172413793,0.5517241379310345,0.5,0.46551724137931033,0.27586206896551724,0.5
32e5ee42-9c82-4b9d-969f-4fc15fcd4c54,118,DAC,0.23931623931623933,0.20512820512820512,0.37606837606837606,0.39316239316239315,0.5641025641025641,0.5470085470085471,0.49572649572649574,0.46153846153846156,0.27350427350427353,0.5299145299145299
32e5ee42-9c82-4b9d-969f-4fc15fcd4c54,119,DAC,0.23728813559322035,0.2033898305084746,0.3728813559322034,0.423728813559322,0.559322033898305,0.5423728813559322,0.4915254237288136,0.4576271186440678,0.2711864406779661,0.5254237288135594
32e5ee42-9c82-4b9d-969f-4fc15fcd4c54,120,DAC,0.23529411764705882,0.20168067226890757,0.3697478991596639,0.42016806722689076,0.5546218487394958,0.5378151260504201,0.48739495798319327,0.453781512605042,0.2689075630252101,0.5546218487394958
32e5ee42-9c82-4b9d-969f-4fc15fcd4c54,121,DAC,0.23333333333333334,0.2,0.36666666666666664,0.4166666666666667,0.55,0.5333333333333333,0.5166666666666667,0.45,0.26666666666666666,0.55
32e5ee42-9c82-4b9d-969f-4fc15fcd4c54,122,DAC,0.23140495867768596,0.19834710743801653,0.36363636363636365,0.4132231404958678,0.5454545454545454,0.5619834710743802,0.512396694214876,0.4462809917355372,0.2644628099173554,0.5454545454545454
32e5ee42-9c82-4b9d-969f-4fc15fcd4c54,123,DAC,0.22950819672131148,0.19672131147540983,0.36065573770491804,0.4098360655737705,0.5409836065573771,0.5901639344262295,0.5081967213114754,0.4426229508196721,0.26229508196721313,0.5409836065573771
32e5ee42-9c82-4b9d-969f-4fc15fcd4c54,124,DAC,0.22764227642276422,0.1951219512195122,0.35772357723577236,0.4065040650406504,0.5365853658536586,0.5853658536585366,0.5040650406504065,0.4715447154471545,0.2601626016260163,0.5365853658536586
32e5ee42-9c82-4b9d-969f-4fc15fcd4c54,125,DAC,0.25806451612903225,0.1935483870967742,0.3548387096774194,0.4032258064516129,0.532258064516129,0.5806451612903226,0.5,0.46774193548387094,0.25806451612903225,0.532258064516129
32e5ee42-9c82-4b9d-969f-4fc15fcd4c54,126,DAC,0.288,0.192,0.352,0.4,0.528,0.576,0.496,0.464,0.256,0.528
32e5ee42-9c82-4b9d-969f-4fc15fcd4c54,127,DAC,0.2857142857142857,0.19047619047619047,0.3492063492063492,0.3968253968253968,0.5238095238095238,0.5714285714285714,0.49206349206349204,0.4603174603174603,0.2857142857142857,0.5238095238095238
32e5ee42-9c82-4b9d-969f-4fc15fcd4c54,128,DAC,0.28346456692913385,0.1889763779527559,0.3464566929133858,0.3937007874015748,0.5196850393700787,0.5669291338582677,0.4881889763779528,0.4881889763779528,0.28346456692913385,0.5196850393700787
32e5ee42-9c82-4b9d-969f-4fc15fcd4c54,129,DAC,0.28125,0.1875,0.34375,0.390625,0.515625,0.5625,0.484375,0.515625,0.28125,0.515625
32e5ee42-9c82-4b9d-969f-4fc15fcd4c54,130,DAC,0.31007751937984496,0.18604651162790697,0.34108527131782945,0.3875968992248062,0.5116279069767442,0.5581395348837209,0.4806201550387597,0.5116279069767442,0.27906976744186046,0.5116279069767442
32e5ee42-9c82-4b9d-969f-4fc15fcd4c54,131,DAC,0.3076923076923077,0.18461538461538463,0.3384615384615385,0.38461538461538464,0.5076923076923077,0.5538461538461539,0.47692307692307695,0.5076923076923077,0.27692307692307694,0.5384615384615384
32e5ee42-9c82-4b9d-969f-4fc15fcd4c54,132,DAC,0.3053435114503817,0.183206106870229,0.33587786259541985,0.3816793893129771,0.5038167938931297,0.549618320610687,0.5038167938931297,0.5038167938931297,0.2748091603053435,0.5343511450381679
32e5ee42-9c82-4b9d-969f-4fc15fcd4c54,133,DAC,0.30303030303030304,0.18181818181818182,0.3333333333333333,0.3787878787878788,0.5,0.5454545454545454,0.5,0.5,0.2727272727272727,0.5757575757575758
32e5ee42-9c82-4b9d-969f-4fc15fcd4c54,134,DAC,0.3007518796992481,0.18045112781954886,0.3308270676691729,0.37593984962406013,0.49624060150375937,0.5413533834586466,0.49624060150375937,0.49624060150375937,0.2706766917293233,0.6015037593984962
32e5ee42-9c82-4b9d-969f-4fc15fcd4c54,135,DAC,0.3283582089552239,0.1791044776119403,0.3283582089552239,0.373134328358209,0.4925373134328358,0.5373134328358209,0.4925373134328358,0.4925373134328358,0.26865671641791045,0.5970149253731343
32e5ee42-9c82-4b9d-969f-4fc15fcd4c54,136,DAC,0.32592592592592595,0.17777777777777778,0.32592592592592595,0.37037037037037035,0.4888888888888889,0.5333333333333333,0.5185185185185185,0.4888888888888889,0.26666666666666666,0.5925925925925926
32e5ee42-9c82-4b9d-969f-4fc15fcd4c54,137,DAC,0.3235294117647059,0.20588235294117646,0.3235294117647059,0.36764705882352944,0.4852941176470588,0.5294117647058824,0.5147058823529411,0.4852941176470588,0.2647058823529412,0.5882352941176471
32e5ee42-9c82-4b9d-969f-4fc15fcd4c54,138,DAC,0.32116788321167883,0.20437956204379562,0.32116788321167883,0.36496350364963503,0.48175182481751827,0.5255474452554745,0.5109489051094891,0.48175182481751827,0.26277372262773724,0.6131386861313869
32e5ee42-9c82-4b9d-969f-4fc15fcd4c54,139,DAC,0.3188405797101449,0.2028985507246377,0.3188405797101449,0.36231884057971014,0.5072463768115942,0.5217391304347826,0.5072463768115942,0.4782608695652174,0.2608695652173913,0.6086956521739131
32e5ee42-9c82-4b9d-969f-4fc15fcd4c54,140,DAC,0.31654676258992803,0.2014388489208633,0.34532374100719426,0.3597122302158273,0.5035971223021583,0.5179856115107914,0.5035971223021583,0.4748201438848921,0.2589928057553957,0.60431654676259
32e5ee42-9c82-4b9d-969f-4fc15fcd4c54,141,DAC,0.3142857142857143,0.2,0.34285714285714286,0.35714285714285715,0.5,0.5142857142857142,0.5,0.5,0.2571428571428571,0.6
32e5ee42-9c82-4b9d-969f-4fc15fcd4c54,142,DAC,0.3120567375886525,0.19858156028368795,0.3404255319148936,0.3546099290780142,0.49645390070921985,0.5106382978723404,0.49645390070921985,0.49645390070921985,0.2553191489361702,0.624113475177305
32e5ee42-9c82-4b9d-969f-4fc15fcd4c54,143,DAC,0.3380281690140845,0.19718309859154928,0.3380281690140845,0.352112676056338,0.49295774647887325,0.5070422535211268,0.49295774647887325,0.49295774647887325,0.2535211267605634,0.6197183098591549
32e5ee42-9c82-4b9d-969f-4fc15fcd4c54,144,DAC,0.3356643356643357,0.1958041958041958,0.3356643356643357,0.34965034965034963,0.5174825174825175,0.5034965034965035,0.48951048951048953,0.48951048951048953,0.2517482517482518,0.6153846153846154
32e5ee42-9c82-4b9d-969f-4fc15fcd4c54,145,DAC,0.3333333333333333,0.2222222222222222,0.3333333333333333,0.3472222222222222,0.5138888888888888,0.5,0.4861111111111111,0.4861111111111111,0.25,0.6111111111111112
32e5ee42-9c82-4b9d-969f-4fc15fcd4c54,146,DAC,0.3310344827586207,0.2206896551724138,0.3310344827586207,0.3448275862068966,0.5379310344827586,0.496551724137931,0.4827586206896552,0.4827586206896552,0.2482758620689655,0.6068965517241379
32e5ee42-9c82-4b9d-969f-4fc15fcd4c54,147,DAC,0.3287671232876712,0.2191780821917808,0.3287671232876712,0.3424657534246575,0.5342465753424658,0.5205479452054794,0.4794520547945205,0.4794520547945205,0.2465753424657534,0.6027397260273972
32e5ee42-9c82-4b9d-969f-4fc15fcd4c54,148,DAC,0.32653061224489793,0.21768707482993196,0.32653061224489793,0.3401360544217687,0.5306122448979592,0.5170068027210885,0.5034013605442177,0.47619047619047616,0.24489795918367346,0.5986394557823129
32e5ee42-9c82-4b9d-969f-4fc15fcd4c54,149,DAC,0.32432432432432434,0.21621621621621623,0.32432432432432434,0.33783783783783783,0.527027027027027,0.5135135135135135,0.5,0.47297297297297297,0.24324324324324326,0.6216216216216216
32e5ee42-9c82-4b9d-969f-4fc15fcd4c54,150,DAC,0.3221476510067114,0.21476510067114093,0.3221476510067114,0.3624161073825503,0.5234899328859061,0.5100671140939598,0.4966442953020134,0.4697986577181208,0.24161073825503357,0.6174496644295302
32e5ee42-9c82-4b9d-969f-4fc15fcd4c54,151,DAC,0.32,0.21333333333333335,0.3466666666666667,0.36,0.52,0.5066666666666667,0.49333333333333335,0.4666666666666667,0.24,0.6133333333333333
32e5ee42-9c82-4b9d-969f-4fc15fcd4c54,152,DAC,0.31788079470198677,0.2119205298013245,0.3443708609271523,0.3576158940397351,0.543046357615894,0.5033112582781457,0.4900662251655629,0.46357615894039733,0.23841059602649006,0.609271523178808
32e5ee42-9c82-4b9d-969f-4fc15fcd4c54,153,DAC,0.3157894736842105,0.21052631578947367,0.3684210526315789,0.35526315789473684,0.5394736842105263,0.5,0.4868421052631579,0.4605263157894737,0.23684210526315788,0.6052631578947368
32e5ee42-9c82-4b9d-969f-4fc15fcd4c54,154,DAC,0.3137254901960784,0.20915032679738563,0.3660130718954248,0.35294117647058826,0.5359477124183006,0.49673202614379086,0.5098039215686274,0.45751633986928103,0.23529411764705882,0.6013071895424836
32e5ee42-9c82-4b9d-969f-4fc15fcd4c54,155,DAC,0.3116883116883117,0.2077922077922078,0.4025974025974026,0.35064935064935066,0.5324675324675324,0.4935064935064935,0.5064935064935064,0.45454545454545453,0.23376623376623376,0.5974025974025974
32e5ee42-9c82-4b9d-969f-4fc15fcd4c54,156,DAC,0.3096774193548387,0.2064516129032258,0.4,0.3741935483870968,0.5290322580645161,0.49032258064516127,0.5032258064516129,0.45161290322580644,0.23225806451612904,0.5935483870967742
32e5ee42-9c82-4b9d-969f-4fc15fcd4c54,157,DAC,0.3076923076923077,0.20512820512820512,0.4230769230769231,0.3717948717948718,0.5256410256410257,0.48717948717948717,0.5,0.44871794871794873,0.23076923076923078,0.5897435897435898
32e5ee42-9c82-4b9d-969f-4fc15fcd4c54,158,DAC,0.3057324840764331,0.20382165605095542,0.42038216560509556,0.36942675159235666,0.5222929936305732,0.4840764331210191,0.4968152866242038,0.4713375796178344,0.22929936305732485,0.5859872611464968
32e5ee42-9c82-4b9d-969f-4fc15fcd4c54,159,DAC,0.3037974683544304,0.20253164556962025,0.4430379746835443,0.3670886075949367,0.5189873417721519,0.4810126582278481,0.4936708860759494,0.46835443037974683,0.22784810126582278,0.5822784810126582
32e5ee42-9c82-4b9d-969f-4fc15fcd4c54,160,DAC,0.3018867924528302,0.20125786163522014,0.44025157232704404,0.36477987421383645,0.5408805031446541,0.4779874213836478,0.49056603773584906,0.46540880503144655,0.22641509433962265,0.5786163522012578
32e5ee42-9c82-4b9d-969f-4fc15fcd4c54,161,DAC,0.3,0.2,0.4375,0.3625,0.5375,0.5,0.4875,0.4625,0.225,0.575
32e5ee42-9c82-4b9d-969f-4fc15fcd4c54,162,DAC,0.2981366459627329,0.19875776397515527,0.43478260869565216,0.36024844720496896,0.5341614906832298,0.4968944099378882,0.484472049689441,0.45962732919254656,0.2484472049689441,0.5714285714285714
32e5ee42-9c82-4b9d-969f-4fc15fcd4c54,163,DAC,0.32098765432098764,0.19753086419753085,0.43209876543209874,0.35802469135802467,0.5308641975308642,0.49382716049382713,0.48148148148148145,0.4567901234567901,0.24691358024691357,0.5679012345679012
32e5ee42-9c82-4b9d-969f-4fc15fcd4c54,164,DAC,0.34355828220858897,0.19631901840490798,0.4294478527607362,0.3558282208588957,0.5276073619631901,0.49079754601226994,0.4785276073619632,0.4539877300613497,0.24539877300613497,0.5644171779141104
32e5ee42-9c82-4b9d-969f-4fc15fcd4c54,165,DAC,0.34146341463414637,0.1951219512195122,0.4268292682926829,0.35365853658536583,0.524390243902439,0.4878048780487805,0.47560975609756095,0.47560975609756095,0.24390243902439024,0.5609756097560976
32e5ee42-9c82-4b9d-969f-4fc15fcd4c54,166,DAC,0.3393939393939394,0.19393939393939394,0.4484848484848485,0.3515151515151515,0.5212121212121212,0.48484848484848486,0.4727272727272727,0.4727272727272727,0.24242424242424243,0.5575757575757576
32e5ee42-9c82-4b9d-969f-4fc15fcd4c54,167,DAC,0.3373493975903614,0.1927710843373494,0.4457831325301205,0.3493975903614458,0.5180722891566265,0.4819277108433735,0.46987951807228917,0.46987951807228917,0.24096385542168675,0.5783132530120482
32e5ee42-9c82-4b9d-969f-4fc15fcd4c54,168,DAC,0.33532934131736525,0.19161676646706588,0.4431137724550898,0.3473053892215569,0.5149700598802395,0.47904191616766467,0.46706586826347307,0.46706586826347307,0.2634730538922156,0.5748502994011976
32e5ee42-9c82-4b9d-969f-4fc15fcd4c54,169,DAC,0.3333333333333333,0.19047619047619047,0.44047619047619047,0.34523809523809523,0.5357142857142857,0.47619047619047616,0.4642857142857143,0.4642857142857143,0.2619047619047619,0.5714285714285714
32e5ee42-9c82-4b9d-969f-4fc15fcd4c54,170,DAC,0.33136094674556216,0.1893491124260355,0.4378698224852071,0.3431952662721893,0.5325443786982249,0.47337278106508873,0.46153846153846156,0.48520710059171596,0.2603550295857988,0.5680473372781065
32e5ee42-9c82-4b9d-969f-4fc15fcd4c54,171,DAC,0.32941176470588235,0.18823529411764706,0.43529411764705883,0.3411764705882353,0.5294117647058824,0.47058823529411764,0.4588235294117647,0.4823529411764706,0.2823529411764706,0.5647058823529412
32e5ee42-9c82-4b9d-969f-4fc15fcd4c54,172,DAC,0.3508771929824561,0.1871345029239766,0.4327485380116959,0.3391812865497076,0.5263157894736842,0.4678362573099415,0.45614035087719296,0.47953216374269003,0.2807017543859649,0.5614035087719298
32e5ee42-9c82-4b9d-969f-4fc15fcd4c54,173,DAC,0.3488372093023256,0.18604651162790697,0.43023255813953487,0.3372093023255814,0.5465116279069767,0.46511627906976744,0.45348837209302323,0.47674418604651164,0.27906976744186046,0.5581395348837209
32e5ee42-9c82-4b9d-969f-4fc15fcd4c54,174,DAC,0.3468208092485549,0.18497109826589594,0.4277456647398844,0.3352601156069364,0.5433526011560693,0.48554913294797686,0.4508670520231214,0.47398843930635837,0.2774566473988439,0.5549132947976878
32e5ee42-9c82-4b9d-969f-4fc15fcd4c54,175,DAC,0.3448275862068966,0.1839080459770115,0.42528735632183906,0.3563218390804598,0.5402298850574713,0.4827586206896552,0.4482758620689655,0.47126436781609193,0.27586206896551724,0.5517241379310345
32e5ee42-9c82-4b9d-969f-4fc15fcd4c54,176,DAC,0.34285714285714286,0.18285714285714286,0.4228571428571429,0.35428571428571426,0.5371428571428571,0.48,0.44571428571428573,0.4685714285714286,0.2742857142857143,0.5714285714285714
32e5ee42-9c82-4b9d-969f-4fc15fcd4c54,177,DAC,0.3409090909090909,0.18181818181818182,0.42045454545454547,0.3522727272727273,0.5340909090909091,0.4772727272727273,0.4431818181818182,0.5,0.2727272727272727,0.5681818181818182
32e5ee42-9c82-4b9d-969f-4fc15fcd4c54,178,DAC,0.3615819209039548,0.1807909604519774,0.4180790960451977,0.3502824858757062,0.5310734463276836,0.4745762711864407,0.4406779661016949,0.4971751412429379,0.2711864406779661,0.5649717514124294
32e5ee42-9c82-4b9d-969f-4fc15fcd4c54,179,DAC,0.3595505617977528,0.1797752808988764,0.4157303370786517,0.34831460674157305,0.5280898876404494,0.47191011235955055,0.43820224719101125,0.4943820224719101,0.2696629213483146,0.5842696629213483
32e5ee42-9c82-4b9d-969f-4fc15fcd4c54,180,DAC,0.3575418994413408,0.1787709497206704,0.4134078212290503,0.3463687150837989,0.5251396648044693,0.4692737430167598,0.4581005586592179,0.49162011173184356,0.2681564245810056,0.5810055865921788
32e5ee42-9c82-4b9d-969f-4fc15fcd4c54,181,DAC,0.37777777777777777,0.17777777777777778,0.4111111111111111,0.34444444444444444,0.5222222222222223,0.4666666666666667,0.45555555555555555,0.4888888888888889,0.26666666666666666,0.5777777777777777
32e5ee42-9c82-4b9d-969f-4fc15fcd4c54,182,DAC,0.3756906077348066,0.17679558011049723,0.430939226519337,0.3425414364640884,0.5193370165745856,0.46408839779005523,0.4530386740331492,0.4861878453038674,0.26519337016574585,0.574585635359116
32e5ee42-9c82-4b9d-969f-4fc15fcd4c54,183,DAC,0.37362637362637363,0.17582417582417584,0.42857142857142855,0.34065934065934067,0.5164835164835165,0.46153846153846156,0.45054945054945056,0.4835164835164835,0.26373626373626374,0.5934065934065934
32e5ee42-9c82-4b9d-969f-4fc15fcd4c54,184,DAC,0.37158469945355194,0.17486338797814208,0.4262295081967213,0.33879781420765026,0.5136612021857924,0.45901639344262296,0.44808743169398907,0.4808743169398907,0.26229508196721313,0.6120218579234973
32e5ee42-9c82-4b9d-969f-4fc15fcd4c54,185,DAC,0.3695652173913043,0.17391304347826086,0.42391304347826086,0.33695652173913043,0.5108695652173914,0.45652173913043476,0.44565217391304346,0.5,0.2608695652173913,0.6086956521739131
32e5ee42-9c82-4b9d-969f-4fc15fcd4c54,186,DAC,0.3675675675675676,0.17297297297297298,0.42162162162162165,0.33513513513513515,0.5081081081081081,0.4540540540540541,0.44324324324324327,0.4972972972972973,0.2594594594594595,0.6270270270270271
32e5ee42-9c82-4b9d-969f-4fc15fcd4c54,187,DAC,0.3870967741935484,0.17204301075268819,0.41935483870967744,0.3333333333333333,0.5053763440860215,0.45161290322580644,0.44086021505376344,0.4946236559139785,0.25806451612903225,0.6236559139784946
32e5ee42-9c82-4b9d-969f-4fc15fcd4c54,188,DAC,0.3850267379679144,0.1711229946524064,0.41711229946524064,0.3315508021390374,0.5026737967914439,0.47058823529411764,0.4385026737967914,0.4919786096256685,0.25668449197860965,0.6203208556149733
32e5ee42-9c82-4b9d-969f-4fc15fcd4c54,189,DAC,0.3829787234042553,0.1702127659574468,0.43617021276595747,0.32978723404255317,0.5,0.46808510638297873,0.43617021276595747,0.48936170212765956,0.2553191489361702,0.6170212765957447
32e5ee42-9c82-4b9d-969f-4fc15fcd4c54,190,DAC,0.38095238095238093,0.1693121693121693,0.43386243386243384,0.328042328042328,0.5185185185185185,0.4656084656084656,0.43386243386243384,0.48677248677248675,0.25396825396825395,0.6137566137566137
32e5ee42-9c82-4b9d-969f-4fc15fcd4c54,191,DAC,0.37894736842105264,0.16842105263157894,0.43157894736842106,0.3263157894736842,0.5368421052631579,0.4631578947368421,0.43157894736842106,0.4842105263157895,0.25263157894736843,0.6105263157894737
32e5ee42-9c82-4b9d-969f-4fc15fcd4c54,192,DAC,0.3769633507853403,0.16753926701570682,0.4293193717277487,0.32460732984293195,0.5340314136125655,0.4816753926701571,0.4293193717277487,0.4816753926701571,0.2513089005235602,0.6073298429319371
32e5ee42-9c82-4b9d-969f-4fc15fcd4c54,193,DAC,0.375,0.16666666666666666,0.4479166666666667,0.3229166666666667,0.53125,0.4791666666666667,0.4270833333333333,0.4791666666666667,0.25,0.6041666666666666
32e5ee42-9c82-4b9d-969f-4fc15fcd4c54,194,DAC,0.37305699481865284,0.16580310880829016,0.44559585492227977,0.32124352331606215,0.5284974093264249,0.47668393782383417,0.42487046632124353,0.49740932642487046,0.24870466321243523,0.6010362694300518
32e5ee42-9c82-4b9d-969f-4fc15fcd4c54,195,DAC,0.3711340206185567,0.16494845360824742,0.44329896907216493,0.3402061855670103,0.5257731958762887,0.4742268041237113,0.422680412371134,0.4948453608247423,0.24742268041237114,0.5979381443298969
32e5ee42-9c82-4b9d-969f-4fc15fcd4c54,196,DAC,0.36923076923076925,0.1641025641025641,0.441025641025641,0.3384615384615385,0.5230769230769231,0.4717948717948718,0.4205128205128205,0.5128205128205128,0.24615384615384617,0.5948717948717949
32e5ee42-9c82-4b9d-969f-4fc15fcd4c54,197,DAC,0.3673469387755102,0.16326530612244897,0.4387755102040816,0.336734693877551,0.5204081632653061,0.46938775510204084,0.41836734693877553,0.5306122448979592,0.24489795918367346,0.5918367346938775
32e5ee42-9c82-4b9d-969f-4fc15fcd4c54,198,DAC,0.36548223350253806,0.16243654822335024,0.4365482233502538,0.3350253807106599,0.5177664974619289,0.4873096446700508,0.41624365482233505,0.5279187817258884,0.2436548223350254,0.5888324873096447
32e5ee42-9c82-4b9d-969f-4fc15fcd4c54,199,DAC,0.36363636363636365,0.16161616161616163,0.43434343434343436,0.3333333333333333,0.5151515151515151,0.48484848484848486,0.41414141414141414,0.5252525252525253,0.24242424242424243,0.6161616161616161
32e5ee42-9c82-4b9d-969f-4fc15fcd4c54,200,DAC,0.36180904522613067,0.18090452261306533,0.4321608040201005,0.3316582914572864,0.5125628140703518,0.4824120603015075,0.4120603015075377,0.5226130653266332,0.24120603015075376,0.6130653266331658
32e5ee42-9c82-4b9d-969f-4fc15fcd4c54,201,DAC,0.36,0.18,0.43,0.33,0.51,0.48,0.41,0.52,0.26,0.61
32e5ee42-9c82-4b9d-969f-4fc15fcd4c54,202,DAC,0.3582089552238806,0.1791044776119403,0.44776119402985076,0.3283582089552239,0.5074626865671642,0.47761194029850745,0.4079601990049751,0.5174129353233831,0.25870646766169153,0.6069651741293532
32e5ee42-9c82-4b9d-969f-4fc15fcd4c54,203,DAC,0.37623762376237624,0.1782178217821782,0.44554455445544555,0.32673267326732675,0.504950495049505,0.4752475247524752,0.40594059405940597,0.5148514851485149,0.25742574257425743,0.6039603960396039
32e5ee42-9c82-4b9d-969f-4fc15fcd4c54,204,DAC,0.37438423645320196,0.17733990147783252,0.4433497536945813,0.3251231527093596,0.5024630541871922,0.4729064039408867,0.4039408866995074,0.5123152709359606,0.2561576354679803,0.6206896551724138
32e5ee42-9c82-4b9d-969f-4fc15fcd4c54,205,DAC,0.37254901960784315,0.19607843137254902,0.4411764705882353,0.3235294117647059,0.5,0.47058823529411764,0.4019607843137255,0.5098039215686274,0.2549019607843137,0.6176470588235294
32e5ee42-9c82-4b9d-969f-4fc15fcd4c54,206,DAC,0.37073170731707317,0.2146341463414634,0.43902439024390244,0.32195121951219513,0.4975609756097561,0.4682926829268293,0.4,0.5073170731707317,0.25365853658536586,0.6146341463414634
32e5ee42-9c82-4b9d-969f-4fc15fcd4c54,207,DAC,0.36893203883495146,0.21359223300970873,0.4368932038834951,0.32038834951456313,0.49514563106796117,0.46601941747572817,0.39805825242718446,0.5242718446601942,0.2524271844660194,0.6116504854368932
32e5ee42-9c82-4b9d-969f-4fc15fcd4c54,208,DAC,0.3671497584541063,0.21256038647342995,0.43478260869565216,0.3188405797101449,0.4927536231884058,0.463768115942029,0.3961352657004831,0.5410628019323671,0.25120772946859904,0.6086956521739131
32e5ee42-9c82-4b9d-969f-4fc15fcd4c54,209,DAC,0.36538461538461536,0.21153846153846154,0.4326923076923077,0.3173076923076923,0.49038461538461536,0.46153846153846156,0.3942307692307692,0.5384615384615384,0.25,0.625
32e5ee42-9c82-4b9d-969f-4fc15fcd4c54,210,DAC,0.36363636363636365,0.21052631578947367,0.430622009569378,0.3157894736842105,0.4880382775119617,0.4784688995215311,0.3923444976076555,0.5358851674641149,0.24880382775119617,0.6220095693779905
32e5ee42-9c82-4b9d-969f-4fc15fcd4c54,211,DAC,0.38095238095238093,0.20952380952380953,0.42857142857142855,0.3142857142857143,0.4857142857142857,0.47619047619047616,0.3904761904761905,0.5333333333333333,0.24761904761904763,0.6190476190476191
32e5ee42-9c82-4b9d-969f-4fc15fcd4c54,212,DAC,0.3791469194312796,0.20853080568720378,0.4265402843601896,0.3127962085308057,0.4834123222748815,0.47393364928909953,0.3886255924170616,0.5308056872037915,0.26540284360189575,0.6161137440758294
32e5ee42-9c82-4b9d-969f-4fc15fcd4c54,213,DAC,0.39622641509433965,0.20754716981132076,0.42452830188679247,0.3113207547169811,0.4811320754716981,0.4716981132075472,0.3867924528301887,0.5283018867924528,0.2641509433962264,0.6132075471698113
32e5ee42-9c82-4b9d-969f-4fc15fcd4c54,214,DAC,0.4131455399061033,0.20657276995305165,0.4225352112676056,0.30985915492957744,0.4788732394366197,0.4694835680751174,0.38497652582159625,0.5258215962441315,0.26291079812206575,0.6103286384976526
32e5ee42-9c82-4b9d-969f-4fc15fcd4c54,215,DAC,0.411214953271028,0.205607476635514,0.4205607476635514,0.308411214953271,0.4766355140186916,0.4672897196261682,0.38317757009345793,0.5420560747663551,0.2616822429906542,0.6074766355140186
32e5ee42-9c82-4b9d-969f-4fc15fcd4c54,216,DAC,0.40930232558139534,0.20465116279069767,0.4186046511627907,0.30697674418604654,0.4744186046511628,0.46511627906976744,0.3813953488372093,0.5395348837209303,0.26046511627906976,0.6232558139534884
32e5ee42-9c82-4b9d-969f-4fc15fcd4c54,217,DAC,0.4074074074074074,0.2037037037037037,0.4351851851851852,0.3055555555555556,0.4722222222222222,0.46296296296296297,0.37962962962962965,0.5370370370370371,0.25925925925925924,0.6203703703703703
32e5ee42-9c82-4b9d-969f-4fc15fcd4c54,218,DAC,0.4055299539170507,0.20276497695852536,0.45161290322580644,0.30414746543778803,0.4700460829493088,0.4608294930875576,0.3778801843317972,0.5345622119815668,0.25806451612903225,0.6175115207373272
32e5ee42-9c82-4b9d-969f-4fc15fcd4c54,219,DAC,0.4036697247706422,0.2018348623853211,0.44954128440366975,0.30275229357798167,0.48623853211009177,0.45871559633027525,0.3761467889908257,0.5321100917431193,0.25688073394495414,0.6146788990825688
32e5ee42-9c82-4b9d-969f-4fc15fcd4c54,220,DAC,0.4018264840182648,0.2009132420091324,0.4474885844748858,0.3013698630136986,0.4840182648401826,0.45662100456621,0.3926940639269406,0.5296803652968036,0.2557077625570776,0.6118721461187214
32e5ee42-9c82-4b9d-969f-4fc15fcd4c54,221,DAC,0.4,0.2,0.44545454545454544,0.3,0.509090909090909,0.45454545454545453,0.39090909090909093,0.5272727272727272,0.2545454545454545,0.6090909090909091
32e5ee42-9c82-4b9d-969f-4fc15fcd4c54,222,DAC,0.39819004524886875,0.19909502262443438,0.4434389140271493,0.2986425339366516,0.5067873303167421,0.47058823529411764,0.3891402714932127,0.5248868778280543,0.25339366515837103,0.6063348416289592
32e5ee42-9c82-4b9d-969f-4fc15fcd4c54,223,DAC,0.4144144144144144,0.1981981981981982,0.44144144144144143,0.2972972972972973,0.5045045045045045,0.46846846846846846,0.38738738738738737,0.5225225225225225,0.25225225225225223,0.6036036036036037
32e5ee42-9c82-4b9d-969f-4fc15fcd4c54,224,DAC,0.4125560538116592,0.19730941704035873,0.43946188340807174,0.29596412556053814,0.5022421524663677,0.4663677130044843,0.38565022421524664,0.5381165919282511,0.25112107623318386,0.600896860986547
32e5ee42-9c82-4b9d-969f-4fc15fcd4c54,225,DAC,0.42857142857142855,0.19642857142857142,0.4375,0.29464285714285715,0.5,0.4642857142857143,0.38392857142857145,0.5357142857142857,0.25,0.5982142857142857
32e5ee42-9c82-4b9d-969f-4fc15fcd4c54,226,DAC,0.4266666666666667,0.19555555555555557,0.4533333333333333,0.29333333333333333,0.49777777777777776,0.4622222222222222,0.38222222222222224,0.5333333333333333,0.24888888888888888,0.5955555555555555
32e5ee42-9c82-4b9d-969f-4fc15fcd4c54,227,DAC,0.4247787610619469,0.19469026548672566,0.45132743362831856,0.2920353982300885,0.49557522123893805,0.46017699115044247,0.39823008849557523,0.5309734513274337,0.24778761061946902,0.5929203539823009
32e5ee42-9c82-4b9d-969f-4fc15fcd4c54,228,DAC,0.42290748898678415,0.19383259911894274,0.44933920704845814,0.2907488986784141,0.4933920704845815,0.4581497797356828,0.3964757709251101,0.5286343612334802,0.2643171806167401,0.5903083700440529
32e5ee42-9c82-4b9d-969f-4fc15fcd4c54,229,DAC,0.42105263157894735,0.19298245614035087,0.4473684210526316,0.2894736842105263,0.49122807017543857,0.45614035087719296,0.39473684210526316,0.5263157894736842,0.2631578947368421,0.6052631578947368
32e5ee42-9c82-4b9d-969f-4fc15fcd4c54,230,DAC,0.4192139737991266,0.19213973799126638,0.44541484716157204,0.28820960698689957,0.4890829694323144,0.45414847161572053,0.3930131004366812,0.5240174672489083,0.2794759825327511,0.6026200873362445
32e5ee42-9c82-4b9d-969f-4fc15fcd4c54,231,DAC,0.41739130434782606,0.19130434782608696,0.4434782608695652,0.28695652173913044,0.48695652173913045,0.45217391304347826,0.40869565217391307,0.5217391304347826,0.2782608695652174,0.6
32e5ee42-9c82-4b9d-969f-4fc15fcd4c54,232,DAC,0.4155844155844156,0.19047619047619047,0.44155844155844154,0.2857142857142857,0.48484848484848486,0.45021645021645024,0.4069264069264069,0.5194805194805194,0.2943722943722944,0.5974025974025974
32e5ee42-9c82-4b9d-969f-4fc15fcd4c54,233,DAC,0.43103448275862066,0.1896551724137931,0.4396551724137931,0.28448275862068967,0.4827586206896552,0.4482758620689655,0.4051724137931034,0.5172413793103449,0.29310344827586204,0.5948275862068966
32e5ee42-9c82-4b9d-969f-4fc15fcd4c54,234,DAC,0.44635193133047213,0.1888412017167382,0.43776824034334766,0.2832618025751073,0.48068669527896996,0.44635193133047213,0.4034334763948498,0.5150214592274678,0.2918454935622318,0.592274678111588
32e5ee42-9c82-4b9d-969f-4fc15fcd4c54,235,DAC,0.46153846153846156,0.18803418803418803,0.4358974358974359,0.28205128205128205,0.47863247863247865,0.4444444444444444,0.4017094017094017,0.5128205128205128,0.2905982905982906,0.5897435897435898
32e5ee42-9c82-4b9d-969f-4fc15fcd4c54,236,DAC,0.4595744680851064,0.18723404255319148,0.451063829787234,0.28085106382978725,0.4765957446808511,0.4425531914893617,0.4,0.5106382978723404,0.28936170212765955,0.5872340425531914
32e5ee42-9c82-4b9d-969f-4fc15fcd4c54,237,DAC,0.4745762711864407,0.1864406779661017,0.4491525423728814,0.2796610169491525,0.4745762711864407,0.4406779661016949,0.3983050847457627,0.5084745762711864,0.288135593220339,0.5847457627118644
32e5ee42-9c82-4b9d-969f-4fc15fcd4c54,238,DAC,0.47257383966244726,0.18565400843881857,0.4472573839662447,0.27848101265822783,0.47257383966244726,0.4388185654008439,0.39662447257383965,0.5232067510548524,0.2869198312236287,0.5822784810126582
32e5ee42-9c82-4b9d-969f-4fc15fcd4c54,239,DAC,0.47058823529411764,0.18487394957983194,0.44537815126050423,0.2773109243697479,0.48739495798319327,0.4369747899159664,0.3949579831932773,0.5210084033613446,0.2857142857142857,0.5798319327731093
32e5ee42-9c82-4b9d-969f-4fc15fcd4c54,240,DAC,0.4686192468619247,0.18410041841004185,0.4435146443514644,0.27615062761506276,0.48535564853556484,0.4351464435146444,0.4100418410041841,0.5188284518828452,0.28451882845188287,0.5774058577405857
32e5ee42-9c82-4b9d-969f-4fc15fcd4c54,241,DAC,0.4666666666666667,0.18333333333333332,0.44166666666666665,0.275,0.48333333333333334,0.45,0.4083333333333333,0.5166666666666667,0.2833333333333333,0.575
32e5ee42-9c82-4b9d-969f-4fc15fcd4c54,242,DAC,0.46473029045643155,0.1825726141078838,0.43983402489626555,0.27385892116182575,0.48132780082987553,0.44813278008298757,0.42323651452282157,0.5145228215767634,0.2821576763485477,0.5726141078838174
32e5ee42-9c82-4b9d-969f-4fc15fcd4c54,243,DAC,0.4628099173553719,0.18181818181818182,0.4380165289256198,0.2727272727272727,0.4793388429752066,0.47107438016528924,0.4214876033057851,0.512396694214876,0.2809917355371901,0.5702479338842975
32e5ee42-9c82-4b9d-969f-4fc15fcd4c54,244,DAC,0.4609053497942387,0.18106995884773663,0.43621399176954734,0.2880658436213992,0.4773662551440329,0.4691358024691358,0.41975308641975306,0.5102880658436214,0.27983539094650206,0.5679012345679012
32e5ee42-9c82-4b9d-969f-4fc15fcd4c54,245,DAC,0.45901639344262296,0.18032786885245902,0.45081967213114754,0.28688524590163933,0.47540983606557374,0.4672131147540984,0.4180327868852459,0.5081967213114754,0.2786885245901639,0.5655737704918032
32e5ee42-9c82-4b9d-969f-4fc15fcd4c54,246,DAC,0.47346938775510206,0.17959183673469387,0.4489795918367347,0.2857142857142857,0.47346938775510206,0.46530612244897956,0.4163265306122449,0.5061224489795918,0.27755102040816326,0.563265306122449
32e5ee42-9c82-4b9d-969f-4fc15fcd4c54,247,DAC,0.4715447154471545,0.17886178861788618,0.44715447154471544,0.2845528455284553,0.4715447154471545,0.4634146341463415,0.4146341463414634,0.5040650406504065,0.2926829268292683,0.5609756097560976
32e5ee42-9c82-4b9d-969f-4fc15fcd4c54,248,DAC,0.46963562753036436,0.17813765182186234,0.44534412955465585,0.2834008097165992,0.48582995951417,0.46153846153846156,0.41295546558704455,0.5020242914979757,0.291497975708502,0.5587044534412956
32e5ee42-9c82-4b9d-969f-4fc15fcd4c54,249,DAC,0.46774193548387094,0.1935483870967742,0.4435483870967742,0.28225806451612906,0.4838709677419355,0.4596774193548387,0.4112903225806452,0.5,0.2903225806451613,0.5564516129032258
32e5ee42-9c82-4b9d-969f-4fc15fcd4c54,250,DAC,0.46586345381526106,0.1927710843373494,0.44176706827309237,0.28112449799196787,0.4979919678714859,0.4578313253012048,0.40963855421686746,0.4979919678714859,0.2891566265060241,0.5542168674698795
32e5ee42-9c82-4b9d-969f-4fc15fcd4c54,251,DAC,0.464,0.208,0.44,0.28,0.496,0.456,0.408,0.496,0.288,0.552
32e5ee42-9c82-4b9d-969f-4fc15fcd4c54,252,DAC,0.46215139442231074,0.20717131474103587,0.43824701195219123,0.2788844621513944,0.4940239043824701,0.4541832669322709,0.4063745019920319,0.4940239043824701,0.30278884462151395,0.549800796812749
32e5ee42-9c82-4b9d-969f-4fc15fcd4c54,253,DAC,0.4603174603174603,0.20634920634920634,0.4365079365079365,0.2777777777777778,0.49206349206349204,0.4523809523809524,0.40476190476190477,0.49206349206349204,0.31746031746031744,0.5476190476190477
32e5ee42-9c82-4b9d-969f-4fc15fcd4c54,254,DAC,0.4743083003952569,0.20553359683794467,0.43478260869565216,0.2766798418972332,0.4901185770750988,0.4505928853754941,0.4031620553359684,0.4901185770750988,0.31620553359683795,0.5454545454545454
32e5ee42-9c82-4b9d-969f-4fc15fcd4c54,255,DAC,0.47244094488188976,0.2047244094488189,0.44881889763779526,0.2755905511811024,0.4881889763779528,0.44881889763779526,0.4015748031496063,0.4881889763779528,0.31496062992125984,0.5433070866141733
32e5ee42-9c82-4b9d-969f-4fc15fcd4c54,256,DAC,0.47058823529411764,0.20392156862745098,0.4470588235294118,0.27450980392156865,0.48627450980392156,0.4470588235294118,0.41568627450980394,0.48627450980392156,0.3137254901960784,0.5411764705882353
32e5ee42-9c82-4b9d-969f-4fc15fcd4c54,257,DAC,0.46875,0.21875,0.4453125,0.2734375,0.484375,0.4453125,0.4140625,0.484375,0.3125,0.5390625
32e5ee42-9c82-4b9d-969f-4fc15fcd4c54,258,DAC,0.4669260700389105,0.2178988326848249,0.44357976653696496,0.2723735408560311,0.48249027237354086,0.44357976653696496,0.4280155642023346,0.48249027237354086,0.311284046692607,0.5369649805447471
32e5ee42-9c82-4b9d-969f-4fc15fcd4c54,259,DAC,0.46511627906976744,0.23255813953488372,0.4418604651162791,0.2713178294573643,0.4806201550387597,0.4418604651162791,0.4263565891472868,0.4806201550387597,0.31007751937984496,0.5348837209302325
32e5ee42-9c82-4b9d-969f-4fc15fcd4c54,260,DAC,0.47876447876447875,0.23166023166023167,0.44015444015444016,0.2702702702702703,0.47876447876447875,0.44015444015444016,0.4247104247104247,0.47876447876447875,0.3088803088803089,0.5328185328185329
32e5ee42-9c82-4b9d-969f-4fc15fcd4c54,261,DAC,0.49230769230769234,0.23076923076923078,0.43846153846153846,0.2692307692307692,0.47692307692307695,0.43846153846153846,0.4230769230769231,0.47692307692307695,0.3076923076923077,0.5307692307692308
32e5ee42-9c82-4b9d-969f-4fc15fcd4c54,262,DAC,0.4904214559386973,0.22988505747126436,0.4367816091954023,0.2681992337164751,0.47509578544061304,0.4367816091954023,0.421455938697318,0.47509578544061304,0.3065134099616858,0.5440613026819924
32e5ee42-9c82-4b9d-969f-4fc15fcd4c54,263,DAC,0.48854961832061067,0.22900763358778625,0.4351145038167939,0.26717557251908397,0.4732824427480916,0.4351145038167939,0.4351145038167939,0.4732824427480916,0.3053435114503817,0.5419847328244275
32e5ee42-9c82-4b9d-969f-4fc15fcd4c54,264,DAC,0.4866920152091255,0.22813688212927757,0.43346007604562736,0.2661596958174905,0.4714828897338403,0.43346007604562736,0.43346007604562736,0.4866920152091255,0.3041825095057034,0.5399239543726235
32e5ee42-9c82-4b9d-969f-4fc15fcd4c54,265,DAC,0.48484848484848486,0.22727272727272727,0.45454545454545453,0.26515151515151514,0.4696969696969697,0.4318181818181818,0.4318181818181818,0.48484848484848486,0.30303030303030304,0.5378787878787878
32e5ee42-9c82-4b9d-969f-4fc15fcd4c54,266,DAC,0.4830188679245283,0.22641509433962265,0.4679245283018868,0.2641509433962264,0.4679245283018868,0.43018867924528303,0.43018867924528303,0.4830188679245283,0.3018867924528302,0.5358490566037736
32e5ee42-9c82-4b9d-969f-4fc15fcd4c54,267,DAC,0.48120300751879697,0.22556390977443608,0.46616541353383456,0.2781954887218045,0.46616541353383456,0.42857142857142855,0.42857142857142855,0.48120300751879697,0.3007518796992481,0.5338345864661654
32e5ee42-9c82-4b9d-969f-4fc15fcd4c54,268,DAC,0.4794007490636704,0.2247191011235955,0.46441947565543074,0.27715355805243447,0.46441947565543074,0.42696629213483145,0.42696629213483145,0.4794007490636704,0.299625468164794,0.5468164794007491
32e5ee42-9c82-4b9d-969f-4fc15fcd4c54,269,DAC,0.47761194029850745,0.22388059701492538,0.4626865671641791,0.27611940298507465,0.4626865671641791,0.44029850746268656,0.4253731343283582,0.47761194029850745,0.29850746268656714,0.5447761194029851
32e5ee42-9c82-4b9d-969f-4fc15fcd4c54,270,DAC,0.4758364312267658,0.22304832713754646,0.46096654275092935,0.275092936802974,0.46096654275092935,0.45353159851301117,0.42379182156133827,0.4758364312267658,0.29739776951672864,0.5427509293680297
32e5ee42-9c82-4b9d-969f-4fc15fcd4c54,271,DAC,0.4740740740740741,0.2222222222222222,0.4740740740740741,0.2740740740740741,0.45925925925925926,0.45185185185185184,0.4222222222222222,0.4740740740740741,0.2962962962962963,0.5407407407407407
32e5ee42-9c82-4b9d-969f-4fc15fcd4c54,272,DAC,0.47232472324723246,0.22140221402214022,0.47232472324723246,0.2730627306273063,0.4575645756457565,0.45018450184501846,0.4354243542435424,0.47232472324723246,0.2952029520295203,0.5387453874538746
32e5ee42-9c82-4b9d-969f-4fc15fcd4c54,273,DAC,0.47058823529411764,0.23529411764705882,0.47058823529411764,0.27205882352941174,0.45588235294117646,0.4485294117647059,0.4338235294117647,0.47058823529411764,0.29411764705882354,0.5367647058823529
32e5ee42-9c82-4b9d-969f-4fc15fcd4c54,274,DAC,0.46886446886446886,0.23443223443223443,0.46886446886446886,0.27106227106227104,0.4542124542124542,0.4468864468864469,0.43223443223443225,0.4835164835164835,0.29304029304029305,0.5347985347985348
32e5ee42-9c82-4b9d-969f-4fc15fcd4c54,275,DAC,0.46715328467153283,0.23357664233576642,0.46715328467153283,0.27007299270072993,0.45255474452554745,0.44525547445255476,0.4306569343065693,0.48175182481751827,0.291970802919708,0.5474452554744526
32e5ee42-9c82-4b9d-969f-4fc15fcd4c54,276,DAC,0.48,0.23272727272727273,0.46545454545454545,0.2690909090909091,0.4509090909090909,0.44363636363636366,0.4290909090909091,0.48,0.2909090909090909,0.5454545454545454
32e5ee42-9c82-4b9d-969f-4fc15fcd4c54,277,DAC,0.4782608695652174,0.2318840579710145,0.463768115942029,0.26811594202898553,0.4492753623188406,0.4420289855072464,0.427536231884058,0.4782608695652174,0.30434782608695654,0.5434782608695652
32e5ee42-9c82-4b9d-969f-4fc15fcd4c54,278,DAC,0.47653429602888087,0.23104693140794225,0.4620938628158845,0.26714801444043323,0.44765342960288806,0.4404332129963899,0.4404332129963899,0.47653429602888087,0.30324909747292417,0.5415162454873647
32e5ee42-9c82-4b9d-969f-4fc15fcd4c54,279,DAC,0.4892086330935252,0.2302158273381295,0.460431654676259,0.26618705035971224,0.4460431654676259,0.43884892086330934,0.43884892086330934,0.4748201438848921,0.302158273381295,0.539568345323741
32e5ee42-9c82-4b9d-969f-4fc15fcd4c54,280,DAC,0.4874551971326165,0.22939068100358423,0.45878136200716846,0.26523297491039427,0.4444444444444444,0.43727598566308246,0.45161290322580644,0.4731182795698925,0.3010752688172043,0.5376344086021505
32e5ee42-9c82-4b9d-969f-4fc15fcd4c54,281,DAC,0.4857142857142857,0.22857142857142856,0.45714285714285713,0.2642857142857143,0.44285714285714284,0.4357142857142857,0.45,0.4714285714285714,0.3142857142857143,0.5357142857142857
32e5ee42-9c82-4b9d-969f-4fc15fcd4c54,282,DAC,0.48398576512455516,0.2277580071174377,0.4555160142348754,0.26334519572953735,0.4412811387900356,0.43416370106761565,0.4483985765124555,0.48398576512455516,0.31316725978647686,0.5338078291814946
32e5ee42-9c82-4b9d-969f-4fc15fcd4c54,283,DAC,0.48226950354609927,0.22695035460992907,0.46808510638297873,0.2624113475177305,0.4397163120567376,0.4326241134751773,0.44680851063829785,0.48226950354609927,0.3120567375886525,0.5319148936170213
32e5ee42-9c82-4b9d-969f-4fc15fcd4c54,284,DAC,0.49469964664310956,0.22614840989399293,0.4664310954063604,0.26148409893992935,0.4381625441696113,0.43109540636042404,0.4452296819787986,0.48056537102473496,0.31095406360424027,0.5300353356890459
32e5ee42-9c82-4b9d-969f-4fc15fcd4c54,285,DAC,0.49295774647887325,0.22535211267605634,0.4647887323943662,0.2605633802816901,0.43661971830985913,0.4295774647887324,0.44366197183098594,0.49295774647887325,0.30985915492957744,0.528169014084507
32e5ee42-9c82-4b9d-969f-4fc15fcd4c54,286,DAC,0.49122807017543857,0.22456140350877193,0.4631578947368421,0.2596491228070175,0.43508771929824563,0.4280701754385965,0.4421052631578947,0.49122807017543857,0.32280701754385965,0.5263157894736842
32e5ee42-9c82-4b9d-969f-4fc15fcd4c54,287,DAC,0.48951048951048953,0.22377622377622378,0.46153846153846156,0.25874125874125875,0.43356643356643354,0.42657342657342656,0.4405594405594406,0.5104895104895105,0.32167832167832167,0.5244755244755245
32e5ee42-9c82-4b9d-969f-4fc15fcd4c54,288,DAC,0.4878048780487805,0.2229965156794425,0.45993031358885017,0.2578397212543554,0.43205574912891986,0.4250871080139373,0.4529616724738676,0.5087108013937283,0.3205574912891986,0.5226480836236934
32e5ee42-9c82-4b9d-969f-4fc15fcd4c54,289,DAC,0.4861111111111111,0.2222222222222222,0.4583333333333333,0.2569444444444444,0.4305555555555556,0.4236111111111111,0.4513888888888889,0.5069444444444444,0.3333333333333333,0.5208333333333334
32e5ee42-9c82-4b9d-969f-4fc15fcd4c54,290,DAC,0.4844290657439446,0.22145328719723184,0.45674740484429066,0.2698961937716263,0.4290657439446367,0.42214532871972316,0.44982698961937717,0.5051903114186851,0.33217993079584773,0.5190311418685121
32e5ee42-9c82-4b9d-969f-4fc15fcd4c54,291,DAC,0.496551724137931,0.2206896551724138,0.45517241379310347,0.2689655172413793,0.42758620689655175,0.4206896551724138,0.4482758620689655,0.503448275862069,0.3310344827586207,0.5172413793103449
32e5ee42-9c82-4b9d-969f-4fc15fcd4c54,292,DAC,0.5085910652920962,0.21993127147766323,0.4536082474226804,0.26804123711340205,0.4261168384879725,0.41924398625429554,0.44673539518900346,0.5017182130584192,0.32989690721649484,0.5154639175257731
32e5ee42-9c82-4b9d-969f-4fc15fcd4c54,293,DAC,0.5068493150684932,0.2191780821917808,0.4520547945205479,0.2808219178082192,0.4246575342465753,0.4178082191780822,0.4452054794520548,0.5,0.3287671232876712,0.5136986301369864
32e5ee42-9c82-4b9d-969f-4fc15fcd4c54,294,DAC,0.5051194539249146,0.21843003412969283,0.45051194539249145,0.27986348122866894,0.4232081911262799,0.41638225255972694,0.44368600682593856,0.49829351535836175,0.3412969283276451,0.5119453924914675
32e5ee42-9c82-4b9d-969f-4fc15fcd4c54,295,DAC,0.5034013605442177,0.21768707482993196,0.46258503401360546,0.2789115646258503,0.4217687074829932,0.41496598639455784,0.4421768707482993,0.4965986394557823,0.3401360544217687,0.5102040816326531
32e5ee42-9c82-4b9d-969f-4fc15fcd4c54,296,DAC,0.5152542372881356,0.21694915254237288,0.4610169491525424,0.27796610169491526,0.42033898305084744,0.4135593220338983,0.4406779661016949,0.49491525423728816,0.3389830508474576,0.5084745762711864
32e5ee42-9c82-4b9d-969f-4fc15fcd4c54,297,DAC,0.5135135135135135,0.22972972972972974,0.4594594594594595,0.27702702702702703,0.4189189189189189,0.41216216216216217,0.4391891891891892,0.49324324324324326,0.33783783783783783,0.5067567567567568
32e5ee42-9c82-4b9d-969f-4fc15fcd4c54,298,DAC,0.5117845117845118,0.22895622895622897,0.45791245791245794,0.2760942760942761,0.4175084175084175,0.4107744107744108,0.4511784511784512,0.49158249158249157,0.3367003367003367,0.5050505050505051
32e5ee42-9c82-4b9d-969f-4fc15fcd4c54,299,DAC,0.5100671140939598,0.22818791946308725,0.4563758389261745,0.2751677852348993,0.4161073825503356,0.40939597315436244,0.44966442953020136,0.5033557046979866,0.33557046979865773,0.5033557046979866
32e5ee42-9c82-4b9d-969f-4fc15fcd4c54,300,DAC,0.5083612040133779,0.22742474916387959,0.45484949832775917,0.27424749163879597,0.41471571906354515,0.4214046822742475,0.44816053511705684,0.5016722408026756,0.33444816053511706,0.5016722408026756
32e5ee42-9c82-4b9d-969f-4fc15fcd4c54,301,DAC,0.52,0.22666666666666666,0.4533333333333333,0.2733333333333333,0.41333333333333333,0.42,0.44666666666666666,0.5,0.3333333333333333,0.5
32e5ee42-9c82-4b9d-969f-4fc15fcd4c54,302,DAC,0.5182724252491694,0.22591362126245848,0.45182724252491696,0.2857142857142857,0.4119601328903654,0.4186046511627907,0.44518272425249167,0.4983388704318937,0.33222591362126247,0.4983388704318937
32e5ee42-9c82-4b9d-969f-4fc15fcd4c54,303,DAC,0.5165562913907285,0.2251655629139073,0.46357615894039733,0.2847682119205298,0.4105960264900662,0.41721854304635764,0.44370860927152317,0.4966887417218543,0.33112582781456956,0.4966887417218543
32e5ee42-9c82-4b9d-969f-4fc15fcd4c54,304,DAC,0.5148514851485149,0.22442244224422442,0.46204620462046203,0.2838283828382838,0.40924092409240925,0.4158415841584158,0.44224422442244227,0.5082508250825083,0.33003300330033003,0.49504950495049505
32e5ee42-9c82-4b9d-969f-4fc15fcd4c54,305,DAC,0.5131578947368421,0.2236842105263158,0.4605263157894737,0.28289473684210525,0.42105263157894735,0.4144736842105263,0.4407894736842105,0.506578947368421,0.32894736842105265,0.4934210526315789
32e5ee42-9c82-4b9d-969f-4fc15fcd4c54,306,DAC,0.5114754098360655,0.22295081967213115,0.45901639344262296,0.2819672131147541,0.419672131147541,0.4262295081967213,0.43934426229508194,0.5049180327868853,0.32786885245901637,0.4918032786885246
32e5ee42-9c82-4b9d-969f-4fc15fcd4c54,307,DAC,0.5098039215686274,0.23529411764705882,0.45751633986928103,0.28104575163398693,0.41830065359477125,0.42483660130718953,0.43790849673202614,0.5032679738562091,0.32679738562091504,0.49019607843137253
32e5ee42-9c82-4b9d-969f-4fc15fcd4c54,308,DAC,0.50814332247557,0.23452768729641693,0.4560260586319218,0.28013029315960913,0.4169381107491857,0.4234527687296417,0.4364820846905538,0.501628664495114,0.3257328990228013,0.501628664495114
32e5ee42-9c82-4b9d-969f-4fc15fcd4c54,309,DAC,0.5064935064935064,0.23376623376623376,0.474025974025974,0.2792207792207792,0.4155844155844156,0.42207792207792205,0.43506493506493504,0.5,0.3246753246753247,0.5
32e5ee42-9c82-4b9d-969f-4fc15fcd4c54,310,DAC,0.5048543689320388,0.23300970873786409,0.47249190938511326,0.2783171521035599,0.41423948220064727,0.42071197411003236,0.44660194174757284,0.49838187702265374,0.32362459546925565,0.49838187702265374
32e5ee42-9c82-4b9d-969f-4fc15fcd4c54,311,DAC,0.5032258064516129,0.24516129032258063,0.47096774193548385,0.27741935483870966,0.4129032258064516,0.41935483870967744,0.44516129032258067,0.4967741935483871,0.3225806451612903,0.4967741935483871
32e5ee42-9c82-4b9d-969f-4fc15fcd4c54,312,DAC,0.5016077170418006,0.24437299035369775,0.4694533762057878,0.2765273311897106,0.4115755627009646,0.4180064308681672,0.4437299035369775,0.5080385852090032,0.3215434083601286,0.49517684887459806
32e5ee42-9c82-4b9d-969f-4fc15fcd4c54,313,DAC,0.5,0.24358974358974358,0.4807692307692308,0.27564102564102566,0.41025641025641024,0.4166666666666667,0.4423076923076923,0.5064102564102564,0.32051282051282054,0.4935897435897436
32e5ee42-9c82-4b9d-969f-4fc15fcd4c54,314,DAC,0.4984025559105431,0.24281150159744408,0.4792332268370607,0.2747603833865815,0.40894568690095845,0.41533546325878595,0.4536741214057508,0.5047923322683706,0.3194888178913738,0.49201277955271566
32e5ee42-9c82-4b9d-969f-4fc15fcd4c54,315,DAC,0.4968152866242038,0.24203821656050956,0.47770700636942676,0.28662420382165604,0.40764331210191085,0.4140127388535032,0.45222929936305734,0.5031847133757962,0.3184713375796178,0.49044585987261147
32e5ee42-9c82-4b9d-969f-4fc15fcd4c54,316,DAC,0.49523809523809526,0.24126984126984127,0.4888888888888889,0.2857142857142857,0.40634920634920635,0.4126984126984127,0.4507936507936508,0.5015873015873016,0.31746031746031744,0.4888888888888889
32e5ee42-9c82-4b9d-969f-4fc15fcd4c54,317,DAC,0.5063291139240507,0.24050632911392406,0.4873417721518987,0.2848101265822785,0.4050632911392405,0.41139240506329117,0.44936708860759494,0.5,0.31645569620253167,0.4873417721518987
32e5ee42-9c82-4b9d-969f-4fc15fcd4c54,318,DAC,0.5047318611987381,0.23974763406940064,0.48580441640378547,0.29652996845425866,0.4037854889589905,0.41009463722397477,0.4479495268138801,0.49842271293375395,0.31545741324921134,0.48580441640378547
32e5ee42-9c82-4b9d-969f-4fc15fcd4c54,319,DAC,0.5031446540880503,0.2389937106918239,0.48427672955974843,0.29559748427672955,0.4025157232704403,0.4088050314465409,0.4591194968553459,0.4968553459119497,0.31446540880503143,0.48427672955974843
32e5ee42-9c82-4b9d-969f-4fc15fcd4c54,320,DAC,0.5015673981191222,0.23824451410658307,0.4827586206896552,0.2946708463949843,0.4012539184952978,0.40752351097178685,0.45768025078369906,0.5078369905956113,0.31347962382445144,0.4827586206896552
32e5ee42-9c82-4b9d-969f-4fc15fcd4c54,321,DAC,0.5,0.2375,0.48125,0.29375,0.4125,0.40625,0.45625,0.50625,0.3125,0.48125
32e5ee42-9c82-4b9d-969f-4fc15fcd4c54,322,DAC,0.4984423676012461,0.24922118380062305,0.4797507788161994,0.29283489096573206,0.411214953271028,0.40498442367601245,0.45482866043613707,0.5046728971962616,0.3115264797507788,0.4797507788161994
32e5ee42-9c82-4b9d-969f-4fc15fcd4c54,323,DAC,0.4968944099378882,0.2484472049689441,0.4782608695652174,0.2919254658385093,0.40993788819875776,0.40372670807453415,0.453416149068323,0.5031055900621118,0.3105590062111801,0.4906832298136646
32e5ee42-9c82-4b9d-969f-4fc15fcd4c54,324,DAC,0.4953560371517028,0.2476780185758514,0.47678018575851394,0.30340557275541796,0.4086687306501548,0.4024767801857585,0.4520123839009288,0.5015479876160991,0.30959752321981426,0.4891640866873065
32e5ee42-9c82-4b9d-969f-4fc15fcd4c54,325,DAC,0.49382716049382713,0.24691358024691357,0.47530864197530864,0.30246913580246915,0.4074074074074074,0.4012345679012346,0.4506172839506173,0.5,0.30864197530864196,0.5
32e5ee42-9c82-4b9d-969f-4fc15fcd4c54,326,DAC,0.49230769230769234,0.24615384615384617,0.47384615384615386,0.30153846153846153,0.41846153846153844,0.4,0.4492307692307692,0.49846153846153846,0.3076923076923077,0.49846153846153846
32e5ee42-9c82-4b9d-969f-4fc15fcd4c54,327,DAC,0.49079754601226994,0.24539877300613497,0.4723926380368098,0.3006134969325153,0.4171779141104294,0.3987730061349693,0.44785276073619634,0.49693251533742333,0.3067484662576687,0.50920245398773
32e5ee42-9c82-4b9d-969f-4fc15fcd4c54,328,DAC,0.4892966360856269,0.24464831804281345,0.4709480122324159,0.2996941896024465,0.41590214067278286,0.39755351681957185,0.44648318042813456,0.4954128440366973,0.3180428134556575,0.5076452599388379
32e5ee42-9c82-4b9d-969f-4fc15fcd4c54,329,DAC,0.5,0.24390243902439024,0.4695121951219512,0.29878048780487804,0.4146341463414634,0.39634146341463417,0.4451219512195122,0.49390243902439024,0.3170731707317073,0.5060975609756098
32e5ee42-9c82-4b9d-969f-4fc15fcd4c54,330,DAC,0.49848024316109424,0.2553191489361702,0.46808510638297873,0.2978723404255319,0.4133738601823708,0.3951367781155015,0.44376899696048633,0.49240121580547114,0.3161094224924012,0.5045592705167173
32e5ee42-9c82-4b9d-969f-4fc15fcd4c54,331,DAC,0.49696969696969695,0.2727272727272727,0.4666666666666667,0.296969696969697,0.4121212121212121,0.3939393939393939,0.44242424242424244,0.4909090909090909,0.3151515151515151,0.503030303030303
32e5ee42-9c82-4b9d-969f-4fc15fcd4c54,332,DAC,0.4954682779456193,0.2719033232628399,0.4652567975830816,0.29607250755287007,0.4108761329305136,0.39274924471299094,0.44108761329305135,0.48942598187311176,0.31419939577039274,0.513595166163142
32e5ee42-9c82-4b9d-969f-4fc15fcd4c54,333,DAC,0.4939759036144578,0.2710843373493976,0.463855421686747,0.29518072289156627,0.42168674698795183,0.39156626506024095,0.4397590361445783,0.4879518072289157,0.3132530120481928,0.5120481927710844
32e5ee42-9c82-4b9d-969f-4fc15fcd4c54,334,DAC,0.4924924924924925,0.2702702702702703,0.4624624624624625,0.29429429429429427,0.42042042042042044,0.39039039039039036,0.43843843843843844,0.4864864864864865,0.3123123123123123,0.5225225225225225
32e5ee42-9c82-4b9d-969f-4fc15fcd4c54,335,DAC,0.5029940119760479,0.2694610778443114,0.46107784431137727,0.2934131736526946,0.41916167664670656,0.38922155688622756,0.437125748502994,0.48502994011976047,0.31137724550898205,0.5209580838323353
32e5ee42-9c82-4b9d-969f-4fc15fcd4c54,336,DAC,0.5134328358208955,0.26865671641791045,0.4597014925373134,0.29253731343283584,0.417910447761194,0.3880597014925373,0.43582089552238806,0.4835820895522388,0.31044776119402984,0.5194029850746269
32e5ee42-9c82-4b9d-969f-4fc15fcd4c54,337,DAC,0.5119047619047619,0.26785714285714285,0.4583333333333333,0.2916666666666667,0.4166666666666667,0.3869047619047619,0.44642857142857145,0.48214285714285715,0.30952380952380953,0.5178571428571429
32e5ee42-9c82-4b9d-969f-4fc15fcd4c54,338,DAC,0.5103857566765578,0.26706231454005935,0.456973293768546,0.29080118694362017,0.41543026706231456,0.3857566765578635,0.44510385756676557,0.49258160237388726,0.3086053412462908,0.516320474777448
32e5ee42-9c82-4b9d-969f-4fc15fcd4c54,339,DAC,0.5088757396449705,0.2781065088757396,0.4556213017751479,0.28994082840236685,0.41420118343195267,0.38461538461538464,0.4437869822485207,0.4911242603550296,0.3076923076923077,0.514792899408284
32e5ee42-9c82-4b9d-969f-4fc15fcd4c54,340,DAC,0.5073746312684366,0.2890855457227139,0.45427728613569324,0.2890855457227139,0.41297935103244837,0.3834808259587021,0.4424778761061947,0.4896755162241888,0.30678466076696165,0.5132743362831859
32e5ee42-9c82-4b9d-969f-4fc15fcd4c54,341,DAC,0.5058823529411764,0.28823529411764703,0.4647058823529412,0.28823529411764703,0.4117647058823529,0.38235294117647056,0.4411764705882353,0.48823529411764705,0.3058823529411765,0.5117647058823529
32e5ee42-9c82-4b9d-969f-4fc15fcd4c54,342,DAC,0.5043988269794721,0.2873900293255132,0.4633431085043988,0.2873900293255132,0.4222873900293255,0.3812316715542522,0.4398826979472141,0.4868035190615836,0.30498533724340177,0.5102639296187683
32e5ee42-9c82-4b9d-969f-4fc15fcd4c54,343,DAC,0.5029239766081871,0.28654970760233917,0.4619883040935672,0.28654970760233917,0.42105263157894735,0.391812865497076,0.43859649122807015,0.4853801169590643,0.30409356725146197,0.5087719298245614
32e5ee42-9c82-4b9d-969f-4fc15fcd4c54,344,DAC,0.5014577259475219,0.2857142857142857,0.47230320699708456,0.2857142857142857,0.4198250728862974,0.39067055393586003,0.43731778425655976,0.4839650145772595,0.3032069970845481,0.5072886297376094
32e5ee42-9c82-4b9d-969f-4fc15fcd4c54,345,DAC,0.5,0.28488372093023256,0.47093023255813954,0.28488372093023256,0.4186046511627907,0.38953488372093026,0.436046511627907,0.4941860465116279,0.3023255813953488,0.5058139534883721
32e5ee42-9c82-4b9d-969f-4fc15fcd4c54,346,DAC,0.4985507246376812,0.28405797101449276,0.46956521739130436,0.28405797101449276,0.41739130434782606,0.4,0.43478260869565216,0.4927536231884058,0.30144927536231886,0.5043478260869565
32e5ee42-9c82-4b9d-969f-4fc15fcd4c54,347,DAC,0.49710982658959535,0.2832369942196532,0.4682080924855491,0.2832369942196532,0.4161849710982659,0.3988439306358382,0.43352601156069365,0.5028901734104047,0.30057803468208094,0.5028901734104047
32e5ee42-9c82-4b9d-969f-4fc15fcd4c54,348,DAC,0.4956772334293948,0.2824207492795389,0.4668587896253602,0.2824207492795389,0.414985590778098,0.3976945244956772,0.4322766570605187,0.5014409221902018,0.3112391930835735,0.5014409221902018
32e5ee42-9c82-4b9d-969f-4fc15fcd4c54,349,DAC,0.4942528735632184,0.28160919540229884,0.46551724137931033,0.28160919540229884,0.41379310344827586,0.39655172413793105,0.43103448275862066,0.5,0.3103448275862069,0.5114942528735632
32e5ee42-9c82-4b9d-969f-4fc15fcd4c54,350,DAC,0.49283667621776506,0.2808022922636103,0.47564469914040114,0.2808022922636103,0.41260744985673353,0.3954154727793696,0.4297994269340974,0.498567335243553,0.30945558739255014,0.5100286532951289
32e5ee42-9c82-4b9d-969f-4fc15fcd4c54,351,DAC,0.49142857142857144,0.28,0.4742857142857143,0.28,0.4114285714285714,0.3942857142857143,0.44,0.49714285714285716,0.30857142857142855,0.5085714285714286
32e5ee42-9c82-4b9d-969f-4fc15fcd4c54,352,DAC,0.49002849002849,0.2792022792022792,0.47293447293447294,0.2905982905982906,0.41025641025641024,0.39316239316239315,0.43874643874643876,0.49572649572649574,0.3076923076923077,0.5071225071225072
32e5ee42-9c82-4b9d-969f-4fc15fcd4c54,353,DAC,0.5056818181818182,0.2784090909090909,0.4715909090909091,0.2897727272727273,0.4090909090909091,0.39204545454545453,0.4375,0.4943181818181818,0.3068181818181818,0.5056818181818182
32e5ee42-9c82-4b9d-969f-4fc15fcd4c54,354,DAC,0.5042492917847026,0.2776203966005666,0.4702549575070821,0.28895184135977336,0.4192634560906516,0.3909348441926346,0.43626062322946174,0.49291784702549574,0.3059490084985836,0.5042492917847026
32e5ee42-9c82-4b9d-969f-4fc15fcd4c54,355,DAC,0.5028248587570622,0.2768361581920904,0.4689265536723164,0.288135593220339,0.4180790960451977,0.3898305084745763,0.4463276836158192,0.4915254237288136,0.3050847457627119,0.5028248587570622
32e5ee42-9c82-4b9d-969f-4fc15fcd4c54,356,DAC,0.5014084507042254,0.27605633802816903,0.4676056338028169,0.28732394366197184,0.4169014084507042,0.38873239436619716,0.4450704225352113,0.5014084507042254,0.30422535211267604,0.5014084507042254
32e5ee42-9c82-4b9d-969f-4fc15fcd4c54,357,DAC,0.5,0.2752808988764045,0.46629213483146065,0.28651685393258425,0.4157303370786517,0.38764044943820225,0.4438202247191011,0.5,0.30337078651685395,0.5112359550561798
32e5ee42-9c82-4b9d-969f-4fc15fcd4c54,358,DAC,0.49859943977591037,0.2857142857142857,0.4649859943977591,0.2857142857142857,0.41456582633053224,0.3865546218487395,0.4425770308123249,0.49859943977591037,0.3025210084033613,0.5098039215686274
32e5ee42-9c82-4b9d-969f-4fc15fcd4c54,359,DAC,0.4972067039106145,0.2849162011173184,0.46368715083798884,0.2849162011173184,0.4245810055865922,0.3854748603351955,0.441340782122905,0.4972067039106145,0.3016759776536313,0.5083798882681564
32e5ee42-9c82-4b9d-969f-4fc15fcd4c54,360,DAC,0.4958217270194986,0.2841225626740947,0.4623955431754875,0.2841225626740947,0.43454038997214484,0.38440111420612816,0.4401114206128134,0.4958217270194986,0.3008356545961003,0.5069637883008357
32e5ee42-9c82-4b9d-969f-4fc15fcd4c54,361,DAC,0.49444444444444446,0.2833333333333333,0.4722222222222222,0.2833333333333333,0.43333333333333335,0.38333333333333336,0.4388888888888889,0.49444444444444446,0.3,0.5055555555555555
32e5ee42-9c82-4b9d-969f-4fc15fcd4c54,362,DAC,0.4930747922437673,0.28254847645429365,0.4709141274238227,0.28254847645429365,0.44321329639889195,0.38227146814404434,0.4376731301939058,0.4930747922437673,0.29916897506925205,0.5041551246537396
32e5ee42-9c82-4b9d-969f-4fc15fcd4c54,363,DAC,0.49171270718232046,0.281767955801105,0.48066298342541436,0.281767955801105,0.4419889502762431,0.3812154696132597,0.43646408839779005,0.49171270718232046,0.2983425414364641,0.5027624309392266
32e5ee42-9c82-4b9d-969f-4fc15fcd4c54,364,DAC,0.4903581267217631,0.2809917355371901,0.4793388429752066,0.2809917355371901,0.45179063360881544,0.38016528925619836,0.43526170798898073,0.4903581267217631,0.2975206611570248,0.5013774104683195
32e5ee42-9c82-4b9d-969f-4fc15fcd4c54,365,DAC,0.489010989010989,0.2802197802197802,0.47802197802197804,0.2802197802197802,0.45054945054945056,0.3791208791208791,0.44505494505494503,0.489010989010989,0.2967032967032967,0.5
32e5ee42-9c82-4b9d-969f-4fc15fcd4c54,366,DAC,0.4876712328767123,0.27945205479452057,0.4767123287671233,0.27945205479452057,0.44931506849315067,0.3780821917808219,0.4438356164383562,0.4986301369863014,0.2958904109589041,0.4986301369863014
32e5ee42-9c82-4b9d-969f-4fc15fcd4c54,367,DAC,0.48633879781420764,0.2786885245901639,0.48633879781420764,0.2786885245901639,0.44808743169398907,0.3770491803278688,0.4426229508196721,0.4972677595628415,0.29508196721311475,0.4972677595628415
32e5ee42-9c82-4b9d-969f-4fc15fcd4c54,368,DAC,0.48501362397820164,0.2779291553133515,0.48501362397820164,0.2888283378746594,0.44686648501362397,0.3760217983651226,0.44141689373297005,0.49591280653950953,0.29427792915531337,0.49591280653950953
32e5ee42-9c82-4b9d-969f-4fc15fcd4c54,369,DAC,0.483695652173913,0.27717391304347827,0.483695652173913,0.28804347826086957,0.44565217391304346,0.3858695652173913,0.44021739130434784,0.4945652173913043,0.29347826086956524,0.4945652173913043
32e5ee42-9c82-4b9d-969f-4fc15fcd4c54,370,DAC,0.4823848238482385,0.2764227642276423,0.4932249322493225,0.2872628726287263,0.4444444444444444,0.38482384823848237,0.43902439024390244,0.4932249322493225,0.2926829268292683,0.4932249322493225
32e5ee42-9c82-4b9d-969f-4fc15fcd4c54,371,DAC,0.4810810810810811,0.2864864864864865,0.4918918918918919,0.2864864864864865,0.44324324324324327,0.3837837837837838,0.43783783783783786,0.4918918918918919,0.2918918918918919,0.4918918918918919
32e5ee42-9c82-4b9d-969f-4fc15fcd4c54,372,DAC,0.4797843665768194,0.2857142857142857,0.49056603773584906,0.2857142857142857,0.4420485175202156,0.38274932614555257,0.4366576819407008,0.49056603773584906,0.3018867924528302,0.49056603773584906
32e5ee42-9c82-4b9d-969f-4fc15fcd4c54,373,DAC,0.489247311827957,0.2849462365591398,0.489247311827957,0.2849462365591398,0.44086021505376344,0.3817204301075269,0.43548387096774194,0.489247311827957,0.3010752688172043,0.489247311827957
32e5ee42-9c82-4b9d-969f-4fc15fcd4c54,374,DAC,0.4879356568364611,0.28418230563002683,0.4879356568364611,0.28418230563002683,0.43967828418230565,0.3806970509383378,0.4343163538873995,0.4879356568364611,0.3109919571045576,0.4879356568364611
32e5ee42-9c82-4b9d-969f-4fc15fcd4c54,375,DAC,0.48663101604278075,0.28342245989304815,0.48663101604278075,0.2994652406417112,0.4385026737967914,0.37967914438502676,0.43315508021390375,0.48663101604278075,0.31016042780748665,0.48663101604278075
32e5ee42-9c82-4b9d-969f-4fc15fcd4c54,376,DAC,0.496,0.2826666666666667,0.48533333333333334,0.2986666666666667,0.43733333333333335,0.37866666666666665,0.432,0.48533333333333334,0.30933333333333335,0.48533333333333334
32e5ee42-9c82-4b9d-969f-4fc15fcd4c54,377,DAC,0.4946808510638298,0.2925531914893617,0.48404255319148937,0.2978723404255319,0.43617021276595747,0.3776595744680851,0.4308510638297872,0.48404255319148937,0.30851063829787234,0.48404255319148937
32e5ee42-9c82-4b9d-969f-4fc15fcd4c54,378,DAC,0.493368700265252,0.2917771883289125,0.4827586206896552,0.29708222811671087,0.4350132625994695,0.376657824933687,0.4297082228116711,0.4827586206896552,0.3183023872679045,0.4827586206896552
32e5ee42-9c82-4b9d-969f-4fc15fcd4c54,379,DAC,0.49206349206349204,0.291005291005291,0.48148148148148145,0.2962962962962963,0.43386243386243384,0.37566137566137564,0.43915343915343913,0.48148148148148145,0.31746031746031744,0.48148148148148145
32e5ee42-9c82-4b9d-969f-4fc15fcd4c54,380,DAC,0.49076517150395776,0.29023746701846964,0.48021108179419525,0.2955145118733509,0.44327176781002636,0.37467018469656993,0.43799472295514513,0.48021108179419525,0.316622691292876,0.48021108179419525
32e5ee42-9c82-4b9d-969f-4fc15fcd4c54,381,DAC,0.5,0.2894736842105263,0.4789473684210526,0.29473684210526313,0.4421052631578947,0.3736842105263158,0.4368421052631579,0.4789473684210526,0.3157894736842105,0.4789473684210526
32e5ee42-9c82-4b9d-969f-4fc15fcd4c54,382,DAC,0.49868766404199477,0.2887139107611549,0.4776902887139108,0.29396325459317585,0.4409448818897638,0.37270341207349084,0.4356955380577428,0.4776902887139108,0.31496062992125984,0.4881889763779528
32e5ee42-9c82-4b9d-969f-4fc15fcd4c54,383,DAC,0.4973821989528796,0.2879581151832461,0.47643979057591623,0.3036649214659686,0.4397905759162304,0.3717277486910995,0.43455497382198954,0.47643979057591623,0.31413612565445026,0.4869109947643979
32e5ee42-9c82-4b9d-969f-4fc15fcd4c54,384,DAC,0.4960835509138381,0.29765013054830286,0.4751958224543081,0.3028720626631854,0.4386422976501306,0.370757180156658,0.43342036553524804,0.4751958224543081,0.3133159268929504,0.4856396866840731
32e5ee42-9c82-4b9d-969f-4fc15fcd4c54,385,DAC,0.4947916666666667,0.3072916666666667,0.4739583333333333,0.3020833333333333,0.4375,0.3697916666666667,0.4322916666666667,0.4739583333333333,0.3125,0.484375
32e5ee42-9c82-4b9d-969f-4fc15fcd4c54,386,DAC,0.4935064935064935,0.3064935064935065,0.4727272727272727,0.3012987012987013,0.43636363636363634,0.36883116883116884,0.43116883116883115,0.4727272727272727,0.3116883116883117,0.4935064935064935
32e5ee42-9c82-4b9d-969f-4fc15fcd4c54,387,DAC,0.49222797927461137,0.30569948186528495,0.47150259067357514,0.3005181347150259,0.43523316062176165,0.36787564766839376,0.43005181347150256,0.48186528497409326,0.31088082901554404,0.49222797927461137
32e5ee42-9c82-4b9d-969f-4fc15fcd4c54,388,DAC,0.5012919896640827,0.3049095607235142,0.4702842377260982,0.2997416020671835,0.43410852713178294,0.3669250645994832,0.4289405684754522,0.4806201550387597,0.31007751937984496,0.4909560723514212
32e5ee42-9c82-4b9d-969f-4fc15fcd4c54,389,DAC,0.5,0.30412371134020616,0.4690721649484536,0.29896907216494845,0.4329896907216495,0.37628865979381443,0.42783505154639173,0.4793814432989691,0.30927835051546393,0.4896907216494845
32e5ee42-9c82-4b9d-969f-4fc15fcd4c54,390,DAC,0.4987146529562982,0.31362467866323906,0.46786632390745503,0.2982005141388175,0.4318766066838046,0.37532133676092544,0.4267352185089974,0.4781491002570694,0.30848329048843187,0.4884318766066838
32e5ee42-9c82-4b9d-969f-4fc15fcd4c54,391,DAC,0.49743589743589745,0.3128205128205128,0.4666666666666667,0.29743589743589743,0.4307692307692308,0.37435897435897436,0.4358974358974359,0.47692307692307695,0.3076923076923077,0.48717948717948717
32e5ee42-9c82-4b9d-969f-4fc15fcd4c54,392,DAC,0.4961636828644501,0.31202046035805625,0.46547314578005117,0.2966751918158568,0.4296675191815857,0.3734015345268542,0.43478260869565216,0.47570332480818417,0.3069053708439898,0.4961636828644501
32e5ee42-9c82-4b9d-969f-4fc15fcd4c54,393,DAC,0.49489795918367346,0.3112244897959184,0.4744897959183674,0.29591836734693877,0.42857142857142855,0.37244897959183676,0.4336734693877551,0.4744897959183674,0.30612244897959184,0.49489795918367346
32e5ee42-9c82-4b9d-969f-4fc15fcd4c54,394,DAC,0.49363867684478374,0.32061068702290074,0.4732824427480916,0.2951653944020356,0.42748091603053434,0.37150127226463103,0.43256997455470736,0.4732824427480916,0.3053435114503817,0.49363867684478374
32e5ee42-9c82-4b9d-969f-4fc15fcd4c54,395,DAC,0.49238578680203043,0.3197969543147208,0.4720812182741117,0.29441624365482233,0.4263959390862944,0.37055837563451777,0.43147208121827413,0.48223350253807107,0.30456852791878175,0.49238578680203043
32e5ee42-9c82-4b9d-969f-4fc15fcd4c54,396,DAC,0.4911392405063291,0.3189873417721519,0.4708860759493671,0.2936708860759494,0.4253164556962025,0.369620253164557,0.44050632911392407,0.4810126582278481,0.3037974683544304,0.4911392405063291
32e5ee42-9c82-4b9d-969f-4fc15fcd4c54,397,DAC,0.4898989898989899,0.3181818181818182,0.4696969696969697,0.29292929292929293,0.42424242424242425,0.3686868686868687,0.4393939393939394,0.4797979797979798,0.30303030303030304,0.5050505050505051
32e5ee42-9c82-4b9d-969f-4fc15fcd4c54,398,DAC,0.48866498740554154,0.31738035264483627,0.46851385390428213,0.29219143576826195,0.42317380352644834,0.3677581863979849,0.44836272040302266,0.47858942065491183,0.3022670025188917,0.5037783375314862
32e5ee42-9c82-4b9d-969f-4fc15fcd4c54,399,DAC,0.48743718592964824,0.3165829145728643,0.46733668341708545,0.2914572864321608,0.4221105527638191,0.36683417085427134,0.4472361809045226,0.47738693467336685,0.3015075376884422,0.5125628140703518
32e5ee42-9c82-4b9d-969f-4fc15fcd4c54,400,DAC,0.48621553884711777,0.3157894736842105,0.46616541353383456,0.2907268170426065,0.43107769423558895,0.3659147869674185,0.44611528822055135,0.47619047619047616,0.3007518796992481,0.5112781954887218
32e5ee42-9c82-4b9d-969f-4fc15fcd4c54,401,DAC,0.485,0.315,0.465,0.29,0.43,0.365,0.445,0.475,0.31,0.51
32e5ee42-9c82-4b9d-969f-4fc15fcd4c54,402,DAC,0.4837905236907731,0.314214463840399,0.46384039900249374,0.2892768079800499,0.4389027431421446,0.3640897755610973,0.44389027431421446,0.47381546134663344,0.3092269326683292,0.5087281795511222
32e5ee42-9c82-4b9d-969f-4fc15fcd4c54,403,DAC,0.48258706467661694,0.31343283582089554,0.472636815920398,0.2885572139303483,0.43781094527363185,0.36318407960199006,0.4427860696517413,0.472636815920398,0.30845771144278605,0.5074626865671642
32e5ee42-9c82-4b9d-969f-4fc15fcd4c54,404,DAC,0.4913151364764268,0.31265508684863524,0.47146401985111663,0.2878411910669975,0.43672456575682383,0.36228287841191065,0.44168734491315137,0.47146401985111663,0.3076923076923077,0.5062034739454094
32e5ee42-9c82-4b9d-969f-4fc15fcd4c54,405,DAC,0.5,0.3118811881188119,0.47029702970297027,0.2871287128712871,0.43564356435643564,0.3613861386138614,0.4405940594059406,0.47029702970297027,0.3069306930693069,0.504950495049505
32e5ee42-9c82-4b9d-969f-4fc15fcd4c54,406,DAC,0.49876543209876545,0.3111111111111111,0.4691358024691358,0.28641975308641976,0.4345679012345679,0.36049382716049383,0.44938271604938274,0.4691358024691358,0.30617283950617286,0.5037037037037037
32e5ee42-9c82-4b9d-969f-4fc15fcd4c54,407,DAC,0.4975369458128079,0.32019704433497537,0.46798029556650245,0.2857142857142857,0.43349753694581283,0.35960591133004927,0.4482758620689655,0.46798029556650245,0.3054187192118227,0.5024630541871922
32e5ee42-9c82-4b9d-969f-4fc15fcd4c54,408,DAC,0.4963144963144963,0.3194103194103194,0.4668304668304668,0.28501228501228504,0.44226044226044225,0.35872235872235875,0.44717444717444715,0.4668304668304668,0.3046683046683047,0.5012285012285013
32e5ee42-9c82-4b9d-969f-4fc15fcd4c54,409,DAC,0.4950980392156863,0.31862745098039214,0.46568627450980393,0.28431372549019607,0.4411764705882353,0.35784313725490197,0.44607843137254904,0.46568627450980393,0.30392156862745096,0.5098039215686274
32e5ee42-9c82-4b9d-969f-4fc15fcd4c54,410,DAC,0.5036674816625917,0.31784841075794623,0.46454767726161367,0.28361858190709044,0.4400977995110024,0.3569682151589242,0.4449877750611247,0.46454767726161367,0.30317848410757947,0.508557457212714
32e5ee42-9c82-4b9d-969f-4fc15fcd4c54,411,DAC,0.5024390243902439,0.3170731707317073,0.4634146341463415,0.28292682926829266,0.44878048780487806,0.35609756097560974,0.44390243902439025,0.4634146341463415,0.3024390243902439,0.5073170731707317
32e5ee42-9c82-4b9d-969f-4fc15fcd4c54,412,DAC,0.5012165450121655,0.3260340632603406,0.46228710462287104,0.2822384428223844,0.44768856447688565,0.35523114355231145,0.44282238442822386,0.46228710462287104,0.30170316301703165,0.5060827250608273
32e5ee42-9c82-4b9d-969f-4fc15fcd4c54,413,DAC,0.5,0.32524271844660196,0.46116504854368934,0.2815533980582524,0.4563106796116505,0.35436893203883496,0.441747572815534,0.46116504854368934,0.30097087378640774,0.5048543689320388
32e5ee42-9c82-4b9d-969f-4fc15fcd4c54,414,DAC,0.49878934624697335,0.324455205811138,0.4600484261501211,0.28087167070217917,0.4552058111380145,0.36319612590799033,0.4406779661016949,0.4600484261501211,0.30024213075060535,0.5036319612590799
32e5ee42-9c82-4b9d-969f-4fc15fcd4c54,415,DAC,0.4975845410628019,0.32367149758454106,0.45893719806763283,0.28019323671497587,0.463768115942029,0.36231884057971014,0.4396135265700483,0.45893719806763283,0.2995169082125604,0.5024154589371981
32e5ee42-9c82-4b9d-969f-4fc15fcd4c54,416,DAC,0.4963855421686747,0.3228915662650602,0.4578313253012048,0.27951807228915665,0.46265060240963857,0.3614457831325301,0.43855421686746987,0.4674698795180723,0.2987951807228916,0.5012048192771085
32e5ee42-9c82-4b9d-969f-4fc15fcd4c54,417,DAC,0.4951923076923077,0.32211538461538464,0.4567307692307692,0.27884615384615385,0.46153846153846156,0.3701923076923077,0.4375,0.46634615384615385,0.2980769230769231,0.5
32e5ee42-9c82-4b9d-969f-4fc15fcd4c54,418,DAC,0.4940047961630695,0.3213429256594724,0.4556354916067146,0.27817745803357313,0.47002398081534774,0.36930455635491605,0.4364508393285372,0.46522781774580335,0.2973621103117506,0.4988009592326139
32e5ee42-9c82-4b9d-969f-4fc15fcd4c54,419,DAC,0.49282296650717705,0.32057416267942584,0.45454545454545453,0.27751196172248804,0.4688995215311005,0.3684210526315789,0.44976076555023925,0.46411483253588515,0.2966507177033493,0.49760765550239233
32e5ee42-9c82-4b9d-969f-4fc15fcd4c54,420,DAC,0.4916467780429594,0.3198090692124105,0.45346062052505964,0.27684964200477324,0.4677804295942721,0.36754176610978523,0.45823389021479716,0.4630071599045346,0.29594272076372313,0.4964200477326969
32e5ee42-9c82-4b9d-969f-4fc15fcd4c54,421,DAC,0.49047619047619045,0.32857142857142857,0.4523809523809524,0.2761904761904762,0.4666666666666667,0.36666666666666664,0.45714285714285713,0.46190476190476193,0.29523809523809524,0.49523809523809526
32e5ee42-9c82-4b9d-969f-4fc15fcd4c54,422,DAC,0.498812351543943,0.32779097387173395,0.4513064133016627,0.2755344418052256,0.4655581947743468,0.3657957244655582,0.45605700712589076,0.46080760095011875,0.29453681710213775,0.49406175771971494
32e5ee42-9c82-4b9d-969f-4fc15fcd4c54,423,DAC,0.5071090047393365,0.32701421800947866,0.45023696682464454,0.27488151658767773,0.46445497630331756,0.36492890995260663,0.4549763033175355,0.4597156398104265,0.2938388625592417,0.4928909952606635
32e5ee42-9c82-4b9d-969f-4fc15fcd4c54,424,DAC,0.5059101654846335,0.3262411347517731,0.4491725768321513,0.27423167848699764,0.46335697399527187,0.3640661938534279,0.45390070921985815,0.46808510638297873,0.29314420803782504,0.491725768321513
32e5ee42-9c82-4b9d-969f-4fc15fcd4c54,425,DAC,0.5047169811320755,0.32547169811320753,0.45754716981132076,0.27358490566037735,0.46226415094339623,0.3632075471698113,0.4528301886792453,0.4669811320754717,0.29245283018867924,0.49056603773584906
32e5ee42-9c82-4b9d-969f-4fc15fcd4c54,426,DAC,0.5035294117647059,0.3247058823529412,0.46588235294117647,0.27294117647058824,0.4611764705882353,0.3623529411764706,0.45176470588235296,0.46588235294117647,0.2917647058823529,0.4894117647058824
32e5ee42-9c82-4b9d-969f-4fc15fcd4c54,427,DAC,0.5023474178403756,0.323943661971831,0.4647887323943662,0.28169014084507044,0.460093896713615,0.3615023474178404,0.4507042253521127,0.4647887323943662,0.29107981220657275,0.48826291079812206
32e5ee42-9c82-4b9d-969f-4fc15fcd4c54,428,DAC,0.5011709601873536,0.3231850117096019,0.4637002341920375,0.2810304449648712,0.45901639344262296,0.36065573770491804,0.4496487119437939,0.4637002341920375,0.2997658079625293,0.48711943793911006
32e5ee42-9c82-4b9d-969f-4fc15fcd4c54,429,DAC,0.5,0.32242990654205606,0.4719626168224299,0.2803738317757009,0.45794392523364486,0.3598130841121495,0.4485981308411215,0.46261682242990654,0.29906542056074764,0.48598130841121495
32e5ee42-9c82-4b9d-969f-4fc15fcd4c54,430,DAC,0.4988344988344988,0.32167832167832167,0.47086247086247085,0.289044289044289,0.4568764568764569,0.358974358974359,0.44755244755244755,0.46153846153846156,0.29836829836829837,0.48484848484848486
32e5ee42-9c82-4b9d-969f-4fc15fcd4c54,431,DAC,0.49767441860465117,0.3209302325581395,0.4697674418604651,0.29767441860465116,0.4558139534883721,0.3581395348837209,0.44651162790697674,0.4604651162790698,0.29767441860465116,0.48372093023255813
32e5ee42-9c82-4b9d-969f-4fc15fcd4c54,432,DAC,0.4965197215777262,0.32018561484918795,0.46867749419953597,0.29698375870069604,0.4547563805104408,0.3665893271461717,0.44547563805104406,0.4593967517401392,0.29698375870069604,0.48259860788863107
32e5ee42-9c82-4b9d-969f-4fc15fcd4c54,433,DAC,0.49537037037037035,0.3194444444444444,0.4675925925925926,0.2962962962962963,0.4537037037037037,0.375,0.4444444444444444,0.4583333333333333,0.2962962962962963,0.48148148148148145
32e5ee42-9c82-4b9d-969f-4fc15fcd4c54,434,DAC,0.4942263279445728,0.3187066974595843,0.4665127020785219,0.2956120092378753,0.45265588914549654,0.3741339491916859,0.44341801385681295,0.45727482678983833,0.2956120092378753,0.4896073903002309
32e5ee42-9c82-4b9d-969f-4fc15fcd4c54,435,DAC,0.4930875576036866,0.31797235023041476,0.46543778801843316,0.30414746543778803,0.45161290322580644,0.37327188940092165,0.4423963133640553,0.45622119815668205,0.29493087557603687,0.48847926267281105
32e5ee42-9c82-4b9d-969f-4fc15fcd4c54,436,DAC,0.49195402298850577,0.31724137931034485,0.46436781609195404,0.30344827586206896,0.45057471264367815,0.3724137931034483,0.4413793103448276,0.46436781609195404,0.2942528735632184,0.48735632183908045
32e5ee42-9c82-4b9d-969f-4fc15fcd4c54,437,DAC,0.4908256880733945,0.3165137614678899,0.463302752293578,0.30275229357798167,0.44954128440366975,0.37155963302752293,0.44036697247706424,0.463302752293578,0.29357798165137616,0.4954128440366973
32e5ee42-9c82-4b9d-969f-4fc15fcd4c54,438,DAC,0.4897025171624714,0.3157894736842105,0.4622425629290618,0.30205949656750575,0.448512585812357,0.3707093821510298,0.43935926773455375,0.47139588100686497,0.2929061784897025,0.494279176201373
32e5ee42-9c82-4b9d-969f-4fc15fcd4c54,439,DAC,0.4885844748858447,0.3150684931506849,0.4611872146118721,0.3013698630136986,0.45662100456621,0.3698630136986301,0.4383561643835616,0.4703196347031963,0.2922374429223744,0.4931506849315068
32e5ee42-9c82-4b9d-969f-4fc15fcd4c54,440,DAC,0.4874715261958998,0.3143507972665148,0.4601366742596811,0.30068337129840544,0.45558086560364464,0.37813211845102507,0.43735763097949887,0.46924829157175396,0.29157175398633256,0.4920273348519362
32e5ee42-9c82-4b9d-969f-4fc15fcd4c54,441,DAC,0.4863636363636364,0.31363636363636366,0.4590909090909091,0.3,0.4681818181818182,0.37727272727272726,0.43636363636363634,0.4681818181818182,0.2909090909090909,0.4909090909090909
32e5ee42-9c82-4b9d-969f-4fc15fcd4c54,442,DAC,0.4852607709750567,0.3129251700680272,0.4671201814058957,0.29931972789115646,0.4671201814058957,0.3764172335600907,0.43537414965986393,0.4671201814058957,0.29024943310657597,0.4897959183673469
32e5ee42-9c82-4b9d-969f-4fc15fcd4c54,443,DAC,0.4841628959276018,0.31221719457013575,0.4751131221719457,0.2986425339366516,0.4660633484162896,0.3755656108597285,0.4343891402714932,0.4660633484162896,0.2895927601809955,0.48868778280542985
32e5ee42-9c82-4b9d-969f-4fc15fcd4c54,444,DAC,0.48306997742663654,0.3115124153498871,0.47404063205417607,0.2979683972911964,0.47404063205417607,0.3747178329571106,0.43340857787810383,0.4650112866817156,0.28893905191873587,0.48758465011286684
32e5ee42-9c82-4b9d-969f-4fc15fcd4c54,445,DAC,0.481981981981982,0.3108108108108108,0.47297297297297297,0.3063063063063063,0.47297297297297297,0.3738738738738739,0.43243243243243246,0.46396396396396394,0.2882882882882883,0.4864864864864865
32e5ee42-9c82-4b9d-969f-4fc15fcd4c54,446,DAC,0.48089887640449436,0.3101123595505618,0.47191011235955055,0.3056179775280899,0.47191011235955055,0.38202247191011235,0.4314606741573034,0.46292134831460674,0.2876404494382023,0.4853932584269663
32e5ee42-9c82-4b9d-969f-4fc15fcd4c54,447,DAC,0.4798206278026906,0.3094170403587444,0.47085201793721976,0.31390134529147984,0.47085201793721976,0.3811659192825112,0.4304932735426009,0.4618834080717489,0.28699551569506726,0.484304932735426
32e5ee42-9c82-4b9d-969f-4fc15fcd4c54,448,DAC,0.47874720357941836,0.3087248322147651,0.4697986577181208,0.3221476510067114,0.4697986577181208,0.38031319910514544,0.42953020134228187,0.4608501118568233,0.28635346756152125,0.48322147651006714
32e5ee42-9c82-4b9d-969f-4fc15fcd4c54,449,DAC,0.47767857142857145,0.3080357142857143,0.46875,0.32142857142857145,0.46875,0.3794642857142857,0.42857142857142855,0.45982142857142855,0.29464285714285715,0.48214285714285715
32e5ee42-9c82-4b9d-969f-4fc15fcd4c54,450,DAC,0.4766146993318486,0.30734966592427615,0.46770601336302897,0.32962138084632514,0.46770601336302897,0.37861915367483295,0.42761692650334077,0.45879732739420936,0.29398663697104677,0.48106904231625836
32e5ee42-9c82-4b9d-969f-4fc15fcd4c54,451,DAC,0.47555555555555556,0.30666666666666664,0.4666666666666667,0.3377777777777778,0.4666666666666667,0.37777777777777777,0.4266666666666667,0.4577777777777778,0.29333333333333333,0.48
32e5ee42-9c82-4b9d-969f-4fc15fcd4c54,452,DAC,0.48337028824833705,0.30598669623059865,0.4656319290465632,0.3370288248337029,0.4656319290465632,0.376940133037694,0.42572062084257206,0.4567627494456763,0.2926829268292683,0.4789356984478936
32e5ee42-9c82-4b9d-969f-4fc15fcd4c54,453,DAC,0.4823008849557522,0.3053097345132743,0.4646017699115044,0.336283185840708,0.4646017699115044,0.37610619469026546,0.4247787610619469,0.4557522123893805,0.3008849557522124,0.4778761061946903
32e5ee42-9c82-4b9d-969f-4fc15fcd4c54,454,DAC,0.4900662251655629,0.304635761589404,0.46357615894039733,0.3355408388520971,0.46357615894039733,0.37527593818984545,0.423841059602649,0.45474613686534215,0.30022075055187636,0.4768211920529801
32e5ee42-9c82-4b9d-969f-4fc15fcd4c54,455,DAC,0.4889867841409692,0.3039647577092511,0.46255506607929514,0.33480176211453744,0.46255506607929514,0.3744493392070485,0.42290748898678415,0.46255506607929514,0.29955947136563876,0.47577092511013214
32e5ee42-9c82-4b9d-969f-4fc15fcd4c54,456,DAC,0.4879120879120879,0.3032967032967033,0.46153846153846156,0.33406593406593404,0.4703296703296703,0.37362637362637363,0.421978021978022,0.46153846153846156,0.2989010989010989,0.4747252747252747
32e5ee42-9c82-4b9d-969f-4fc15fcd4c54,457,DAC,0.4868421052631579,0.3026315789473684,0.4605263157894737,0.34210526315789475,0.4692982456140351,0.37280701754385964,0.42105263157894735,0.4605263157894737,0.2982456140350877,0.47368421052631576
32e5ee42-9c82-4b9d-969f-4fc15fcd4c54,458,DAC,0.48577680525164113,0.30196936542669583,0.45951859956236324,0.3413566739606127,0.4682713347921225,0.37199124726477023,0.4201312910284464,0.45951859956236324,0.3063457330415755,0.4726477024070022
32e5ee42-9c82-4b9d-969f-4fc15fcd4c54,459,DAC,0.49344978165938863,0.30131004366812225,0.4585152838427948,0.3406113537117904,0.4672489082969432,0.37117903930131,0.4192139737991266,0.4585152838427948,0.3056768558951965,0.47161572052401746
32e5ee42-9c82-4b9d-969f-4fc15fcd4c54,460,DAC,0.4923747276688453,0.3093681917211329,0.45751633986928103,0.33986928104575165,0.4662309368191721,0.37037037037037035,0.41830065359477125,0.45751633986928103,0.30501089324618735,0.47058823529411764
32e5ee42-9c82-4b9d-969f-4fc15fcd4c54,461,DAC,0.49130434782608695,0.30869565217391304,0.45652173913043476,0.3391304347826087,0.4652173913043478,0.3695652173913043,0.41739130434782606,0.45652173913043476,0.30434782608695654,0.4782608695652174
32e5ee42-9c82-4b9d-969f-4fc15fcd4c54,462,DAC,0.49023861171366595,0.3080260303687636,0.455531453362256,0.3383947939262473,0.4642082429501085,0.3774403470715835,0.4164859002169197,0.455531453362256,0.3036876355748373,0.4772234273318872
32e5ee42-9c82-4b9d-969f-4fc15fcd4c54,463,DAC,0.48917748917748916,0.30735930735930733,0.4675324675324675,0.33766233766233766,0.46320346320346323,0.37662337662337664,0.4155844155844156,0.45454545454545453,0.30303030303030304,0.47619047619047616
32e5ee42-9c82-4b9d-969f-4fc15fcd4c54,464,DAC,0.48812095032397407,0.30669546436285094,0.46652267818574517,0.3369330453563715,0.46220302375809935,0.3758099352051836,0.4146868250539957,0.46220302375809935,0.3023758099352052,0.47516198704103674
32e5ee42-9c82-4b9d-969f-4fc15fcd4c54,465,DAC,0.4870689655172414,0.30603448275862066,0.46551724137931033,0.33620689655172414,0.46120689655172414,0.375,0.41379310344827586,0.46120689655172414,0.3017241379310345,0.4827586206896552
32e5ee42-9c82-4b9d-969f-4fc15fcd4c54,466,DAC,0.4860215053763441,0.3053763440860215,0.4645161290322581,0.33548387096774196,0.46021505376344085,0.3741935483870968,0.4129032258064516,0.46021505376344085,0.3096774193548387,0.4817204301075269
32e5ee42-9c82-4b9d-969f-4fc15fcd4c54,467,DAC,0.48497854077253216,0.3133047210300429,0.463519313304721,0.33476394849785407,0.4592274678111588,0.37339055793991416,0.41201716738197425,0.4592274678111588,0.3090128755364807,0.48068669527896996
32e5ee42-9c82-4b9d-969f-4fc15fcd4c54,468,DAC,0.48394004282655245,0.31263383297644537,0.4625267665952891,0.3340471092077088,0.4668094218415418,0.37259100642398285,0.41113490364025695,0.4582441113490364,0.3083511777301927,0.4796573875802998
32e5ee42-9c82-4b9d-969f-4fc15fcd4c54,469,DAC,0.4829059829059829,0.31196581196581197,0.46153846153846156,0.3333333333333333,0.4658119658119658,0.3717948717948718,0.4188034188034188,0.45726495726495725,0.3076923076923077,0.47863247863247865
32e5ee42-9c82-4b9d-969f-4fc15fcd4c54,470,DAC,0.48187633262260127,0.31130063965884863,0.4605543710021322,0.3326226012793177,0.464818763326226,0.37100213219616207,0.417910447761194,0.4562899786780384,0.31556503198294245,0.47761194029850745
32e5ee42-9c82-4b9d-969f-4fc15fcd4c54,471,DAC,0.4808510638297872,0.31063829787234043,0.4595744680851064,0.3404255319148936,0.46382978723404256,0.3702127659574468,0.41702127659574467,0.4553191489361702,0.3148936170212766,0.4765957446808511
32e5ee42-9c82-4b9d-969f-4fc15fcd4c54,472,DAC,0.47983014861995754,0.3099787685774947,0.4585987261146497,0.33970276008492567,0.46284501061571126,0.36942675159235666,0.42462845010615713,0.4543524416135881,0.31422505307855625,0.47558386411889597
32e5ee42-9c82-4b9d-969f-4fc15fcd4c54,473,DAC,0.4788135593220339,0.3093220338983051,0.4576271186440678,0.3389830508474576,0.461864406779661,0.3686440677966102,0.423728813559322,0.461864406779661,0.3135593220338983,0.4745762711864407
32e5ee42-9c82-4b9d-969f-4fc15fcd4c54,474,DAC,0.47780126849894294,0.3086680761099366,0.45665961945031713,0.3382663847780127,0.4608879492600423,0.3678646934460888,0.4312896405919662,0.4608879492600423,0.3128964059196617,0.47357293868921774
32e5ee42-9c82-4b9d-969f-4fc15fcd4c54,475,DAC,0.48523206751054854,0.3080168776371308,0.45569620253164556,0.33755274261603374,0.459915611814346,0.3670886075949367,0.43037974683544306,0.459915611814346,0.31223628691983124,0.47257383966244726
32e5ee42-9c82-4b9d-969f-4fc15fcd4c54,476,DAC,0.4926315789473684,0.30736842105263157,0.45473684210526316,0.3368421052631579,0.4589473684210526,0.3663157894736842,0.42947368421052634,0.4589473684210526,0.31157894736842107,0.47157894736842104
32e5ee42-9c82-4b9d-969f-4fc15fcd4c54,477,DAC,0.49159663865546216,0.3067226890756303,0.453781512605042,0.3445378151260504,0.4579831932773109,0.36554621848739494,0.42857142857142855,0.4579831932773109,0.31092436974789917,0.47058823529411764
32e5ee42-9c82-4b9d-969f-4fc15fcd4c54,478,DAC,0.49056603773584906,0.3060796645702306,0.4528301886792453,0.3522012578616352,0.4570230607966457,0.36477987421383645,0.4276729559748428,0.4570230607966457,0.31027253668763105,0.469601677148847
32e5ee42-9c82-4b9d-969f-4fc15fcd4c54,479,DAC,0.4895397489539749,0.3054393305439331,0.45188284518828453,0.3514644351464435,0.4560669456066946,0.3723849372384937,0.42677824267782427,0.4560669456066946,0.30962343096234307,0.4686192468619247
32e5ee42-9c82-4b9d-969f-4fc15fcd4c54,480,DAC,0.48851774530271397,0.3048016701461378,0.4509394572025052,0.35073068893528186,0.4551148225469729,0.37160751565762007,0.42588726513569936,0.4551148225469729,0.3173277661795407,0.46764091858037576
32e5ee42-9c82-4b9d-969f-4fc15fcd4c54,481,DAC,0.4875,0.3125,0.45,0.35,0.45416666666666666,0.37083333333333335,0.425,0.45416666666666666,0.31666666666666665,0.4666666666666667
32e5ee42-9c82-4b9d-969f-4fc15fcd4c54,482,DAC,0.4864864864864865,0.31185031185031187,0.4573804573804574,0.3492723492723493,0.45322245322245325,0.3700623700623701,0.42411642411642414,0.45322245322245325,0.316008316008316,0.4656964656964657
32e5ee42-9c82-4b9d-969f-4fc15fcd4c54,483,DAC,0.4854771784232365,0.3112033195020747,0.45643153526970953,0.34854771784232363,0.45228215767634855,0.36929460580912865,0.4315352697095436,0.45228215767634855,0.3153526970954357,0.46473029045643155
32e5ee42-9c82-4b9d-969f-4fc15fcd4c54,484,DAC,0.484472049689441,0.3105590062111801,0.4554865424430642,0.34782608695652173,0.45134575569358176,0.37681159420289856,0.4306418219461698,0.45134575569358176,0.3146997929606625,0.463768115942029
32e5ee42-9c82-4b9d-969f-4fc15fcd4c54,485,DAC,0.4834710743801653,0.30991735537190085,0.45454545454545453,0.34710743801652894,0.45041322314049587,0.3884297520661157,0.4297520661157025,0.45041322314049587,0.3140495867768595,0.4628099173553719
32e5ee42-9c82-4b9d-969f-4fc15fcd4c54,486,DAC,0.4824742268041237,0.30927835051546393,0.4536082474226804,0.3463917525773196,0.44948453608247424,0.3958762886597938,0.4288659793814433,0.44948453608247424,0.3134020618556701,0.4618556701030928
32e5ee42-9c82-4b9d-969f-4fc15fcd4c54,487,DAC,0.48148148148148145,0.30864197530864196,0.4609053497942387,0.345679012345679,0.448559670781893,0.3950617283950617,0.4279835390946502,0.448559670781893,0.31275720164609055,0.4609053497942387
32e5ee42-9c82-4b9d-969f-4fc15fcd4c54,488,DAC,0.4804928131416838,0.3080082135523614,0.459958932238193,0.34496919917864477,0.44763860369609854,0.3942505133470226,0.4271047227926078,0.45585215605749485,0.31211498973305957,0.459958932238193
32e5ee42-9c82-4b9d-969f-4fc15fcd4c54,489,DAC,0.47950819672131145,0.3155737704918033,0.45901639344262296,0.3442622950819672,0.44672131147540983,0.39344262295081966,0.4262295081967213,0.45491803278688525,0.3114754098360656,0.45901639344262296
32e5ee42-9c82-4b9d-969f-4fc15fcd4c54,490,DAC,0.4785276073619632,0.3149284253578732,0.45807770961145194,0.35173824130879344,0.4458077709611452,0.39263803680981596,0.42535787321063395,0.4539877300613497,0.310838445807771,0.45807770961145194
32e5ee42-9c82-4b9d-969f-4fc15fcd4c54,491,DAC,0.4775510204081633,0.3142857142857143,0.45714285714285713,0.3510204081632653,0.4448979591836735,0.4,0.42448979591836733,0.4530612244897959,0.31020408163265306,0.45714285714285713
32e5ee42-9c82-4b9d-969f-4fc15fcd4c54,492,DAC,0.47657841140529533,0.3136456211812627,0.46435845213849286,0.35030549898167007,0.4439918533604888,0.39918533604887985,0.42362525458248473,0.45213849287169044,0.3095723014256619,0.45621181262729127
32e5ee42-9c82-4b9d-969f-4fc15fcd4c54,493,DAC,0.47560975609756095,0.3130081300813008,0.4634146341463415,0.35772357723577236,0.44308943089430897,0.3983739837398374,0.42276422764227645,0.45121951219512196,0.3089430894308943,0.45528455284552843
32e5ee42-9c82-4b9d-969f-4fc15fcd4c54,494,DAC,0.4746450304259635,0.31237322515212984,0.46247464503042596,0.35699797160243407,0.4421906693711968,0.3975659229208925,0.42190669371196754,0.45030425963488846,0.31643002028397565,0.4543610547667343
32e5ee42-9c82-4b9d-969f-4fc15fcd4c54,495,DAC,0.47368421052631576,0.3117408906882591,0.46153846153846156,0.3562753036437247,0.44129554655870445,0.3967611336032389,0.42105263157894735,0.4493927125506073,0.32388663967611336,0.4534412955465587
32e5ee42-9c82-4b9d-969f-4fc15fcd4c54,496,DAC,0.4727272727272727,0.3111111111111111,0.46060606060606063,0.36363636363636365,0.4404040404040404,0.39595959595959596,0.4202020202020202,0.4484848484848485,0.32323232323232326,0.45252525252525255
32e5ee42-9c82-4b9d-969f-4fc15fcd4c54,497,DAC,0.4717741935483871,0.31048387096774194,0.46774193548387094,0.3629032258064516,0.43951612903225806,0.3951612903225806,0.41935483870967744,0.4475806451612903,0.3225806451612903,0.45161290322580644
32e5ee42-9c82-4b9d-969f-4fc15fcd4c54,498,DAC,0.4708249496981891,0.30985915492957744,0.46680080482897385,0.36217303822937624,0.4386317907444668,0.4024144869215292,0.41851106639839036,0.44668008048289737,0.32193158953722334,0.4507042253521127
32e5ee42-9c82-4b9d-969f-4fc15fcd4c54,499,DAC,0.46987951807228917,0.3092369477911647,0.46586345381526106,0.36947791164658633,0.43775100401606426,0.40160642570281124,0.41767068273092367,0.4457831325301205,0.321285140562249,0.4497991967871486
32e5ee42-9c82-4b9d-969f-4fc15fcd4c54,500,DAC,0.46893787575150303,0.30861723446893785,0.4649298597194389,0.3687374749498998,0.43687374749499,0.40080160320641284,0.4168336673346693,0.44488977955911824,0.3286573146292585,0.44889779559118237
32e5ee42-9c82-4b9d-969f-4fc15fcd4c54,501,DAC,0.468,0.308,0.464,0.368,0.436,0.408,0.416,0.444,0.328,0.448
32e5ee42-9c82-4b9d-969f-4fc15fcd4c54,502,DAC,0.46706586826347307,0.3073852295409182,0.4630738522954092,0.36726546906187624,0.4351297405189621,0.40718562874251496,0.4231536926147705,0.4431137724550898,0.3273453093812375,0.4471057884231537
32e5ee42-9c82-4b9d-969f-4fc15fcd4c54,503,DAC,0.46613545816733065,0.3147410358565737,0.46215139442231074,0.3665338645418327,0.4342629482071713,0.4063745019920319,0.42231075697211157,0.44223107569721115,0.32669322709163345,0.44621513944223107
32e5ee42-9c82-4b9d-969f-4fc15fcd4c54,504,DAC,0.46520874751491054,0.31411530815109345,0.46123260437375746,0.3658051689860835,0.43339960238568587,0.40556660039761433,0.4294234592445328,0.441351888667992,0.3260437375745527,0.44532803180914515
32e5ee42-9c82-4b9d-969f-4fc15fcd4c54,505,DAC,0.4722222222222222,0.3134920634920635,0.4603174603174603,0.36507936507936506,0.43253968253968256,0.40476190476190477,0.42857142857142855,0.44047619047619047,0.3253968253968254,0.4444444444444444
32e5ee42-9c82-4b9d-969f-4fc15fcd4c54,506,DAC,0.47128712871287126,0.3207920792079208,0.4594059405940594,0.36435643564356435,0.4316831683168317,0.403960396039604,0.4277227722772277,0.4396039603960396,0.32475247524752476,0.44356435643564357
32e5ee42-9c82-4b9d-969f-4fc15fcd4c54,507,DAC,0.47035573122529645,0.3201581027667984,0.45849802371541504,0.36363636363636365,0.4308300395256917,0.4031620553359684,0.4268774703557312,0.43873517786561267,0.3241106719367589,0.45454545454545453
32e5ee42-9c82-4b9d-969f-4fc15fcd4c54,508,DAC,0.46942800788954636,0.31952662721893493,0.46548323471400394,0.3629191321499014,0.42998027613412226,0.40236686390532544,0.4260355029585799,0.4378698224852071,0.3234714003944773,0.4536489151873767
32e5ee42-9c82-4b9d-969f-4fc15fcd4c54,509,DAC,0.468503937007874,0.32677165354330706,0.4645669291338583,0.36220472440944884,0.42913385826771655,0.4015748031496063,0.4251968503937008,0.43700787401574803,0.3228346456692913,0.452755905511811
32e5ee42-9c82-4b9d-969f-4fc15fcd4c54,510,DAC,0.4675834970530452,0.32612966601178783,0.4636542239685658,0.3693516699410609,0.42829076620825146,0.40078585461689586,0.4243614931237721,0.4361493123772102,0.32220039292730845,0.4518664047151277
32e5ee42-9c82-4b9d-969f-4fc15fcd4c54,511,DAC,0.4745098039215686,0.3254901960784314,0.4627450980392157,0.3686274509803922,0.42745098039215684,0.4,0.4235294117647059,0.43529411764705883,0.3215686274509804,0.45098039215686275
32e5ee42-9c82-4b9d-969f-4fc15fcd4c54,512,DAC,0.4735812133072407,0.33268101761252444,0.461839530332681,0.3679060665362035,0.42661448140900193,0.39921722113502933,0.4227005870841487,0.4344422700587084,0.32093933463796476,0.4500978473581213
32e5ee42-9c82-4b9d-969f-4fc15fcd4c54,513,DAC,0.47265625,0.33203125,0.4609375,0.3671875,0.43359375,0.3984375,0.421875,0.43359375,0.3203125,0.44921875
32e5ee42-9c82-4b9d-969f-4fc15fcd4c54,514,DAC,0.47173489278752434,0.3313840155945419,0.4600389863547758,0.3664717348927875,0.4327485380116959,0.39766081871345027,0.42105263157894735,0.4327485380116959,0.32748538011695905,0.44834307992202727
32e5ee42-9c82-4b9d-969f-4fc15fcd4c54,515,DAC,0.4708171206225681,0.33073929961089493,0.4591439688715953,0.3657587548638132,0.43190661478599224,0.3968871595330739,0.42023346303501946,0.43190661478599224,0.3346303501945525,0.4474708171206226
32e5ee42-9c82-4b9d-969f-4fc15fcd4c54,516,DAC,0.46990291262135925,0.3300970873786408,0.46601941747572817,0.3650485436893204,0.43106796116504853,0.39611650485436894,0.41941747572815535,0.43106796116504853,0.3339805825242718,0.44660194174757284
32e5ee42-9c82-4b9d-969f-4fc15fcd4c54,517,DAC,0.4689922480620155,0.32945736434108525,0.4728682170542636,0.3643410852713178,0.43023255813953487,0.3953488372093023,0.4186046511627907,0.43023255813953487,0.3333333333333333,0.44573643410852715
32e5ee42-9c82-4b9d-969f-4fc15fcd4c54,518,DAC,0.46808510638297873,0.3288201160541586,0.47195357833655704,0.3713733075435203,0.42940038684719534,0.3945841392649903,0.41779497098646035,0.42940038684719534,0.33268858800773693,0.4448742746615087
32e5ee42-9c82-4b9d-969f-4fc15fcd4c54,519,DAC,0.4671814671814672,0.3281853281853282,0.47104247104247104,0.37065637065637064,0.4362934362934363,0.3938223938223938,0.416988416988417,0.42857142857142855,0.33204633204633205,0.444015444015444
32e5ee42-9c82-4b9d-969f-4fc15fcd4c54,520,DAC,0.4662813102119461,0.32755298651252407,0.47784200385356457,0.3699421965317919,0.43545279383429675,0.3930635838150289,0.4161849710982659,0.4277456647398844,0.33140655105973027,0.44315992292870904
32e5ee42-9c82-4b9d-969f-4fc15fcd4c54,521,DAC,0.4653846153846154,0.3269230769230769,0.47692307692307695,0.36923076923076925,0.4423076923076923,0.3923076923076923,0.4153846153846154,0.4269230769230769,0.33076923076923076,0.4423076923076923
32e5ee42-9c82-4b9d-969f-4fc15fcd4c54,522,DAC,0.46449136276391556,0.33397312859884837,0.4760076775431862,0.3685220729366603,0.44145873320537427,0.3915547024952015,0.4145873320537428,0.42610364683301344,0.33013435700575816,0.44145873320537427
32e5ee42-9c82-4b9d-969f-4fc15fcd4c54,523,DAC,0.46360153256704983,0.3333333333333333,0.47509578544061304,0.367816091954023,0.44061302681992337,0.39080459770114945,0.421455938697318,0.42528735632183906,0.32950191570881227,0.44061302681992337
32e5ee42-9c82-4b9d-969f-4fc15fcd4c54,524,DAC,0.4627151051625239,0.3326959847036329,0.4818355640535373,0.367112810707457,0.4397705544933078,0.390057361376673,0.42065009560229444,0.42447418738049714,0.32887189292543023,0.4397705544933078
32e5ee42-9c82-4b9d-969f-4fc15fcd4c54,525,DAC,0.4618320610687023,0.3320610687022901,0.48091603053435117,0.366412213740458,0.4389312977099237,0.3893129770992366,0.42748091603053434,0.42366412213740456,0.3282442748091603,0.4389312977099237
32e5ee42-9c82-4b9d-969f-4fc15fcd4c54,526,DAC,0.46095238095238095,0.3314285714285714,0.48,0.3657142857142857,0.4380952380952381,0.3961904761904762,0.4266666666666667,0.4228571428571429,0.32761904761904764,0.4380952380952381
32e5ee42-9c82-4b9d-969f-4fc15fcd4c54,527,DAC,0.4600760456273764,0.33079847908745247,0.4790874524714829,0.3650190114068441,0.4372623574144487,0.39543726235741444,0.43346007604562736,0.4220532319391635,0.3269961977186312,0.4372623574144487
32e5ee42-9c82-4b9d-969f-4fc15fcd4c54,528,DAC,0.4667931688804554,0.3301707779886148,0.4781783681214421,0.36432637571157495,0.4364326375711575,0.3946869070208729,0.43263757115749524,0.42125237191650855,0.32637571157495254,0.4364326375711575
32e5ee42-9c82-4b9d-969f-4fc15fcd4c54,529,DAC,0.4659090909090909,0.32954545454545453,0.4772727272727273,0.36363636363636365,0.4356060606060606,0.3939393939393939,0.4318181818181818,0.42045454545454547,0.32575757575757575,0.44696969696969696
32e5ee42-9c82-4b9d-969f-4fc15fcd4c54,530,DAC,0.46502835538752363,0.32892249527410206,0.4763705103969754,0.3629489603024575,0.44234404536862004,0.3931947069943289,0.43100189035916825,0.41965973534971646,0.32514177693761814,0.44612476370510395
32e5ee42-9c82-4b9d-969f-4fc15fcd4c54,531,DAC,0.4641509433962264,0.3283018867924528,0.47547169811320755,0.3622641509433962,0.44150943396226416,0.39245283018867927,0.43018867924528303,0.4188679245283019,0.3320754716981132,0.44528301886792454
32e5ee42-9c82-4b9d-969f-4fc15fcd4c54,532,DAC,0.4632768361581921,0.327683615819209,0.4745762711864407,0.3691148775894539,0.4406779661016949,0.391713747645951,0.4293785310734463,0.4180790960451977,0.3314500941619586,0.4444444444444444
32e5ee42-9c82-4b9d-969f-4fc15fcd4c54,533,DAC,0.462406015037594,0.32706766917293234,0.47368421052631576,0.3684210526315789,0.4398496240601504,0.39849624060150374,0.42857142857142855,0.41729323308270677,0.3308270676691729,0.44360902255639095
32e5ee42-9c82-4b9d-969f-4fc15fcd4c54,534,DAC,0.46153846153846156,0.32645403377110693,0.4727954971857411,0.3677298311444653,0.43902439024390244,0.3977485928705441,0.4277673545966229,0.4165103189493433,0.3302063789868668,0.450281425891182
32e5ee42-9c82-4b9d-969f-4fc15fcd4c54,535,DAC,0.4606741573033708,0.3333333333333333,0.47191011235955055,0.36704119850187267,0.43820224719101125,0.3970037453183521,0.42696629213483145,0.4157303370786517,0.3295880149812734,0.449438202247191
32e5ee42-9c82-4b9d-969f-4fc15fcd4c54,536,DAC,0.45981308411214955,0.33271028037383177,0.47102803738317756,0.37383177570093457,0.4373831775700935,0.39626168224299063,0.4261682242990654,0.41495327102803736,0.32897196261682243,0.4485981308411215
32e5ee42-9c82-4b9d-969f-4fc15fcd4c54,537,DAC,0.458955223880597,0.33955223880597013,0.4701492537313433,0.373134328358209,0.43656716417910446,0.39552238805970147,0.4253731343283582,0.4141791044776119,0.3283582089552239,0.44776119402985076
32e5ee42-9c82-4b9d-969f-4fc15fcd4c54,538,DAC,0.4581005586592179,0.33891992551210426,0.4692737430167598,0.37243947858473,0.43575418994413406,0.3947858472998138,0.4245810055865922,0.4208566108007449,0.32774674115456237,0.44692737430167595
32e5ee42-9c82-4b9d-969f-4fc15fcd4c54,539,DAC,0.45724907063197023,0.3382899628252788,0.4684014869888476,0.379182156133829,0.4349442379182156,0.3940520446096654,0.42379182156133827,0.4200743494423792,0.3271375464684015,0.44609665427509293
32e5ee42-9c82-4b9d-969f-4fc15fcd4c54,540,DAC,0.45640074211502785,0.33766233766233766,0.4675324675324675,0.3784786641929499,0.43413729128014844,0.39332096474953615,0.4230055658627087,0.4267161410018553,0.32653061224489793,0.4452690166975881
32e5ee42-9c82-4b9d-969f-4fc15fcd4c54,541,DAC,0.45555555555555555,0.337037037037037,0.4666666666666667,0.37777777777777777,0.44074074074074077,0.3925925925925926,0.4222222222222222,0.42592592592592593,0.32592592592592595,0.4444444444444444
32e5ee42-9c82-4b9d-969f-4fc15fcd4c54,542,DAC,0.45471349353049906,0.3364140480591497,0.4731977818853974,0.37707948243992606,0.4399260628465804,0.39186691312384475,0.4214417744916821,0.42513863216266173,0.32532347504621073,0.4436229205175601
32e5ee42-9c82-4b9d-969f-4fc15fcd4c54,543,DAC,0.45387453874538747,0.33579335793357934,0.47232472324723246,0.3763837638376384,0.43911439114391143,0.3985239852398524,0.42066420664206644,0.42435424354243545,0.3247232472324723,0.44280442804428044
32e5ee42-9c82-4b9d-969f-4fc15fcd4c54,544,DAC,0.4530386740331492,0.3351749539594843,0.4714548802946593,0.3756906077348066,0.43830570902394106,0.39779005524861877,0.4198895027624309,0.42357274401473294,0.3314917127071823,0.4419889502762431
32e5ee42-9c82-4b9d-969f-4fc15fcd4c54,545,DAC,0.4522058823529412,0.33455882352941174,0.47058823529411764,0.375,0.4375,0.40441176470588236,0.41911764705882354,0.4227941176470588,0.33088235294117646,0.4411764705882353
32e5ee42-9c82-4b9d-969f-4fc15fcd4c54,546,DAC,0.45137614678899085,0.3339449541284404,0.46972477064220186,0.3743119266055046,0.44403669724770645,0.4036697247706422,0.41834862385321103,0.42201834862385323,0.3302752293577982,0.44036697247706424
32e5ee42-9c82-4b9d-969f-4fc15fcd4c54,547,DAC,0.45054945054945056,0.3333333333333333,0.46886446886446886,0.37362637362637363,0.45054945054945056,0.40293040293040294,0.4175824175824176,0.42124542124542125,0.32967032967032966,0.43956043956043955
32e5ee42-9c82-4b9d-969f-4fc15fcd4c54,548,DAC,0.44972577696526506,0.3327239488117002,0.4680073126142596,0.37294332723948814,0.4570383912248629,0.40219378427787933,0.41681901279707495,0.42047531992687387,0.3290676416819013,0.43875685557586835
32e5ee42-9c82-4b9d-969f-4fc15fcd4c54,549,DAC,0.4562043795620438,0.33211678832116787,0.46715328467153283,0.3722627737226277,0.4562043795620438,0.40145985401459855,0.41605839416058393,0.4197080291970803,0.3284671532846715,0.43795620437956206
32e5ee42-9c82-4b9d-969f-4fc15fcd4c54,550,DAC,0.46265938069216755,0.331511839708561,0.4663023679417122,0.37158469945355194,0.4553734061930783,0.4007285974499089,0.41530054644808745,0.41894353369763204,0.32786885245901637,0.4371584699453552
32e5ee42-9c82-4b9d-969f-4fc15fcd4c54,551,DAC,0.4618181818181818,0.33090909090909093,0.46545454545454545,0.3709090909090909,0.45454545454545453,0.4,0.41454545454545455,0.41818181818181815,0.3381818181818182,0.43636363636363634
32e5ee42-9c82-4b9d-969f-4fc15fcd4c54,552,DAC,0.46098003629764067,0.33030852994555354,0.4646098003629764,0.3702359346642468,0.4537205081669691,0.3992740471869328,0.42105263157894735,0.41742286751361163,0.33756805807622503,0.4355716878402904
32e5ee42-9c82-4b9d-969f-4fc15fcd4c54,553,DAC,0.4601449275362319,0.33695652173913043,0.463768115942029,0.3695652173913043,0.4528985507246377,0.39855072463768115,0.42028985507246375,0.4166666666666667,0.33695652173913043,0.43478260869565216
32e5ee42-9c82-4b9d-969f-4fc15fcd4c54,554,DAC,0.4593128390596745,0.33634719710669075,0.4629294755877034,0.3688969258589512,0.45207956600361665,0.39783001808318263,0.41952983725135623,0.4159132007233273,0.33634719710669075,0.4412296564195298
32e5ee42-9c82-4b9d-969f-4fc15fcd4c54,555,DAC,0.4584837545126354,0.33574007220216606,0.4620938628158845,0.36823104693140796,0.45126353790613716,0.3971119133574007,0.4187725631768953,0.4151624548736462,0.34296028880866425,0.4404332129963899
32e5ee42-9c82-4b9d-969f-4fc15fcd4c54,556,DAC,0.45765765765765765,0.33513513513513515,0.46126126126126127,0.3675675675675676,0.45045045045045046,0.4036036036036036,0.418018018018018,0.4144144144144144,0.34234234234234234,0.43963963963963965
32e5ee42-9c82-4b9d-969f-4fc15fcd4c54,557,DAC,0.4568345323741007,0.3345323741007194,0.460431654676259,0.37410071942446044,0.44964028776978415,0.4028776978417266,0.4172661870503597,0.4136690647482014,0.34172661870503596,0.43884892086330934
32e5ee42-9c82-4b9d-969f-4fc15fcd4c54,558,DAC,0.45601436265709155,0.3339317773788151,0.45960502692998206,0.3734290843806104,0.4488330341113106,0.40933572710951527,0.41651705565529623,0.4129263913824057,0.34111310592459604,0.4380610412926391
32e5ee42-9c82-4b9d-969f-4fc15fcd4c54,559,DAC,0.4551971326164875,0.3333333333333333,0.4659498207885305,0.3727598566308244,0.44802867383512546,0.40860215053763443,0.4157706093189964,0.4121863799283154,0.34050179211469533,0.43727598566308246
32e5ee42-9c82-4b9d-969f-4fc15fcd4c54,560,DAC,0.4543828264758497,0.33273703041144903,0.46511627906976744,0.37209302325581395,0.4472271914132379,0.4150268336314848,0.4150268336314848,0.41144901610017887,0.33989266547406083,0.4364937388193202
32e5ee42-9c82-4b9d-969f-4fc15fcd4c54,561,DAC,0.45357142857142857,0.33214285714285713,0.4642857142857143,0.37142857142857144,0.44642857142857145,0.4142857142857143,0.4142857142857143,0.4107142857142857,0.3392857142857143,0.44285714285714284
32e5ee42-9c82-4b9d-969f-4fc15fcd4c54,562,DAC,0.45276292335115864,0.3315508021390374,0.46345811051693403,0.37076648841354726,0.44563279857397503,0.41354723707664887,0.41354723707664887,0.41711229946524064,0.33868092691622104,0.44206773618538325
32e5ee42-9c82-4b9d-969f-4fc15fcd4c54,563,DAC,0.45195729537366547,0.3309608540925267,0.4626334519572954,0.3701067615658363,0.44483985765124556,0.4128113879003559,0.4128113879003559,0.41637010676156583,0.33807829181494664,0.4483985765124555
32e5ee42-9c82-4b9d-969f-4fc15fcd4c54,564,DAC,0.4511545293072824,0.33037300177619894,0.4689165186500888,0.369449378330373,0.44404973357015987,0.41207815275310833,0.41207815275310833,0.41563055062166965,0.33747779751332146,0.44760213143872113
32e5ee42-9c82-4b9d-969f-4fc15fcd4c54,565,DAC,0.450354609929078,0.32978723404255317,0.475177304964539,0.36879432624113473,0.4432624113475177,0.41134751773049644,0.41134751773049644,0.4148936170212766,0.33687943262411346,0.44680851063829785
32e5ee42-9c82-4b9d-969f-4fc15fcd4c54,566,DAC,0.4495575221238938,0.3292035398230089,0.4743362831858407,0.368141592920354,0.4424778761061947,0.41061946902654867,0.41061946902654867,0.42123893805309737,0.336283185840708,0.44601769911504424
32e5ee42-9c82-4b9d-969f-4fc15fcd4c54,567,DAC,0.44876325088339225,0.3286219081272085,0.4734982332155477,0.3745583038869258,0.4416961130742049,0.4098939929328622,0.4098939929328622,0.4204946996466431,0.33568904593639576,0.4452296819787986
32e5ee42-9c82-4b9d-969f-4fc15fcd4c54,568,DAC,0.455026455026455,0.328042328042328,0.47266313932980597,0.37389770723104054,0.4409171075837742,0.4091710758377425,0.4091710758377425,0.41975308641975306,0.3350970017636684,0.4444444444444444
32e5ee42-9c82-4b9d-969f-4fc15fcd4c54,569,DAC,0.45422535211267606,0.3274647887323944,0.47183098591549294,0.3732394366197183,0.44014084507042256,0.4084507042253521,0.4084507042253521,0.426056338028169,0.3345070422535211,0.44366197183098594
32e5ee42-9c82-4b9d-969f-4fc15fcd4c54,570,DAC,0.45342706502636204,0.3268892794376098,0.4710017574692443,0.37961335676625657,0.43936731107205623,0.4077328646748682,0.4077328646748682,0.4253075571177504,0.3339191564147627,0.4428822495606327
32e5ee42-9c82-4b9d-969f-4fc15fcd4c54,571,DAC,0.45263157894736844,0.3263157894736842,0.47017543859649125,0.38596491228070173,0.43859649122807015,0.4070175438596491,0.4070175438596491,0.4245614035087719,0.3333333333333333,0.4421052631578947
32e5ee42-9c82-4b9d-969f-4fc15fcd4c54,572,DAC,0.45183887915936954,0.3257443082311734,0.46935201401050786,0.3922942206654991,0.43782837127845886,0.4063047285464098,0.4063047285464098,0.4238178633975482,0.3327495621716287,0.4413309982486865
32e5ee42-9c82-4b9d-969f-4fc15fcd4c54,573,DAC,0.45104895104895104,0.32517482517482516,0.46853146853146854,0.3916083916083916,0.4370629370629371,0.40559440559440557,0.40559440559440557,0.4230769230769231,0.3321678321678322,0.45104895104895104
32e5ee42-9c82-4b9d-969f-4fc15fcd4c54,574,DAC,0.450261780104712,0.33158813263525305,0.4677137870855148,0.39092495636998253,0.4363001745200698,0.4048865619546248,0.4048865619546248,0.4223385689354276,0.33158813263525305,0.450261780104712
32e5ee42-9c82-4b9d-969f-4fc15fcd4c54,575,DAC,0.44947735191637633,0.3310104529616725,0.46689895470383275,0.3902439024390244,0.4355400696864111,0.40418118466898956,0.40418118466898956,0.42160278745644597,0.33797909407665505,0.44947735191637633
32e5ee42-9c82-4b9d-969f-4fc15fcd4c54,576,DAC,0.44869565217391305,0.33043478260869563,0.46608695652173915,0.38956521739130434,0.43478260869565216,0.41043478260869565,0.40347826086956523,0.42086956521739133,0.3373913043478261,0.44869565217391305
32e5ee42-9c82-4b9d-969f-4fc15fcd4c54,577,DAC,0.4479166666666667,0.3368055555555556,0.4652777777777778,0.3888888888888889,0.4340277777777778,0.4097222222222222,0.4027777777777778,0.4201388888888889,0.3368055555555556,0.4479166666666667
32e5ee42-9c82-4b9d-969f-4fc15fcd4c54,578,DAC,0.44714038128249567,0.3362218370883882,0.464471403812825,0.3882149046793761,0.43327556325823224,0.41594454072790293,0.4020797227036395,0.4194107452339688,0.3362218370883882,0.44714038128249567
32e5ee42-9c82-4b9d-969f-4fc15fcd4c54,579,DAC,0.4463667820069204,0.34256055363321797,0.46366782006920415,0.3875432525951557,0.43252595155709345,0.41522491349480967,0.4013840830449827,0.4186851211072664,0.3356401384083045,0.4463667820069204
32e5ee42-9c82-4b9d-969f-4fc15fcd4c54,580,DAC,0.44559585492227977,0.34196891191709844,0.46286701208981,0.38687392055267705,0.4386873920552677,0.41450777202072536,0.4006908462867012,0.41796200345423146,0.33506044905008636,0.44559585492227977
32e5ee42-9c82-4b9d-969f-4fc15fcd4c54,581,DAC,0.44482758620689655,0.3413793103448276,0.46206896551724136,0.38620689655172413,0.4379310344827586,0.4206896551724138,0.4,0.41724137931034483,0.33448275862068966,0.44482758620689655
32e5ee42-9c82-4b9d-969f-4fc15fcd4c54,582,DAC,0.4509466437177281,0.3407917383820998,0.4612736660929432,0.3855421686746988,0.43717728055077454,0.4199655765920826,0.3993115318416523,0.4165232358003442,0.33390705679862304,0.4440619621342513
32e5ee42-9c82-4b9d-969f-4fc15fcd4c54,583,DAC,0.45017182130584193,0.3470790378006873,0.46048109965635736,0.3848797250859107,0.436426116838488,0.41924398625429554,0.39862542955326463,0.41580756013745707,0.3333333333333333,0.44329896907216493
32e5ee42-9c82-4b9d-969f-4fc15fcd4c54,584,DAC,0.4562607204116638,0.346483704974271,0.45969125214408235,0.38421955403087477,0.43567753001715265,0.41852487135506006,0.3979416809605489,0.41509433962264153,0.33276157804459694,0.4425385934819897
32e5ee42-9c82-4b9d-969f-4fc15fcd4c54,585,DAC,0.4554794520547945,0.3527397260273973,0.4589041095890411,0.3835616438356164,0.4349315068493151,0.4178082191780822,0.3972602739726027,0.4143835616438356,0.3321917808219178,0.4417808219178082
32e5ee42-9c82-4b9d-969f-4fc15fcd4c54,586,DAC,0.46153846153846156,0.35213675213675216,0.4581196581196581,0.38290598290598293,0.4341880341880342,0.4170940170940171,0.39658119658119656,0.41367521367521365,0.3316239316239316,0.441025641025641
32e5ee42-9c82-4b9d-969f-4fc15fcd4c54,587,DAC,0.46075085324232085,0.3515358361774744,0.45733788395904434,0.3822525597269625,0.4334470989761092,0.41638225255972694,0.39590443686006827,0.4129692832764505,0.3378839590443686,0.4402730375426621
32e5ee42-9c82-4b9d-969f-4fc15fcd4c54,588,DAC,0.4599659284497445,0.35093696763202725,0.4565587734241908,0.38160136286201024,0.4395229982964225,0.41567291311754684,0.39522998296422485,0.4122657580919932,0.3373083475298126,0.4395229982964225
32e5ee42-9c82-4b9d-969f-4fc15fcd4c54,589,DAC,0.45918367346938777,0.35034013605442177,0.4557823129251701,0.38095238095238093,0.4387755102040816,0.41496598639455784,0.3945578231292517,0.41156462585034015,0.3435374149659864,0.4387755102040816
32e5ee42-9c82-4b9d-969f-4fc15fcd4c54,590,DAC,0.45840407470288624,0.34974533106960953,0.4617996604414261,0.38030560271646857,0.4380305602716469,0.4142614601018676,0.3938879456706282,0.41086587436332767,0.34295415959252973,0.4380305602716469
32e5ee42-9c82-4b9d-969f-4fc15fcd4c54,591,DAC,0.4576271186440678,0.3559322033898305,0.4610169491525424,0.37966101694915255,0.43728813559322033,0.4135593220338983,0.39322033898305087,0.4101694915254237,0.3423728813559322,0.43728813559322033
32e5ee42-9c82-4b9d-969f-4fc15fcd4c54,592,DAC,0.45685279187817257,0.3553299492385787,0.4602368866328257,0.3790186125211506,0.4365482233502538,0.4128595600676819,0.3925549915397631,0.41624365482233505,0.34179357021996615,0.4365482233502538
32e5ee42-9c82-4b9d-969f-4fc15fcd4c54,593,DAC,0.4560810810810811,0.3547297297297297,0.4594594594594595,0.3783783783783784,0.4358108108108108,0.41216216216216217,0.3918918918918919,0.4155405405405405,0.34797297297297297,0.4358108108108108
32e5ee42-9c82-4b9d-969f-4fc15fcd4c54,594,DAC,0.45531197301854975,0.35413153456998314,0.45868465430016864,0.3777403035413153,0.4350758853288364,0.4114671163575042,0.3979763912310287,0.4148397976391231,0.3473861720067454,0.4350758853288364
32e5ee42-9c82-4b9d-969f-4fc15fcd4c54,595,DAC,0.46464646464646464,0.35353535353535354,0.45791245791245794,0.3771043771043771,0.43434343434343436,0.4107744107744108,0.39730639730639733,0.41414141414141414,0.3468013468013468,0.43434343434343436
32e5ee42-9c82-4b9d-969f-4fc15fcd4c54,596,DAC,0.4638655462184874,0.35294117647058826,0.45714285714285713,0.3831932773109244,0.4336134453781513,0.41008403361344536,0.39663865546218485,0.4134453781512605,0.346218487394958,0.4336134453781513
32e5ee42-9c82-4b9d-969f-4fc15fcd4c54,597,DAC,0.46308724832214765,0.3523489932885906,0.4563758389261745,0.38926174496644295,0.43288590604026844,0.40939597315436244,0.3959731543624161,0.412751677852349,0.34563758389261745,0.43288590604026844
32e5ee42-9c82-4b9d-969f-4fc15fcd4c54,598,DAC,0.4623115577889447,0.35175879396984927,0.4556113902847571,0.38860971524288107,0.4321608040201005,0.40871021775544386,0.3953098827470687,0.4120603015075377,0.35175879396984927,0.4321608040201005
32e5ee42-9c82-4b9d-969f-4fc15fcd4c54,599,DAC,0.46153846153846156,0.3511705685618729,0.45484949832775917,0.3879598662207358,0.431438127090301,0.41471571906354515,0.39464882943143814,0.411371237458194,0.3511705685618729,0.431438127090301
32e5ee42-9c82-4b9d-969f-4fc15fcd4c54,600,DAC,0.4607679465776294,0.3572621035058431,0.4540901502504174,0.38731218697829717,0.4307178631051753,0.41402337228714525,0.39398998330550916,0.41068447412353926,0.35058430717863104,0.4307178631051753
32e5ee42-9c82-4b9d-969f-4fc15fcd4c54,601,DAC,0.46,0.3566666666666667,0.4533333333333333,0.38666666666666666,0.43,0.41333333333333333,0.4,0.41,0.35,0.43
32e5ee42-9c82-4b9d-969f-4fc15fcd4c54,602,DAC,0.45923460898502494,0.3560732113144759,0.4525790349417637,0.3860232945091514,0.4292845257903494,0.41264559068219636,0.39933444259567386,0.415973377703827,0.34941763727121466,0.4292845257903494
32e5ee42-9c82-4b9d-969f-4fc15fcd4c54,603,DAC,0.4584717607973422,0.3554817275747508,0.45182724252491696,0.3920265780730897,0.42857142857142855,0.4119601328903654,0.39867109634551495,0.4152823920265781,0.3488372093023256,0.42857142857142855
32e5ee42-9c82-4b9d-969f-4fc15fcd4c54,604,DAC,0.4577114427860697,0.3548922056384743,0.45107794361525705,0.3913764510779436,0.42786069651741293,0.41127694859038144,0.39800995024875624,0.41459369817578773,0.3548922056384743,0.42786069651741293
32e5ee42-9c82-4b9d-969f-4fc15fcd4c54,605,DAC,0.45695364238410596,0.3543046357615894,0.4503311258278146,0.39072847682119205,0.4337748344370861,0.4105960264900662,0.3973509933774834,0.4139072847682119,0.3543046357615894,0.4271523178807947
32e5ee42-9c82-4b9d-969f-4fc15fcd4c54,606,DAC,0.456198347107438,0.3603305785123967,0.44958677685950416,0.39008264462809916,0.43305785123966944,0.4099173553719008,0.39669421487603307,0.4132231404958678,0.3537190082644628,0.42644628099173554
32e5ee42-9c82-4b9d-969f-4fc15fcd4c54,607,DAC,0.45544554455445546,0.35973597359735976,0.45544554455445546,0.38943894389438943,0.43234323432343236,0.40924092409240925,0.39603960396039606,0.41254125412541254,0.35313531353135313,0.42574257425742573
32e5ee42-9c82-4b9d-969f-4fc15fcd4c54,608,DAC,0.4546952224052718,0.3657331136738056,0.4546952224052718,0.38879736408566723,0.4316309719934102,0.4085667215815486,0.3953871499176277,0.41186161449752884,0.3525535420098847,0.42504118616144976
32e5ee42-9c82-4b9d-969f-4fc15fcd4c54,609,DAC,0.45394736842105265,0.3651315789473684,0.45394736842105265,0.39473684210526316,0.4309210526315789,0.40789473684210525,0.39473684210526316,0.41118421052631576,0.3519736842105263,0.4243421052631579
32e5ee42-9c82-4b9d-969f-4fc15fcd4c54,610,DAC,0.45320197044334976,0.3645320197044335,0.45320197044334976,0.39408866995073893,0.4302134646962233,0.4072249589490969,0.39408866995073893,0.41707717569786534,0.35139573070607555,0.4236453201970443
32e5ee42-9c82-4b9d-969f-4fc15fcd4c54,611,DAC,0.4524590163934426,0.3639344262295082,0.4524590163934426,0.39344262295081966,0.42950819672131146,0.4131147540983607,0.39344262295081966,0.4163934426229508,0.35081967213114756,0.42295081967213116
32e5ee42-9c82-4b9d-969f-4fc15fcd4c54,612,DAC,0.45171849427168576,0.36333878887070375,0.4582651391162029,0.39279869067103107,0.4288052373158756,0.41243862520458263,0.39279869067103107,0.4157119476268412,0.3502454991816694,0.42225859247135844
32e5ee42-9c82-4b9d-969f-4fc15fcd4c54,613,DAC,0.45098039215686275,0.3627450980392157,0.45751633986928103,0.39215686274509803,0.42810457516339867,0.4117647058823529,0.39869281045751637,0.4150326797385621,0.34967320261437906,0.4215686274509804
32e5ee42-9c82-4b9d-969f-4fc15fcd4c54,614,DAC,0.45024469820554647,0.3621533442088091,0.4567699836867863,0.3915171288743883,0.4274061990212072,0.4110929853181077,0.40456769983686786,0.41435562805872755,0.34910277324632955,0.42088091353996737
32e5ee42-9c82-4b9d-969f-4fc15fcd4c54,615,DAC,0.4495114006514658,0.36807817589576547,0.4560260586319218,0.39087947882736157,0.42671009771986973,0.41042345276872966,0.40390879478827363,0.41368078175895767,0.3485342019543974,0.4201954397394137
32e5ee42-9c82-4b9d-969f-4fc15fcd4c54,616,DAC,0.44878048780487806,0.367479674796748,0.45528455284552843,0.3902439024390244,0.432520325203252,0.4097560975609756,0.4032520325203252,0.41300813008130083,0.34796747967479674,0.4195121951219512
32e5ee42-9c82-4b9d-969f-4fc15fcd4c54,617,DAC,0.44805194805194803,0.36688311688311687,0.45454545454545453,0.38961038961038963,0.4318181818181818,0.41883116883116883,0.4025974025974026,0.41233766233766234,0.3474025974025974,0.41883116883116883
32e5ee42-9c82-4b9d-969f-4fc15fcd4c54,618,DAC,0.4473257698541329,0.36628849270664504,0.46029173419773095,0.3889789303079417,0.43111831442463533,0.4181523500810373,0.4019448946515397,0.41166936790923825,0.34683954619124796,0.4181523500810373
32e5ee42-9c82-4b9d-969f-4fc15fcd4c54,619,DAC,0.44660194174757284,0.3656957928802589,0.459546925566343,0.3883495145631068,0.43042071197411,0.4174757281553398,0.40129449838187703,0.4110032362459547,0.34627831715210355,0.42394822006472493
32e5ee42-9c82-4b9d-969f-4fc15fcd4c54,620,DAC,0.4458804523424879,0.3651050080775444,0.4588045234248788,0.3877221324717286,0.4297253634894992,0.4168012924071082,0.40064620355411956,0.41033925686591277,0.35218093699515346,0.42326332794830374
32e5ee42-9c82-4b9d-969f-4fc15fcd4c54,621,DAC,0.44516129032258067,0.36451612903225805,0.45806451612903226,0.3935483870967742,0.4290322580645161,0.4161290322580645,0.4,0.4096774193548387,0.35161290322580646,0.42258064516129035
32e5ee42-9c82-4b9d-969f-4fc15fcd4c54,622,DAC,0.4444444444444444,0.3639291465378422,0.463768115942029,0.392914653784219,0.428341384863124,0.41545893719806765,0.3993558776167472,0.40901771336553944,0.35104669887278583,0.4219001610305958
32e5ee42-9c82-4b9d-969f-4fc15fcd4c54,623,DAC,0.4437299035369775,0.3633440514469453,0.4630225080385852,0.39228295819935693,0.42765273311897106,0.41479099678456594,0.3987138263665595,0.40836012861736337,0.35691318327974275,0.4212218649517685
32e5ee42-9c82-4b9d-969f-4fc15fcd4c54,624,DAC,0.44301765650080255,0.36276083467094705,0.4622792937399679,0.391653290529695,0.42696629213483145,0.41412520064205455,0.39807383627608345,0.40770465489566615,0.3563402889245586,0.42696629213483145
32e5ee42-9c82-4b9d-969f-4fc15fcd4c54,625,DAC,0.4423076923076923,0.36217948717948717,0.46153846153846156,0.391025641025641,0.42628205128205127,0.41346153846153844,0.3974358974358974,0.41346153846153844,0.3557692307692308,0.42628205128205127
32e5ee42-9c82-4b9d-969f-4fc15fcd4c54,626,DAC,0.448,0.3616,0.4608,0.3904,0.4256,0.4128,0.3968,0.4128,0.3552,0.4256
32e5ee42-9c82-4b9d-969f-4fc15fcd4c54,627,DAC,0.4536741214057508,0.3610223642172524,0.46006389776357826,0.38977635782747605,0.4249201277955272,0.41214057507987223,0.3961661341853035,0.41214057507987223,0.3546325878594249,0.4249201277955272
32e5ee42-9c82-4b9d-969f-4fc15fcd4c54,628,DAC,0.45933014354066987,0.36044657097288674,0.45933014354066987,0.38915470494417864,0.42424242424242425,0.41148325358851673,0.39553429027113235,0.41148325358851673,0.35406698564593303,0.42424242424242425
32e5ee42-9c82-4b9d-969f-4fc15fcd4c54,629,DAC,0.4585987261146497,0.35987261146496813,0.46496815286624205,0.3885350318471338,0.42356687898089174,0.410828025477707,0.39490445859872614,0.410828025477707,0.3535031847133758,0.42356687898089174
32e5ee42-9c82-4b9d-969f-4fc15fcd4c54,630,DAC,0.4578696343402226,0.35930047694753575,0.4642289348171701,0.38791732909379967,0.42289348171701113,0.41017488076311603,0.3942766295707472,0.41017488076311603,0.35294117647058826,0.4292527821939587
32e5ee42-9c82-4b9d-969f-4fc15fcd4c54,631,DAC,0.45714285714285713,0.35873015873015873,0.46984126984126984,0.3873015873015873,0.4222222222222222,0.4095238095238095,0.39365079365079364,0.4095238095238095,0.3523809523809524,0.42857142857142855
32e5ee42-9c82-4b9d-969f-4fc15fcd4c54,632,DAC,0.45641838351822506,0.358161648177496,0.46909667194928684,0.3866877971473851,0.4215530903328051,0.40887480190174325,0.393026941362916,0.4152139461172742,0.3518225039619651,0.42789223454833597
32e5ee42-9c82-4b9d-969f-4fc15fcd4c54,633,DAC,0.45569620253164556,0.3575949367088608,0.46835443037974683,0.3860759493670886,0.4208860759493671,0.40822784810126583,0.3924050632911392,0.41455696202531644,0.3512658227848101,0.43354430379746833
32e5ee42-9c82-4b9d-969f-4fc15fcd4c54,634,DAC,0.4549763033175355,0.3570300157977883,0.4676145339652449,0.3854660347551343,0.42022116903633494,0.4075829383886256,0.39178515007898895,0.41390205371248023,0.3570300157977883,0.43285939968404424
32e5ee42-9c82-4b9d-969f-4fc15fcd4c54,635,DAC,0.45425867507886436,0.35646687697160884,0.4668769716088328,0.38485804416403785,0.4195583596214511,0.4069400630914827,0.3911671924290221,0.4195583596214511,0.35646687697160884,0.43217665615141954
32e5ee42-9c82-4b9d-969f-4fc15fcd4c54,636,DAC,0.45354330708661417,0.35590551181102364,0.46614173228346456,0.384251968503937,0.4188976377952756,0.4125984251968504,0.3905511811023622,0.4188976377952756,0.35590551181102364,0.431496062992126
32e5ee42-9c82-4b9d-969f-4fc15fcd4c54,637,DAC,0.4528301886792453,0.3553459119496855,0.46540880503144655,0.3836477987421384,0.41823899371069184,0.4119496855345912,0.389937106918239,0.42452830188679247,0.3553459119496855,0.4308176100628931
32e5ee42-9c82-4b9d-969f-4fc15fcd4c54,638,DAC,0.4521193092621664,0.35478806907378335,0.46467817896389324,0.38304552590266877,0.4175824175824176,0.41130298273155413,0.3893249607535322,0.4301412872841444,0.35478806907378335,0.4301412872841444
32e5ee42-9c82-4b9d-969f-4fc15fcd4c54,639,DAC,0.45141065830721006,0.3542319749216301,0.46394984326018807,0.3824451410658307,0.4169278996865204,0.4200626959247649,0.3887147335423197,0.42946708463949845,0.3542319749216301,0.42946708463949845
32e5ee42-9c82-4b9d-969f-4fc15fcd4c54,640,DAC,0.4507042253521127,0.3536776212832551,0.46322378716744916,0.38184663536776214,0.4162754303599374,0.4194053208137715,0.39436619718309857,0.4287949921752739,0.3536776212832551,0.4287949921752739
32e5ee42-9c82-4b9d-969f-4fc15fcd4c54,641,DAC,0.45625,0.353125,0.4625,0.38125,0.415625,0.41875,0.39375,0.428125,0.353125,0.428125
32e5ee42-9c82-4b9d-969f-4fc15fcd4c54,642,DAC,0.45553822152886114,0.358814352574103,0.46177847113884557,0.38065522620904835,0.41497659906396256,0.41809672386895474,0.39313572542901715,0.42745709828393136,0.35257410296411856,0.42745709828393136
32e5ee42-9c82-4b9d-969f-4fc15fcd4c54,643,DAC,0.45482866043613707,0.3582554517133956,0.46105919003115264,0.38006230529595014,0.4143302180685358,0.4174454828660436,0.3925233644859813,0.42679127725856697,0.35202492211838005,0.43302180685358255
32e5ee42-9c82-4b9d-969f-4fc15fcd4c54,644,DAC,0.45412130637636083,0.35769828926905134,0.4603421461897356,0.37947122861586313,0.41368584758942456,0.416796267496112,0.39813374805598756,0.4261275272161742,0.3514774494556765,0.432348367029549
32e5ee42-9c82-4b9d-969f-4fc15fcd4c54,645,DAC,0.453416149068323,0.36335403726708076,0.45962732919254656,0.37888198757763975,0.41304347826086957,0.4161490683229814,0.39751552795031053,0.4254658385093168,0.35093167701863354,0.43167701863354035
32e5ee42-9c82-4b9d-969f-4fc15fcd4c54,646,DAC,0.45271317829457364,0.3627906976744186,0.45891472868217054,0.37829457364341085,0.4124031007751938,0.41550387596899224,0.39689922480620154,0.4248062015503876,0.35658914728682173,0.4310077519379845
32e5ee42-9c82-4b9d-969f-4fc15fcd4c54,647,DAC,0.4520123839009288,0.3622291021671827,0.4582043343653251,0.37770897832817335,0.4117647058823529,0.4148606811145511,0.4024767801857585,0.4241486068111455,0.3560371517027864,0.43034055727554177
32e5ee42-9c82-4b9d-969f-4fc15fcd4c54,648,DAC,0.45131375579598143,0.3678516228748068,0.4574961360123648,0.37712519319938176,0.41112828438948995,0.4142194744976816,0.401854714064915,0.4234930448222566,0.3554868624420402,0.42967542503863987
32e5ee42-9c82-4b9d-969f-4fc15fcd4c54,649,DAC,0.4506172839506173,0.36728395061728397,0.46296296296296297,0.3765432098765432,0.4104938271604938,0.41358024691358025,0.4012345679012346,0.4228395061728395,0.3549382716049383,0.42901234567901236
32e5ee42-9c82-4b9d-969f-4fc15fcd4c54,650,DAC,0.44992295839753466,0.3667180277349769,0.4622496147919877,0.37596302003081666,0.4098613251155624,0.41294298921417566,0.40061633281972264,0.4283513097072419,0.3543913713405239,0.4283513097072419
32e5ee42-9c82-4b9d-969f-4fc15fcd4c54,651,DAC,0.4492307692307692,0.36615384615384616,0.46153846153846156,0.38153846153846155,0.40923076923076923,0.4123076923076923,0.4,0.4276923076923077,0.35384615384615387,0.4276923076923077
32e5ee42-9c82-4b9d-969f-4fc15fcd4c54,652,DAC,0.4485407066052227,0.3655913978494624,0.4608294930875576,0.3870967741935484,0.40860215053763443,0.4116743471582181,0.39938556067588327,0.4270353302611367,0.3533026113671275,0.4270353302611367
32e5ee42-9c82-4b9d-969f-4fc15fcd4c54,653,DAC,0.4539877300613497,0.36503067484662577,0.4601226993865031,0.38650306748466257,0.40797546012269936,0.4110429447852761,0.3987730061349693,0.4263803680981595,0.35276073619631904,0.4263803680981595
32e5ee42-9c82-4b9d-969f-4fc15fcd4c54,654,DAC,0.45329249617151607,0.36447166921898927,0.45941807044410415,0.38591117917304746,0.40735068912710565,0.4104134762633997,0.3981623277182236,0.4318529862174579,0.35222052067381315,0.42572741194486985
32e5ee42-9c82-4b9d-969f-4fc15fcd4c54,655,DAC,0.4525993883792049,0.363914373088685,0.45871559633027525,0.3853211009174312,0.40672782874617736,0.40978593272171254,0.39755351681957185,0.43119266055045874,0.3577981651376147,0.42507645259938837
32e5ee42-9c82-4b9d-969f-4fc15fcd4c54,656,DAC,0.45190839694656487,0.36335877862595417,0.4580152671755725,0.3847328244274809,0.40610687022900765,0.40916030534351144,0.3969465648854962,0.4366412213740458,0.35725190839694654,0.42442748091603055
32e5ee42-9c82-4b9d-969f-4fc15fcd4c54,657,DAC,0.4573170731707317,0.3628048780487805,0.4573170731707317,0.38414634146341464,0.4054878048780488,0.40853658536585363,0.39634146341463417,0.43597560975609756,0.3567073170731707,0.42378048780487804
32e5ee42-9c82-4b9d-969f-4fc15fcd4c54,658,DAC,0.45662100456621,0.3622526636225266,0.45662100456621,0.3835616438356164,0.410958904109589,0.4079147640791476,0.395738203957382,0.4353120243531202,0.3561643835616438,0.4231354642313546
32e5ee42-9c82-4b9d-969f-4fc15fcd4c54,659,DAC,0.45592705167173253,0.3617021276595745,0.46200607902735563,0.3829787234042553,0.41033434650455924,0.4072948328267477,0.3951367781155015,0.43465045592705165,0.3556231003039514,0.42249240121580545
32e5ee42-9c82-4b9d-969f-4fc15fcd4c54,660,DAC,0.4552352048558422,0.36722306525037934,0.4613050075872534,0.38239757207890746,0.40971168437025796,0.40667678300455234,0.3945371775417299,0.4339908952959029,0.3550834597875569,0.4218512898330804
32e5ee42-9c82-4b9d-969f-4fc15fcd4c54,661,DAC,0.45454545454545453,0.36666666666666664,0.46060606060606063,0.38181818181818183,0.4090909090909091,0.40606060606060607,0.3939393939393939,0.43333333333333335,0.35454545454545455,0.4303030303030303
32e5ee42-9c82-4b9d-969f-4fc15fcd4c54,662,DAC,0.45385779122541603,0.3661119515885023,0.4599092284417549,0.3812405446293495,0.4084720121028744,0.405446293494705,0.39939485627836613,0.43267776096822996,0.3540090771558245,0.4296520423600605
32e5ee42-9c82-4b9d-969f-4fc15fcd4c54,663,DAC,0.45317220543806647,0.36555891238670696,0.459214501510574,0.3806646525679758,0.41389728096676737,0.40483383685800606,0.3987915407854985,0.43202416918429004,0.35347432024169184,0.42900302114803623
32e5ee42-9c82-4b9d-969f-4fc15fcd4c54,664,DAC,0.45248868778280543,0.3650075414781297,0.45852187028657615,0.38009049773755654,0.4132730015082956,0.4042232277526395,0.39819004524886875,0.4374057315233786,0.35294117647058826,0.42835595776772245
32e5ee42-9c82-4b9d-969f-4fc15fcd4c54,665,DAC,0.45180722891566266,0.3644578313253012,0.4578313253012048,0.3795180722891566,0.4126506024096386,0.4036144578313253,0.39759036144578314,0.4367469879518072,0.35240963855421686,0.43373493975903615
32e5ee42-9c82-4b9d-969f-4fc15fcd4c54,666,DAC,0.45112781954887216,0.3699248120300752,0.45714285714285713,0.37894736842105264,0.4120300751879699,0.4030075187969925,0.3969924812030075,0.43609022556390975,0.3518796992481203,0.4330827067669173
32e5ee42-9c82-4b9d-969f-4fc15fcd4c54,667,DAC,0.45045045045045046,0.36936936936936937,0.45645645645645644,0.3783783783783784,0.4114114114114114,0.4024024024024024,0.3963963963963964,0.44144144144144143,0.35135135135135137,0.43243243243243246
32e5ee42-9c82-4b9d-969f-4fc15fcd4c54,668,DAC,0.4497751124437781,0.36881559220389803,0.45577211394302847,0.3778110944527736,0.41679160419790107,0.4017991004497751,0.39580209895052476,0.4407796101949025,0.35082458770614694,0.431784107946027
32e5ee42-9c82-4b9d-969f-4fc15fcd4c54,669,DAC,0.4550898203592814,0.36826347305389223,0.4550898203592814,0.3772455089820359,0.4161676646706587,0.40119760479041916,0.39520958083832336,0.44011976047904194,0.3502994011976048,0.4311377245508982
32e5ee42-9c82-4b9d-969f-4fc15fcd4c54,670,DAC,0.45440956651718983,0.37369207772795215,0.45440956651718983,0.37668161434977576,0.4155455904334828,0.40059790732436473,0.39461883408071746,0.43946188340807174,0.34977578475336324,0.4304932735426009
32e5ee42-9c82-4b9d-969f-4fc15fcd4c54,671,DAC,0.4537313432835821,0.373134328358209,0.4537313432835821,0.3761194029850746,0.41492537313432837,0.4,0.3940298507462687,0.4388059701492537,0.3492537313432836,0.43582089552238806
32e5ee42-9c82-4b9d-969f-4fc15fcd4c54,672,DAC,0.45305514157973176,0.37257824143070045,0.45305514157973176,0.37555886736214605,0.4143070044709389,0.40536512667660207,0.39344262295081966,0.43815201192250375,0.34873323397913564,0.43517138599105815
32e5ee42-9c82-4b9d-969f-4fc15fcd4c54,673,DAC,0.4523809523809524,0.37202380952380953,0.4523809523809524,0.375,0.41964285714285715,0.40476190476190477,0.39285714285714285,0.4375,0.3482142857142857,0.43452380952380953
32e5ee42-9c82-4b9d-969f-4fc15fcd4c54,674,DAC,0.4576523031203566,0.37147102526002973,0.45170876671619614,0.37444279346210996,0.41901931649331353,0.40416047548291234,0.3922734026745914,0.43684992570579495,0.3476968796433878,0.4338781575037147
32e5ee42-9c82-4b9d-969f-4fc15fcd4c54,675,DAC,0.456973293768546,0.3768545994065282,0.45103857566765576,0.37388724035608306,0.41839762611275966,0.4035608308605341,0.3916913946587537,0.4362017804154303,0.34718100890207715,0.4332344213649852
32e5ee42-9c82-4b9d-969f-4fc15fcd4c54,676,DAC,0.4562962962962963,0.3762962962962963,0.4562962962962963,0.37333333333333335,0.4177777777777778,0.40296296296296297,0.39111111111111113,0.43555555555555553,0.3466666666666667,0.4325925925925926
32e5ee42-9c82-4b9d-969f-4fc15fcd4c54,677,DAC,0.4556213017751479,0.3757396449704142,0.4556213017751479,0.3727810650887574,0.4171597633136095,0.40828402366863903,0.3905325443786982,0.4349112426035503,0.34615384615384615,0.4319526627218935
32e5ee42-9c82-4b9d-969f-4fc15fcd4c54,678,DAC,0.4549483013293944,0.37518463810930575,0.4549483013293944,0.3722304283604136,0.41654357459379615,0.4076809453471196,0.38995568685376664,0.4342688330871492,0.345642540620384,0.43722304283604135
32e5ee42-9c82-4b9d-969f-4fc15fcd4c54,679,DAC,0.45427728613569324,0.3746312684365782,0.45427728613569324,0.37168141592920356,0.4218289085545723,0.40707964601769914,0.3893805309734513,0.4336283185840708,0.34513274336283184,0.4365781710914454
32e5ee42-9c82-4b9d-969f-4fc15fcd4c54,680,DAC,0.4536082474226804,0.3799705449189985,0.4536082474226804,0.3711340206185567,0.4212076583210604,0.406480117820324,0.38880706921944036,0.4329896907216495,0.3446244477172312,0.43593519882179677
32e5ee42-9c82-4b9d-969f-4fc15fcd4c54,681,DAC,0.45294117647058824,0.37941176470588234,0.45294117647058824,0.37058823529411766,0.42058823529411765,0.40588235294117647,0.38823529411764707,0.43823529411764706,0.34411764705882353,0.43529411764705883
32e5ee42-9c82-4b9d-969f-4fc15fcd4c54,682,DAC,0.4522760646108664,0.3788546255506608,0.4522760646108664,0.3700440528634361,0.4199706314243759,0.4052863436123348,0.3935389133627019,0.43759177679882527,0.3436123348017621,0.434654919236417
32e5ee42-9c82-4b9d-969f-4fc15fcd4c54,683,DAC,0.45161290322580644,0.3782991202346041,0.45161290322580644,0.36950146627565983,0.41935483870967744,0.41348973607038125,0.39296187683284456,0.436950146627566,0.34310850439882695,0.4340175953079179
32e5ee42-9c82-4b9d-969f-4fc15fcd4c54,684,DAC,0.45095168374816985,0.37774524158125916,0.4568081991215227,0.3689604685212299,0.41874084919472915,0.4128843338213763,0.3923865300146413,0.4363103953147877,0.34260614934114203,0.4333821376281113
32e5ee42-9c82-4b9d-969f-4fc15fcd4c54,685,DAC,0.4502923976608187,0.37719298245614036,0.45614035087719296,0.3684210526315789,0.41812865497076024,0.41228070175438597,0.391812865497076,0.43567251461988304,0.347953216374269,0.4327485380116959
32e5ee42-9c82-4b9d-969f-4fc15fcd4c54,686,DAC,0.44963503649635034,0.37664233576642336,0.4554744525547445,0.3678832116788321,0.41751824817518246,0.4116788321167883,0.39124087591240875,0.43503649635036495,0.34744525547445254,0.43795620437956206
32e5ee42-9c82-4b9d-969f-4fc15fcd4c54,687,DAC,0.4489795918367347,0.3760932944606414,0.45481049562682213,0.3673469387755102,0.41690962099125367,0.41690962099125367,0.39067055393586003,0.43440233236151604,0.3469387755102041,0.43731778425655976
32e5ee42-9c82-4b9d-969f-4fc15fcd4c54,688,DAC,0.4483260553129549,0.37554585152838427,0.45414847161572053,0.3726346433770015,0.4163027656477438,0.4163027656477438,0.3901018922852984,0.43377001455604075,0.34643377001455605,0.4366812227074236
32e5ee42-9c82-4b9d-969f-4fc15fcd4c54,689,DAC,0.4476744186046512,0.375,0.45348837209302323,0.37209302325581395,0.41569767441860467,0.41569767441860467,0.38953488372093026,0.4331395348837209,0.35174418604651164,0.436046511627907
32e5ee42-9c82-4b9d-969f-4fc15fcd4c54,690,DAC,0.44702467343976776,0.37445573294629897,0.4528301886792453,0.37155297532656023,0.420899854862119,0.41509433962264153,0.3889695210449927,0.432510885341074,0.35123367198838895,0.43541364296081275
32e5ee42-9c82-4b9d-969f-4fc15fcd4c54,691,DAC,0.4463768115942029,0.3739130434782609,0.45217391304347826,0.3710144927536232,0.42028985507246375,0.42028985507246375,0.3884057971014493,0.4318840579710145,0.3507246376811594,0.43478260869565216
32e5ee42-9c82-4b9d-969f-4fc15fcd4c54,692,DAC,0.44573082489146165,0.37337192474674386,0.4515195369030391,0.3704775687409551,0.4196816208393632,0.4196816208393632,0.3878437047756874,0.4312590448625181,0.35600578871201155,0.4341534008683068
32e5ee42-9c82-4b9d-969f-4fc15fcd4c54,693,DAC,0.44508670520231214,0.37283236994219654,0.4508670520231214,0.3699421965317919,0.4190751445086705,0.4190751445086705,0.3872832369942196,0.43641618497109824,0.3554913294797688,0.43352601156069365
32e5ee42-9c82-4b9d-969f-4fc15fcd4c54,694,DAC,0.45021645021645024,0.3722943722943723,0.45021645021645024,0.3694083694083694,0.4184704184704185,0.4184704184704185,0.38672438672438675,0.4357864357864358,0.354978354978355,0.4329004329004329
32e5ee42-9c82-4b9d-969f-4fc15fcd4c54,695,DAC,0.4495677233429395,0.37175792507204614,0.4495677233429395,0.3688760806916426,0.41786743515850144,0.42363112391930835,0.3861671469740634,0.43515850144092216,0.35446685878962536,0.4322766570605187
32e5ee42-9c82-4b9d-969f-4fc15fcd4c54,696,DAC,0.4489208633093525,0.3712230215827338,0.4489208633093525,0.3683453237410072,0.42302158273381296,0.42302158273381296,0.3856115107913669,0.43453237410071943,0.3539568345323741,0.4316546762589928
32e5ee42-9c82-4b9d-969f-4fc15fcd4c54,697,DAC,0.4482758620689655,0.3706896551724138,0.4482758620689655,0.367816091954023,0.4224137931034483,0.4224137931034483,0.3850574712643678,0.4339080459770115,0.35919540229885055,0.43103448275862066
32e5ee42-9c82-4b9d-969f-4fc15fcd4c54,698,DAC,0.44763271162123386,0.3701578192252511,0.44763271162123386,0.3672883787661406,0.4218077474892396,0.4218077474892396,0.38450502152080346,0.4332855093256815,0.3586800573888092,0.43615494978479197
32e5ee42-9c82-4b9d-969f-4fc15fcd4c54,699,DAC,0.4469914040114613,0.36962750716332377,0.45272206303724927,0.3667621776504298,0.42120343839541546,0.42120343839541546,0.3839541547277937,0.4326647564469914,0.35816618911174786,0.4355300859598854
32e5ee42-9c82-4b9d-969f-4fc15fcd4c54,700,DAC,0.4520743919885551,0.36909871244635195,0.4520743919885551,0.36623748211731044,0.4206008583690987,0.4206008583690987,0.3834048640915594,0.43204577968526464,0.35765379113018597,0.43490701001430615
32e5ee42-9c82-4b9d-969f-4fc15fcd4c54,701,DAC,0.4514285714285714,0.36857142857142855,0.4514285714285714,0.3657142857142857,0.42,0.42,0.38285714285714284,0.43714285714285717,0.35714285714285715,0.4342857142857143
32e5ee42-9c82-4b9d-969f-4fc15fcd4c54,702,DAC,0.4507845934379458,0.3680456490727532,0.4507845934379458,0.3651925820256776,0.42510699001426533,0.4194008559201141,0.38231098430813126,0.43651925820256776,0.3566333808844508,0.43366619115549215
32e5ee42-9c82-4b9d-969f-4fc15fcd4c54,703,DAC,0.45014245014245013,0.36752136752136755,0.45014245014245013,0.3646723646723647,0.42450142450142453,0.4188034188034188,0.38746438746438744,0.4358974358974359,0.3561253561253561,0.43304843304843305
32e5ee42-9c82-4b9d-969f-4fc15fcd4c54,704,DAC,0.44950213371266,0.3669985775248933,0.45519203413940257,0.36415362731152207,0.4238975817923186,0.4182076813655761,0.3869132290184922,0.4352773826458037,0.35561877667140823,0.43243243243243246
32e5ee42-9c82-4b9d-969f-4fc15fcd4c54,705,DAC,0.44886363636363635,0.3664772727272727,0.45454545454545453,0.36363636363636365,0.42329545454545453,0.41761363636363635,0.38636363636363635,0.4346590909090909,0.35511363636363635,0.4403409090909091
32e5ee42-9c82-4b9d-969f-4fc15fcd4c54,706,DAC,0.4482269503546099,0.3659574468085106,0.45390070921985815,0.36312056737588655,0.4226950354609929,0.41702127659574467,0.39148936170212767,0.4340425531914894,0.3546099290780142,0.4397163120567376
32e5ee42-9c82-4b9d-969f-4fc15fcd4c54,707,DAC,0.4475920679886686,0.37110481586402266,0.45325779036827196,0.3626062322946176,0.42209631728045327,0.4164305949008499,0.3909348441926346,0.43342776203966005,0.35410764872521244,0.43909348441926344
32e5ee42-9c82-4b9d-969f-4fc15fcd4c54,708,DAC,0.44695898161244696,0.37057991513437055,0.4526166902404526,0.3620933521923621,0.4214992927864215,0.4214992927864215,0.39038189533239037,0.4328147100424328,0.3536067892503536,0.43847241867043846
32e5ee42-9c82-4b9d-969f-4fc15fcd4c54,709,DAC,0.4463276836158192,0.3700564971751412,0.4519774011299435,0.3615819209039548,0.4209039548022599,0.4209039548022599,0.3954802259887006,0.4322033898305085,0.3531073446327684,0.4378531073446328
32e5ee42-9c82-4b9d-969f-4fc15fcd4c54,710,DAC,0.4513399153737659,0.3695345557122708,0.4513399153737659,0.3610719322990127,0.4203102961918195,0.4203102961918195,0.39492242595204513,0.4315937940761636,0.3526093088857546,0.43723554301833567
32e5ee42-9c82-4b9d-969f-4fc15fcd4c54,711,DAC,0.4507042253521127,0.36901408450704226,0.4507042253521127,0.36619718309859156,0.4197183098591549,0.4197183098591549,0.39436619718309857,0.4309859154929577,0.352112676056338,0.43661971830985913
32e5ee42-9c82-4b9d-969f-4fc15fcd4c54,712,DAC,0.450070323488045,0.36849507735583686,0.450070323488045,0.3656821378340366,0.4191279887482419,0.4191279887482419,0.39381153305203936,0.43037974683544306,0.35724331926863573,0.4360056258790436
32e5ee42-9c82-4b9d-969f-4fc15fcd4c54,713,DAC,0.449438202247191,0.36797752808988765,0.4550561797752809,0.3651685393258427,0.41853932584269665,0.41853932584269665,0.39325842696629215,0.4297752808988764,0.35674157303370785,0.4353932584269663
32e5ee42-9c82-4b9d-969f-4fc15fcd4c54,714,DAC,0.4488078541374474,0.36746143057503505,0.4544179523141655,0.364656381486676,0.4179523141654979,0.4179523141654979,0.39270687237026647,0.43478260869565216,0.35624123422159887,0.43478260869565216
32e5ee42-9c82-4b9d-969f-4fc15fcd4c54,715,DAC,0.4481792717086835,0.36694677871148457,0.45938375350140054,0.3641456582633053,0.4173669467787115,0.4173669467787115,0.39215686274509803,0.4341736694677871,0.3557422969187675,0.4341736694677871
32e5ee42-9c82-4b9d-969f-4fc15fcd4c54,716,DAC,0.44755244755244755,0.36643356643356645,0.45874125874125876,0.36363636363636365,0.4167832167832168,0.4167832167832168,0.3916083916083916,0.43356643356643354,0.36083916083916084,0.43356643356643354
32e5ee42-9c82-4b9d-969f-4fc15fcd4c54,717,DAC,0.44692737430167595,0.3659217877094972,0.4581005586592179,0.36312849162011174,0.41620111731843573,0.42178770949720673,0.39106145251396646,0.4329608938547486,0.36033519553072624,0.4329608938547486
32e5ee42-9c82-4b9d-969f-4fc15fcd4c54,718,DAC,0.44630404463040446,0.36541143654114366,0.45746164574616455,0.36262203626220363,0.41562064156206413,0.4211994421199442,0.3905160390516039,0.43235704323570434,0.3598326359832636,0.43793584379358436
32e5ee42-9c82-4b9d-969f-4fc15fcd4c54,719,DAC,0.4456824512534819,0.3649025069637883,0.4568245125348189,0.362116991643454,0.415041782729805,0.42618384401114207,0.38997214484679665,0.43175487465181056,0.3593314763231198,0.4373259052924791
32e5ee42-9c82-4b9d-969f-4fc15fcd4c54,720,DAC,0.44506258692628653,0.36439499304589706,0.4561891515994437,0.3671766342141864,0.4144645340751043,0.42559109874826145,0.3894297635605007,0.43115438108484005,0.3588317107093185,0.43671766342141866
32e5ee42-9c82-4b9d-969f-4fc15fcd4c54,721,DAC,0.4444444444444444,0.3638888888888889,0.45555555555555555,0.36666666666666664,0.41388888888888886,0.425,0.3888888888888889,0.4361111111111111,0.35833333333333334,0.4361111111111111
32e5ee42-9c82-4b9d-969f-4fc15fcd4c54,722,DAC,0.44382801664355065,0.3633841886269071,0.4549237170596394,0.36615811373092927,0.4133148404993065,0.42441054091539526,0.3883495145631068,0.435506241331484,0.3578363384188627,0.44105409153952846
32e5ee42-9c82-4b9d-969f-4fc15fcd4c54,723,DAC,0.44321329639889195,0.3628808864265928,0.45429362880886426,0.3656509695290859,0.41274238227146814,0.4293628808864266,0.3878116343490305,0.43490304709141275,0.3573407202216066,0.4404432132963989
32e5ee42-9c82-4b9d-969f-4fc15fcd4c54,724,DAC,0.4426002766251729,0.3623789764868603,0.4536652835408022,0.3706777316735823,0.41217150760719223,0.4287690179806362,0.3872752420470263,0.4343015214384509,0.35684647302904565,0.43983402489626555
32e5ee42-9c82-4b9d-969f-4fc15fcd4c54,725,DAC,0.4419889502762431,0.36187845303867405,0.4530386740331492,0.3701657458563536,0.4171270718232044,0.4281767955801105,0.3867403314917127,0.43370165745856354,0.356353591160221,0.43922651933701656
32e5ee42-9c82-4b9d-969f-4fc15fcd4c54,726,DAC,0.4413793103448276,0.36137931034482756,0.45241379310344826,0.3696551724137931,0.4220689655172414,0.42758620689655175,0.38620689655172413,0.43310344827586206,0.35586206896551725,0.4386206896551724
32e5ee42-9c82-4b9d-969f-4fc15fcd4c54,727,DAC,0.44077134986225897,0.3608815426997245,0.45179063360881544,0.3691460055096419,0.4214876033057851,0.42699724517906334,0.3856749311294766,0.4325068870523416,0.35537190082644626,0.4462809917355372
32e5ee42-9c82-4b9d-969f-4fc15fcd4c54,728,DAC,0.44566712517193946,0.3603851444291609,0.4511691884456671,0.3686382393397524,0.42090784044016505,0.4264099037138927,0.38514442916093533,0.43191196698762035,0.35488308115543327,0.44566712517193946
32e5ee42-9c82-4b9d-969f-4fc15fcd4c54,729,DAC,0.44505494505494503,0.3598901098901099,0.45054945054945056,0.37362637362637363,0.42032967032967034,0.4258241758241758,0.38461538461538464,0.43131868131868134,0.3543956043956044,0.44505494505494503
32e5ee42-9c82-4b9d-969f-4fc15fcd4c54,730,DAC,0.4444444444444444,0.35939643347050754,0.4499314128943759,0.3786008230452675,0.41975308641975306,0.4252400548696845,0.3840877914951989,0.43072702331961593,0.35390946502057613,0.4444444444444444
32e5ee42-9c82-4b9d-969f-4fc15fcd4c54,731,DAC,0.4438356164383562,0.3589041095890411,0.44931506849315067,0.3780821917808219,0.4191780821917808,0.4246575342465753,0.3835616438356164,0.4301369863013699,0.3589041095890411,0.4438356164383562
32e5ee42-9c82-4b9d-969f-4fc15fcd4c54,732,DAC,0.4432284541723666,0.35841313269493846,0.4487004103967168,0.37756497948016415,0.4186046511627907,0.4240766073871409,0.38303693570451436,0.42954856361149113,0.36388508891928867,0.4432284541723666
32e5ee42-9c82-4b9d-969f-4fc15fcd4c54,733,DAC,0.4426229508196721,0.35792349726775957,0.453551912568306,0.3770491803278688,0.4180327868852459,0.42349726775956287,0.3825136612021858,0.42896174863387976,0.3633879781420765,0.4426229508196721
32e5ee42-9c82-4b9d-969f-4fc15fcd4c54,734,DAC,0.44201909959072305,0.35743519781718963,0.4529331514324693,0.3819918144611187,0.417462482946794,0.4229195088676671,0.3819918144611187,0.42837653478854026,0.36289222373806274,0.44201909959072305
32e5ee42-9c82-4b9d-969f-4fc15fcd4c54,735,DAC,0.44141689373297005,0.3569482288828338,0.45231607629427795,0.3814713896457766,0.4223433242506812,0.4223433242506812,0.3814713896457766,0.42779291553133514,0.36239782016348776,0.44141689373297005
32e5ee42-9c82-4b9d-969f-4fc15fcd4c54,736,DAC,0.44081632653061226,0.3564625850340136,0.45170068027210886,0.38095238095238093,0.4217687074829932,0.4217687074829932,0.38639455782312926,0.4272108843537415,0.3619047619047619,0.44081632653061226
32e5ee42-9c82-4b9d-969f-4fc15fcd4c54,737,DAC,0.44021739130434784,0.35597826086956524,0.45108695652173914,0.3858695652173913,0.421195652173913,0.421195652173913,0.3858695652173913,0.4266304347826087,0.36141304347826086,0.44021739130434784
32e5ee42-9c82-4b9d-969f-4fc15fcd4c54,738,DAC,0.4396200814111262,0.35549525101763907,0.45047489823609227,0.3853459972862958,0.4206241519674355,0.4206241519674355,0.3853459972862958,0.4314789687924016,0.36092265943012214,0.4396200814111262
32e5ee42-9c82-4b9d-969f-4fc15fcd4c54,739,DAC,0.43902439024390244,0.35501355013550134,0.44986449864498645,0.38482384823848237,0.42005420054200543,0.42005420054200543,0.38482384823848237,0.4363143631436314,0.3604336043360434,0.43902439024390244
32e5ee42-9c82-4b9d-969f-4fc15fcd4c54,740,DAC,0.43843031123139375,0.35453315290933696,0.44925575101488496,0.38430311231393777,0.41948579161028415,0.41948579161028415,0.38971583220568334,0.435723951285521,0.35994587280108253,0.43843031123139375
32e5ee42-9c82-4b9d-969f-4fc15fcd4c54,741,DAC,0.43783783783783786,0.35405405405405405,0.4486486486486487,0.3837837837837838,0.4189189189189189,0.4243243243243243,0.3891891891891892,0.43513513513513513,0.35945945945945945,0.43783783783783786
32e5ee42-9c82-4b9d-969f-4fc15fcd4c54,742,DAC,0.43724696356275305,0.3535762483130904,0.44804318488529016,0.3832658569500675,0.4183535762483131,0.42375168690958165,0.3940620782726046,0.43454790823211875,0.358974358974359,0.43724696356275305
32e5ee42-9c82-4b9d-969f-4fc15fcd4c54,743,DAC,0.4366576819407008,0.353099730458221,0.4474393530997305,0.38274932614555257,0.41778975741239893,0.42318059299191374,0.39892183288409705,0.4339622641509434,0.3584905660377358,0.4366576819407008
32e5ee42-9c82-4b9d-969f-4fc15fcd4c54,744,DAC,0.4414535666218035,0.35262449528936746,0.4468371467025572,0.3822341857335128,0.41722745625841184,0.4226110363391655,0.3983849259757739,0.43337819650067294,0.35800807537012114,0.4360699865410498
32e5ee42-9c82-4b9d-969f-4fc15fcd4c54,745,DAC,0.44086021505376344,0.3521505376344086,0.44623655913978494,0.3817204301075269,0.4166666666666667,0.4274193548387097,0.3978494623655914,0.4327956989247312,0.3575268817204301,0.43548387096774194
32e5ee42-9c82-4b9d-969f-4fc15fcd4c54,746,DAC,0.44026845637583895,0.3516778523489933,0.44563758389261743,0.3865771812080537,0.4161073825503356,0.4268456375838926,0.39731543624161075,0.43221476510067114,0.35704697986577183,0.4348993288590604
32e5ee42-9c82-4b9d-969f-4fc15fcd4c54,747,DAC,0.43967828418230565,0.3512064343163539,0.4450402144772118,0.38605898123324395,0.4155495978552279,0.4316353887399464,0.3967828418230563,0.4316353887399464,0.35656836461126007,0.4343163538873995
32e5ee42-9c82-4b9d-969f-4fc15fcd4c54,748,DAC,0.4444444444444444,0.3507362784471218,0.4444444444444444,0.3855421686746988,0.4149933065595716,0.43105756358768405,0.3962516733601071,0.43105756358768405,0.35609103078982596,0.43373493975903615
32e5ee42-9c82-4b9d-969f-4fc15fcd4c54,749,DAC,0.44385026737967914,0.3502673796791444,0.45187165775401067,0.3850267379679144,0.4144385026737968,0.4304812834224599,0.39572192513368987,0.4304812834224599,0.35561497326203206,0.43315508021390375
32e5ee42-9c82-4b9d-969f-4fc15fcd4c54,750,DAC,0.4432576769025367,0.34979973297730305,0.4512683578104139,0.38451268357810414,0.41388518024032045,0.42990654205607476,0.3951935914552737,0.42990654205607476,0.35514018691588783,0.4379172229639519
32e5ee42-9c82-4b9d-969f-4fc15fcd4c54,751,DAC,0.44266666666666665,0.34933333333333333,0.45066666666666666,0.384,0.41333333333333333,0.43466666666666665,0.39466666666666667,0.42933333333333334,0.3546666666666667,0.43733333333333335
32e5ee42-9c82-4b9d-969f-4fc15fcd4c54,752,DAC,0.4420772303595206,0.3488681757656458,0.45006657789613846,0.38348868175765644,0.41278295605858856,0.4340878828229028,0.3941411451398136,0.42876165113182424,0.35419440745672437,0.4420772303595206
32e5ee42-9c82-4b9d-969f-4fc15fcd4c54,753,DAC,0.44148936170212766,0.3484042553191489,0.449468085106383,0.3829787234042553,0.4122340425531915,0.43351063829787234,0.39361702127659576,0.43351063829787234,0.3537234042553192,0.44148936170212766
32e5ee42-9c82-4b9d-969f-4fc15fcd4c54,754,DAC,0.4409030544488712,0.35325365205843295,0.448871181938911,0.38247011952191234,0.4116865869853918,0.43293492695883135,0.3930942895086321,0.43293492695883135,0.35325365205843295,0.4409030544488712
32e5ee42-9c82-4b9d-969f-4fc15fcd4c54,755,DAC,0.4403183023872679,0.35278514588859416,0.4482758620689655,0.3819628647214854,0.41114058355437666,0.4323607427055703,0.3925729442970822,0.4323607427055703,0.35278514588859416,0.44562334217506633
32e5ee42-9c82-4b9d-969f-4fc15fcd4c54,756,DAC,0.44503311258278144,0.352317880794702,0.447682119205298,0.38145695364238413,0.4105960264900662,0.43178807947019865,0.3920529801324503,0.43178807947019865,0.352317880794702,0.44503311258278144
32e5ee42-9c82-4b9d-969f-4fc15fcd4c54,757,DAC,0.4444444444444444,0.35185185185185186,0.4470899470899471,0.38095238095238093,0.41005291005291006,0.4312169312169312,0.3968253968253968,0.4312169312169312,0.35185185185185186,0.4444444444444444
32e5ee42-9c82-4b9d-969f-4fc15fcd4c54,758,DAC,0.4438573315719947,0.3513870541611625,0.4464993394980185,0.380449141347424,0.4095112285336856,0.43064729194187584,0.40158520475561427,0.43064729194187584,0.3513870541611625,0.4438573315719947
32e5ee42-9c82-4b9d-969f-4fc15fcd4c54,759,DAC,0.44327176781002636,0.35092348284960423,0.44591029023746703,0.38522427440633245,0.40897097625329815,0.43007915567282323,0.40105540897097625,0.43007915567282323,0.35092348284960423,0.44327176781002636
32e5ee42-9c82-4b9d-969f-4fc15fcd4c54,760,DAC,0.4426877470355731,0.35046113306982873,0.4453227931488801,0.3847167325428195,0.40843214756258234,0.4295125164690382,0.4057971014492754,0.4295125164690382,0.35046113306982873,0.4426877470355731
32e5ee42-9c82-4b9d-969f-4fc15fcd4c54,761,DAC,0.4421052631578947,0.35,0.44473684210526315,0.38421052631578945,0.40789473684210525,0.4342105263157895,0.4052631578947368,0.42894736842105263,0.35,0.4421052631578947
32e5ee42-9c82-4b9d-969f-4fc15fcd4c54,762,DAC,0.44152431011826543,0.3495400788436268,0.44415243101182655,0.38370565045992117,0.4073587385019711,0.43889618922470436,0.40473061760841,0.4283837056504599,0.3495400788436268,0.44152431011826543
32e5ee42-9c82-4b9d-969f-4fc15fcd4c54,763,DAC,0.4409448818897638,0.34908136482939633,0.4435695538057743,0.38320209973753283,0.4068241469816273,0.43832020997375326,0.4094488188976378,0.42782152230971127,0.34908136482939633,0.4409448818897638
32e5ee42-9c82-4b9d-969f-4fc15fcd4c54,764,DAC,0.44036697247706424,0.3486238532110092,0.4429882044560944,0.38794233289646135,0.40629095674967236,0.43774574049803405,0.4089121887287025,0.4272608125819135,0.3486238532110092,0.44036697247706424
32e5ee42-9c82-4b9d-969f-4fc15fcd4c54,765,DAC,0.4397905759162304,0.3481675392670157,0.4424083769633508,0.387434554973822,0.40575916230366493,0.43717277486910994,0.4083769633507853,0.42670157068062825,0.3481675392670157,0.44502617801047123
32e5ee42-9c82-4b9d-969f-4fc15fcd4c54,766,DAC,0.4392156862745098,0.35294117647058826,0.4418300653594771,0.3869281045751634,0.40522875816993464,0.4366013071895425,0.40784313725490196,0.4261437908496732,0.3477124183006536,0.4444444444444444
32e5ee42-9c82-4b9d-969f-4fc15fcd4c54,767,DAC,0.4386422976501306,0.3524804177545692,0.4412532637075718,0.38642297650130547,0.4046997389033943,0.4412532637075718,0.4073107049608355,0.4255874673629243,0.3472584856396867,0.44386422976501305
32e5ee42-9c82-4b9d-969f-4fc15fcd4c54,768,DAC,0.4380704041720991,0.35723598435462844,0.4406779661016949,0.3859191655801825,0.4041720990873533,0.4406779661016949,0.4067796610169492,0.42503259452411996,0.3468057366362451,0.44328552803129073
32e5ee42-9c82-4b9d-969f-4fc15fcd4c54,769,DAC,0.4375,0.3567708333333333,0.4401041666666667,0.390625,0.4036458333333333,0.4401041666666667,0.40625,0.4244791666666667,0.3463541666666667,0.4427083333333333
32e5ee42-9c82-4b9d-969f-4fc15fcd4c54,770,DAC,0.43693107932379716,0.3563068920676203,0.43953185955786733,0.3953185955786736,0.40312093628088425,0.43953185955786733,0.4057217165149545,0.42392717815344605,0.3459037711313394,0.44213263979193757
32e5ee42-9c82-4b9d-969f-4fc15fcd4c54,771,DAC,0.43636363636363634,0.35584415584415585,0.43896103896103894,0.3948051948051948,0.4025974025974026,0.43896103896103894,0.412987012987013,0.42337662337662335,0.34545454545454546,0.44155844155844154
32e5ee42-9c82-4b9d-969f-4fc15fcd4c54,772,DAC,0.4357976653696498,0.3553826199740597,0.4383916990920882,0.3942931258106355,0.40207522697795073,0.4383916990920882,0.41245136186770426,0.42282749675745784,0.3450064850843061,0.4461738002594034
32e5ee42-9c82-4b9d-969f-4fc15fcd4c54,773,DAC,0.44041450777202074,0.3549222797927461,0.4378238341968912,0.39378238341968913,0.4015544041450777,0.4378238341968912,0.4119170984455959,0.422279792746114,0.344559585492228,0.44559585492227977
32e5ee42-9c82-4b9d-969f-4fc15fcd4c54,774,DAC,0.4398447606727037,0.35446313065976714,0.4372574385510996,0.39327296248382926,0.40620957309184996,0.4372574385510996,0.4113842173350582,0.4217335058214748,0.34411384217335056,0.445019404915912
32e5ee42-9c82-4b9d-969f-4fc15fcd4c54,775,DAC,0.4392764857881137,0.35400516795865633,0.43669250645994834,0.39276485788113696,0.40568475452196384,0.43669250645994834,0.4108527131782946,0.4263565891472868,0.34366925064599485,0.4444444444444444
32e5ee42-9c82-4b9d-969f-4fc15fcd4c54,776,DAC,0.44387096774193546,0.3535483870967742,0.43612903225806454,0.39225806451612905,0.40516129032258064,0.43612903225806454,0.4103225806451613,0.4258064516129032,0.3432258064516129,0.44387096774193546
32e5ee42-9c82-4b9d-969f-4fc15fcd4c54,777,DAC,0.44329896907216493,0.35309278350515466,0.43556701030927836,0.3917525773195876,0.40463917525773196,0.43556701030927836,0.4097938144329897,0.4252577319587629,0.3427835051546392,0.4484536082474227
32e5ee42-9c82-4b9d-969f-4fc15fcd4c54,778,DAC,0.44272844272844275,0.35263835263835264,0.435006435006435,0.3912483912483912,0.4092664092664093,0.435006435006435,0.4092664092664093,0.4247104247104247,0.34234234234234234,0.44787644787644787
32e5ee42-9c82-4b9d-969f-4fc15fcd4c54,779,DAC,0.442159383033419,0.35218508997429304,0.43444730077120824,0.390745501285347,0.4087403598971722,0.43444730077120824,0.4087403598971722,0.42930591259640105,0.34190231362467866,0.4473007712082262
32e5ee42-9c82-4b9d-969f-4fc15fcd4c54,780,DAC,0.441591784338896,0.35173299101412064,0.4338896020539153,0.3902439024390244,0.40821566110397944,0.4338896020539153,0.40821566110397944,0.4287548138639281,0.34146341463414637,0.45186136071887034
32e5ee42-9c82-4b9d-969f-4fc15fcd4c54,781,DAC,0.441025641025641,0.35128205128205126,0.43333333333333335,0.39487179487179486,0.4076923076923077,0.43333333333333335,0.4076923076923077,0.4282051282051282,0.34102564102564104,0.4512820512820513
32e5ee42-9c82-4b9d-969f-4fc15fcd4c54,782,DAC,0.44046094750320103,0.3508322663252241,0.4327784891165173,0.3994878361075544,0.40717029449423814,0.4327784891165173,0.40717029449423814,0.42765685019206146,0.3405889884763124,0.4507042253521127
32e5ee42-9c82-4b9d-969f-4fc15fcd4c54,783,DAC,0.4398976982097187,0.35038363171355497,0.4322250639386189,0.3989769820971867,0.40664961636828645,0.4322250639386189,0.4117647058823529,0.42710997442455245,0.340153452685422,0.45012787723785164
32e5ee42-9c82-4b9d-969f-4fc15fcd4c54,784,DAC,0.4393358876117497,0.3499361430395913,0.43167305236270753,0.40357598978288634,0.4061302681992337,0.43167305236270753,0.4112388250319285,0.42656449553001274,0.3397190293742018,0.4495530012771392
32e5ee42-9c82-4b9d-969f-4fc15fcd4c54,785,DAC,0.4387755102040816,0.3494897959183674,0.43112244897959184,0.4030612244897959,0.40561224489795916,0.43112244897959184,0.4107142857142857,0.4260204081632653,0.3392857142857143,0.45408163265306123
32e5ee42-9c82-4b9d-969f-4fc15fcd4c54,786,DAC,0.43821656050955415,0.3490445859872611,0.4305732484076433,0.40254777070063696,0.4050955414012739,0.4305732484076433,0.4152866242038217,0.42547770700636944,0.33885350318471336,0.4535031847133758
32e5ee42-9c82-4b9d-969f-4fc15fcd4c54,787,DAC,0.43765903307888043,0.3486005089058524,0.4300254452926209,0.4020356234096692,0.40458015267175573,0.4300254452926209,0.4198473282442748,0.42493638676844786,0.3384223918575064,0.4529262086513995
32e5ee42-9c82-4b9d-969f-4fc15fcd4c54,788,DAC,0.4371029224904701,0.34815756035578144,0.42947903430749684,0.40152477763659467,0.4040660736975858,0.43456162642947904,0.4193138500635324,0.4243964421855146,0.33799237611181704,0.45235069885641677
32e5ee42-9c82-4b9d-969f-4fc15fcd4c54,789,DAC,0.4365482233502538,0.3477157360406091,0.4289340101522843,0.4010152284263959,0.4035532994923858,0.434010152284264,0.41878172588832485,0.42385786802030456,0.3426395939086294,0.4517766497461929
32e5ee42-9c82-4b9d-969f-4fc15fcd4c54,790,DAC,0.43599493029150826,0.3523447401774398,0.42839036755386567,0.4005069708491762,0.40304182509505704,0.43346007604562736,0.41825095057034223,0.4233206590621039,0.34220532319391633,0.4512040557667934
32e5ee42-9c82-4b9d-969f-4fc15fcd4c54,791,DAC,0.43544303797468353,0.3518987341772152,0.4278481012658228,0.4,0.40253164556962023,0.43291139240506327,0.4177215189873418,0.42278481012658226,0.34177215189873417,0.45569620253164556
32e5ee42-9c82-4b9d-969f-4fc15fcd4c54,792,DAC,0.43489254108723135,0.35145385587863465,0.427307206068268,0.3994943109987358,0.4020227560050569,0.43236409608091025,0.41719342604298354,0.4222503160556258,0.3413400758533502,0.46017699115044247
32e5ee42-9c82-4b9d-969f-4fc15fcd4c54,793,DAC,0.43434343434343436,0.351010101010101,0.42676767676767674,0.398989898989899,0.4090909090909091,0.4318181818181818,0.4166666666666667,0.4217171717171717,0.3409090909090909,0.4595959595959596
32e5ee42-9c82-4b9d-969f-4fc15fcd4c54,794,DAC,0.43883984867591425,0.3505674653215637,0.4262295081967213,0.39848675914249687,0.4085750315258512,0.4312736443883985,0.416141235813367,0.42118537200504413,0.34047919293820933,0.45901639344262296
32e5ee42-9c82-4b9d-969f-4fc15fcd4c54,795,DAC,0.43828715365239296,0.3501259445843829,0.43073047858942065,0.3979848866498741,0.4080604534005038,0.43073047858942065,0.4156171284634761,0.42065491183879095,0.34005037783375314,0.45843828715365237
32e5ee42-9c82-4b9d-969f-4fc15fcd4c54,796,DAC,0.4377358490566038,0.34968553459119495,0.43018867924528303,0.39748427672955977,0.4075471698113208,0.43018867924528303,0.41509433962264153,0.42012578616352203,0.34465408805031444,0.4578616352201258
32e5ee42-9c82-4b9d-969f-4fc15fcd4c54,797,DAC,0.4371859296482412,0.3492462311557789,0.4296482412060301,0.4020100502512563,0.40703517587939697,0.4296482412060301,0.41457286432160806,0.41959798994974873,0.3442211055276382,0.457286432160804
32e5ee42-9c82-4b9d-969f-4fc15fcd4c54,798,DAC,0.4366373902132999,0.34880803011292344,0.42910915934755334,0.4065244667503137,0.4065244667503137,0.42910915934755334,0.41405269761606023,0.4190715181932246,0.3437892095357591,0.45671267252195735
32e5ee42-9c82-4b9d-969f-4fc15fcd4c54,799,DAC,0.43609022556390975,0.3483709273182957,0.42857142857142855,0.41102756892230574,0.40601503759398494,0.42857142857142855,0.41353383458646614,0.41854636591478694,0.3433583959899749,0.45614035087719296
32e5ee42-9c82-4b9d-969f-4fc15fcd4c54,800,DAC,0.4355444305381727,0.3479349186483104,0.42803504380475593,0.41051314142678347,0.40550688360450565,0.42803504380475593,0.4130162703379224,0.4230287859824781,0.3429286608260325,0.4555694618272841
32e5ee42-9c82-4b9d-969f-4fc15fcd4c54,801,DAC,0.44,0.3475,0.4275,0.41,0.405,0.4275,0.4125,0.4225,0.3425,0.455
32e5ee42-9c82-4b9d-969f-4fc15fcd4c54,802,DAC,0.4394506866416979,0.3470661672908864,0.42696629213483145,0.4094881398252185,0.4044943820224719,0.42696629213483145,0.41198501872659177,0.42197253433208487,0.34207240948813983,0.45942571785268416
32e5ee42-9c82-4b9d-969f-4fc15fcd4c54,803,DAC,0.4389027431421446,0.34663341645885287,0.42643391521197005,0.4089775561097257,0.40399002493765584,0.42643391521197005,0.4114713216957606,0.42144638403990026,0.34663341645885287,0.45885286783042395
32e5ee42-9c82-4b9d-969f-4fc15fcd4c54,804,DAC,0.4383561643835616,0.34620174346201743,0.4259028642590286,0.40846824408468246,0.40348692403486924,0.4259028642590286,0.41594022415940224,0.42092154420921546,0.34620174346201743,0.45828144458281445
32e5ee42-9c82-4b9d-969f-4fc15fcd4c54,805,DAC,0.43781094527363185,0.34577114427860695,0.4253731343283582,0.4079601990049751,0.40298507462686567,0.4253731343283582,0.4154228855721393,0.4253731343283582,0.34577114427860695,0.4577114427860697
32e5ee42-9c82-4b9d-969f-4fc15fcd4c54,806,DAC,0.4372670807453416,0.35031055900621116,0.4248447204968944,0.4074534161490683,0.40248447204968946,0.4248447204968944,0.41490683229813663,0.4248447204968944,0.3453416149068323,0.45714285714285713
32e5ee42-9c82-4b9d-969f-4fc15fcd4c54,807,DAC,0.43672456575682383,0.34987593052109184,0.42431761786600497,0.40694789081885857,0.40198511166253104,0.4292803970223325,0.4143920595533499,0.42431761786600497,0.34491315136476425,0.456575682382134
32e5ee42-9c82-4b9d-969f-4fc15fcd4c54,808,DAC,0.44114002478314746,0.34944237918215615,0.42379182156133827,0.40644361833952913,0.40148698884758366,0.42874845105328374,0.4138785625774473,0.42379182156133827,0.3444857496902107,0.4560099132589839
32e5ee42-9c82-4b9d-969f-4fc15fcd4c54,809,DAC,0.4405940594059406,0.349009900990099,0.4282178217821782,0.40594059405940597,0.400990099009901,0.4282178217821782,0.41336633663366334,0.42326732673267325,0.34405940594059403,0.45544554455445546
32e5ee42-9c82-4b9d-969f-4fc15fcd4c54,810,DAC,0.4400494437577256,0.34857849196538937,0.4276885043263288,0.4054388133498146,0.4004944375772559,0.4276885043263288,0.4177997527812114,0.4227441285537701,0.34363411619283063,0.45488257107540175
32e5ee42-9c82-4b9d-969f-4fc15fcd4c54,811,DAC,0.43950617283950616,0.34814814814814815,0.4271604938271605,0.4049382716049383,0.4,0.4271604938271605,0.41728395061728396,0.4222222222222222,0.34814814814814815,0.454320987654321
32e5ee42-9c82-4b9d-969f-4fc15fcd4c54,812,DAC,0.43896424167694204,0.3477188655980271,0.42663378545006164,0.40443896424167697,0.40443896424167697,0.42663378545006164,0.41676942046855736,0.4217016029593095,0.3477188655980271,0.45376078914919854
32e5ee42-9c82-4b9d-969f-4fc15fcd4c54,813,DAC,0.4433497536945813,0.3472906403940887,0.42610837438423643,0.4039408866995074,0.4039408866995074,0.42610837438423643,0.41625615763546797,0.4211822660098522,0.3472906403940887,0.45320197044334976
32e5ee42-9c82-4b9d-969f-4fc15fcd4c54,814,DAC,0.44280442804428044,0.34686346863468637,0.43050430504305043,0.4034440344403444,0.4034440344403444,0.42558425584255843,0.4157441574415744,0.42066420664206644,0.34686346863468637,0.45264452644526443
32e5ee42-9c82-4b9d-969f-4fc15fcd4c54,815,DAC,0.44226044226044225,0.3538083538083538,0.42997542997543,0.40294840294840295,0.40294840294840295,0.4250614250614251,0.4152334152334152,0.4201474201474201,0.3464373464373464,0.4520884520884521
32e5ee42-9c82-4b9d-969f-4fc15fcd4c54,816,DAC,0.44171779141104295,0.35337423312883437,0.4294478527607362,0.40245398773006136,0.40245398773006136,0.4245398773006135,0.4147239263803681,0.4196319018404908,0.3460122699386503,0.456441717791411
32e5ee42-9c82-4b9d-969f-4fc15fcd4c54,817,DAC,0.4411764705882353,0.35294117647058826,0.42892156862745096,0.4019607843137255,0.4019607843137255,0.42892156862745096,0.41421568627450983,0.41911764705882354,0.34558823529411764,0.45588235294117646
32e5ee42-9c82-4b9d-969f-4fc15fcd4c54,818,DAC,0.44063647490820074,0.3525091799265606,0.4283965728274174,0.401468788249694,0.401468788249694,0.4283965728274174,0.41370869033047736,0.4186046511627907,0.35006119951040393,0.45532435740514077
32e5ee42-9c82-4b9d-969f-4fc15fcd4c54,819,DAC,0.4400977995110024,0.35207823960880197,0.43276283618581907,0.40097799511002447,0.40097799511002447,0.4278728606356968,0.4132029339853301,0.4180929095354523,0.34963325183374083,0.4547677261613692
32e5ee42-9c82-4b9d-969f-4fc15fcd4c54,820,DAC,0.4444444444444444,0.3516483516483517,0.43223443223443225,0.4004884004884005,0.4004884004884005,0.42735042735042733,0.4126984126984127,0.4175824175824176,0.3492063492063492,0.4542124542124542
32e5ee42-9c82-4b9d-969f-4fc15fcd4c54,821,DAC,0.44390243902439025,0.35121951219512193,0.4317073170731707,0.4,0.4,0.4268292682926829,0.4121951219512195,0.4219512195121951,0.348780487804878,0.45365853658536587
32e5ee42-9c82-4b9d-969f-4fc15fcd4c54,822,DAC,0.4482338611449452,0.3507917174177832,0.43118148599269185,0.3995127892813642,0.3995127892813642,0.42630937880633374,0.41169305724725946,0.42143727161997563,0.34835566382460414,0.4531059683313033
32e5ee42-9c82-4b9d-969f-4fc15fcd4c54,823,DAC,0.44768856447688565,0.35036496350364965,0.4306569343065693,0.39902676399026765,0.39902676399026765,0.4257907542579075,0.41119221411192214,0.4209245742092457,0.35279805352798055,0.45255474452554745
32e5ee42-9c82-4b9d-969f-4fc15fcd4c54,824,DAC,0.4520048602673147,0.34993924665856624,0.43013365735115433,0.3985419198055893,0.3985419198055893,0.425273390036452,0.4106925880923451,0.4204131227217497,0.35236938031591736,0.4520048602673147
32e5ee42-9c82-4b9d-969f-4fc15fcd4c54,825,DAC,0.45145631067961167,0.34951456310679613,0.42961165048543687,0.39805825242718446,0.39805825242718446,0.42475728155339804,0.41504854368932037,0.4199029126213592,0.35194174757281554,0.45145631067961167
32e5ee42-9c82-4b9d-969f-4fc15fcd4c54,826,DAC,0.45575757575757575,0.3490909090909091,0.4290909090909091,0.3975757575757576,0.3975757575757576,0.42424242424242425,0.41454545454545455,0.4193939393939394,0.3515151515151515,0.4509090909090909
32e5ee42-9c82-4b9d-969f-4fc15fcd4c54,827,DAC,0.4552058111380145,0.35351089588377727,0.42857142857142855,0.39709443099273606,0.39709443099273606,0.423728813559322,0.41404358353510895,0.4188861985472155,0.35108958837772397,0.45036319612590797
32e5ee42-9c82-4b9d-969f-4fc15fcd4c54,828,DAC,0.4546553808948005,0.35792019347037485,0.4280532043530834,0.3966142684401451,0.3966142684401451,0.42321644498186217,0.4135429262394196,0.4183796856106409,0.35066505441354295,0.4498186215235792
32e5ee42-9c82-4b9d-969f-4fc15fcd4c54,829,DAC,0.45893719806763283,0.357487922705314,0.427536231884058,0.3961352657004831,0.3961352657004831,0.4227053140096618,0.41304347826086957,0.4178743961352657,0.3502415458937198,0.4492753623188406
32e5ee42-9c82-4b9d-969f-4fc15fcd4c54,830,DAC,0.4583835946924005,0.35705669481302776,0.43184559710494574,0.3956574185765983,0.3956574185765983,0.4221954161640531,0.41254523522316044,0.41737032569360677,0.3498190591073583,0.4487334137515078
32e5ee42-9c82-4b9d-969f-4fc15fcd4c54,831,DAC,0.4578313253012048,0.3614457831325301,0.43132530120481927,0.39518072289156625,0.39518072289156625,0.42168674698795183,0.41204819277108434,0.41686746987951806,0.3493975903614458,0.44819277108433736
32e5ee42-9c82-4b9d-969f-4fc15fcd4c54,832,DAC,0.457280385078219,0.36101083032490977,0.43080625752105894,0.39951865222623345,0.394705174488568,0.42117930204572807,0.41155234657039713,0.41636582430806257,0.3489771359807461,0.44765342960288806
32e5ee42-9c82-4b9d-969f-4fc15fcd4c54,833,DAC,0.4567307692307692,0.36538461538461536,0.43028846153846156,0.39903846153846156,0.3942307692307692,0.4206730769230769,0.4110576923076923,0.41586538461538464,0.3485576923076923,0.44711538461538464
32e5ee42-9c82-4b9d-969f-4fc15fcd4c54,834,DAC,0.4561824729891957,0.3697478991596639,0.4297719087635054,0.3985594237695078,0.3937575030012005,0.42016806722689076,0.4105642256902761,0.41536614645858344,0.34813925570228094,0.44657863145258103
32e5ee42-9c82-4b9d-969f-4fc15fcd4c54,835,DAC,0.4556354916067146,0.36930455635491605,0.4292565947242206,0.4028776978417266,0.3932853717026379,0.4196642685851319,0.41007194244604317,0.4148681055155875,0.34772182254196643,0.4460431654676259
32e5ee42-9c82-4b9d-969f-4fc15fcd4c54,836,DAC,0.4550898203592814,0.3688622754491018,0.4287425149700599,0.4023952095808383,0.3976047904191617,0.41916167664670656,0.4095808383233533,0.41437125748502995,0.3473053892215569,0.44550898203592815
32e5ee42-9c82-4b9d-969f-4fc15fcd4c54,837,DAC,0.45454545454545453,0.3684210526315789,0.4354066985645933,0.4019138755980861,0.39712918660287083,0.41866028708133973,0.4090909090909091,0.4138755980861244,0.34688995215311,0.4449760765550239
32e5ee42-9c82-4b9d-969f-4fc15fcd4c54,838,DAC,0.4540023894862604,0.36798088410991636,0.4348864994026284,0.4014336917562724,0.3966547192353644,0.41816009557945044,0.40860215053763443,0.4133811230585424,0.34647550776583036,0.44922341696535245
32e5ee42-9c82-4b9d-969f-4fc15fcd4c54,839,DAC,0.45346062052505964,0.36754176610978523,0.4343675417661098,0.4009546539379475,0.39618138424821003,0.41766109785202865,0.4128878281622912,0.4128878281622912,0.3460620525059666,0.4486873508353222
32e5ee42-9c82-4b9d-969f-4fc15fcd4c54,840,DAC,0.45292014302741357,0.367103694874851,0.433849821215733,0.40047675804529204,0.3957091775923719,0.42193087008343266,0.4123957091775924,0.4123957091775924,0.3456495828367104,0.44815256257449343
32e5ee42-9c82-4b9d-969f-4fc15fcd4c54,841,DAC,0.4523809523809524,0.36666666666666664,0.4380952380952381,0.4,0.3952380952380952,0.42142857142857143,0.4119047619047619,0.4119047619047619,0.34523809523809523,0.44761904761904764
32e5ee42-9c82-4b9d-969f-4fc15fcd4c54,842,DAC,0.4518430439952438,0.37098692033293695,0.43757431629013077,0.3995243757431629,0.3947681331747919,0.42092746730083236,0.4114149821640904,0.4114149821640904,0.3448275862068966,0.4470868014268728
32e5ee42-9c82-4b9d-969f-4fc15fcd4c54,843,DAC,0.4513064133016627,0.37054631828978624,0.43705463182897863,0.3990498812351544,0.39429928741092635,0.42042755344418054,0.41092636579572445,0.41092636579572445,0.3491686460807601,0.44655581947743467
32e5ee42-9c82-4b9d-969f-4fc15fcd4c54,844,DAC,0.45077105575326215,0.3701067615658363,0.4365361803084223,0.398576512455516,0.398576512455516,0.4199288256227758,0.41043890865954924,0.41043890865954924,0.3487544483985765,0.4460260972716489
32e5ee42-9c82-4b9d-969f-4fc15fcd4c54,845,DAC,0.4549763033175355,0.3696682464454976,0.43601895734597157,0.3981042654028436,0.3981042654028436,0.4194312796208531,0.4099526066350711,0.4099526066350711,0.34834123222748814,0.44549763033175355
32e5ee42-9c82-4b9d-969f-4fc15fcd4c54,846,DAC,0.4544378698224852,0.36923076923076925,0.43550295857988164,0.40236686390532544,0.39763313609467454,0.41893491124260357,0.40946745562130177,0.40946745562130177,0.3479289940828402,0.44497041420118344
32e5ee42-9c82-4b9d-969f-4fc15fcd4c54,847,DAC,0.45390070921985815,0.36879432624113473,0.43498817966903075,0.40189125295508277,0.3971631205673759,0.41843971631205673,0.408983451536643,0.408983451536643,0.3475177304964539,0.4491725768321513
32e5ee42-9c82-4b9d-969f-4fc15fcd4c54,848,DAC,0.45336481700118064,0.3730814639905549,0.4344746162927981,0.4014167650531287,0.39669421487603307,0.4179456906729634,0.4085005903187721,0.4085005903187721,0.34710743801652894,0.448642266824085
32e5ee42-9c82-4b9d-969f-4fc15fcd4c54,849,DAC,0.45754716981132076,0.37264150943396224,0.4339622641509434,0.4009433962264151,0.39622641509433965,0.41745283018867924,0.4080188679245283,0.4080188679245283,0.3466981132075472,0.4481132075471698
32e5ee42-9c82-4b9d-969f-4fc15fcd4c54,850,DAC,0.45700824499411075,0.37220259128386335,0.4381625441696113,0.4004711425206125,0.3957597173144876,0.4169611307420495,0.4075382803297998,0.4075382803297998,0.3462897526501767,0.44758539458186103
32e5ee42-9c82-4b9d-969f-4fc15fcd4c54,851,DAC,0.45647058823529413,0.37176470588235294,0.4376470588235294,0.4,0.3952941176470588,0.4164705882352941,0.40705882352941175,0.4117647058823529,0.3458823529411765,0.4470588235294118
32e5ee42-9c82-4b9d-969f-4fc15fcd4c54,852,DAC,0.45593419506462984,0.37132784958871917,0.4371327849588719,0.399529964747356,0.39482961222091656,0.41598119858989424,0.40658049353701525,0.4112808460634548,0.3501762632197415,0.44653349001175086
32e5ee42-9c82-4b9d-969f-4fc15fcd4c54,853,DAC,0.45539906103286387,0.37089201877934275,0.43661971830985913,0.40375586854460094,0.39436619718309857,0.4154929577464789,0.4061032863849765,0.4107981220657277,0.34976525821596244,0.4460093896713615
32e5ee42-9c82-4b9d-969f-4fc15fcd4c54,854,DAC,0.4548651817116061,0.3704572098475967,0.4361078546307151,0.40328253223915594,0.39859320046893315,0.41500586166471276,0.4056271981242673,0.41031652989449,0.3493552168815944,0.4454865181711606
32e5ee42-9c82-4b9d-969f-4fc15fcd4c54,855,DAC,0.45433255269320844,0.3700234192037471,0.43559718969555034,0.4028103044496487,0.3981264637002342,0.41451990632318503,0.4098360655737705,0.4098360655737705,0.34894613583138173,0.4449648711943794
32e5ee42-9c82-4b9d-969f-4fc15fcd4c54,856,DAC,0.45380116959064326,0.3695906432748538,0.43508771929824563,0.4023391812865497,0.39766081871345027,0.41403508771929826,0.4093567251461988,0.41403508771929826,0.3485380116959064,0.4444444444444444
32e5ee42-9c82-4b9d-969f-4fc15fcd4c54,857,DAC,0.4532710280373832,0.3691588785046729,0.43457943925233644,0.40186915887850466,0.397196261682243,0.4182242990654206,0.4088785046728972,0.4135514018691589,0.34813084112149534,0.4439252336448598
32e5ee42-9c82-4b9d-969f-4fc15fcd4c54,858,DAC,0.45274212368728123,0.3687281213535589,0.4340723453908985,0.4014002333722287,0.396732788798133,0.4177362893815636,0.40840140023337224,0.4130688448074679,0.34772462077012833,0.44807467911318555
32e5ee42-9c82-4b9d-969f-4fc15fcd4c54,859,DAC,0.4522144522144522,0.3682983682983683,0.43356643356643354,0.40093240093240096,0.3962703962703963,0.4172494172494173,0.40792540792540793,0.4125874125874126,0.3473193473193473,0.45454545454545453
32e5ee42-9c82-4b9d-969f-4fc15fcd4c54,860,DAC,0.45168800931315484,0.3678696158323632,0.4330616996507567,0.40046565774155995,0.3958090803259604,0.4167636786961583,0.4074505238649593,0.4167636786961583,0.3469150174621653,0.4540162980209546
32e5ee42-9c82-4b9d-969f-4fc15fcd4c54,861,DAC,0.4511627906976744,0.37209302325581395,0.4325581395348837,0.4,0.3953488372093023,0.41627906976744183,0.4069767441860465,0.41627906976744183,0.34651162790697676,0.45348837209302323
32e5ee42-9c82-4b9d-969f-4fc15fcd4c54,862,DAC,0.45063879210220675,0.3716608594657375,0.43205574912891986,0.3995354239256678,0.3948896631823461,0.41579558652729387,0.41114982578397213,0.41579558652729387,0.34610917537746805,0.4529616724738676
32e5ee42-9c82-4b9d-969f-4fc15fcd4c54,863,DAC,0.45011600928074247,0.37122969837587005,0.43155452436194897,0.3990719257540603,0.39443155452436196,0.41531322505800466,0.41067285382830626,0.41531322505800466,0.3503480278422274,0.45243619489559167
32e5ee42-9c82-4b9d-969f-4fc15fcd4c54,864,DAC,0.4542294322132097,0.3707995365005794,0.43105446118192353,0.3986095017381228,0.3939745075318656,0.4148319814600232,0.4101969872537659,0.4148319814600232,0.3499420625724218,0.4519119351100811
32e5ee42-9c82-4b9d-969f-4fc15fcd4c54,865,DAC,0.4537037037037037,0.37037037037037035,0.4305555555555556,0.39814814814814814,0.39351851851851855,0.41435185185185186,0.4097222222222222,0.41898148148148145,0.34953703703703703,0.4513888888888889
32e5ee42-9c82-4b9d-969f-4fc15fcd4c54,866,DAC,0.4531791907514451,0.3699421965317919,0.4300578034682081,0.3976878612716763,0.3930635838150289,0.4138728323699422,0.4092485549132948,0.4184971098265896,0.3491329479768786,0.4554913294797688
32e5ee42-9c82-4b9d-969f-4fc15fcd4c54,867,DAC,0.45265588914549654,0.3695150115473441,0.4295612009237875,0.3972286374133949,0.39260969976905313,0.4133949191685912,0.40877598152424943,0.4226327944572748,0.34872979214780603,0.45496535796766746
32e5ee42-9c82-4b9d-969f-4fc15fcd4c54,868,DAC,0.45213379469434833,0.3690888119953864,0.4290657439446367,0.39677047289504036,0.39215686274509803,0.4129181084198385,0.4083044982698962,0.42675893886966554,0.34832756632064593,0.4544405997693195
32e5ee42-9c82-4b9d-969f-4fc15fcd4c54,869,DAC,0.45161290322580644,0.37327188940092165,0.42857142857142855,0.39631336405529954,0.391705069124424,0.41244239631336405,0.4078341013824885,0.42626728110599077,0.347926267281106,0.4539170506912442
32e5ee42-9c82-4b9d-969f-4fc15fcd4c54,870,DAC,0.45109321058688145,0.37284234752589185,0.428078250863061,0.3958573072497123,0.3912543153049482,0.41196777905638665,0.40736478711162255,0.42577675489067895,0.3521288837744534,0.4533947065592635
32e5ee42-9c82-4b9d-969f-4fc15fcd4c54,871,DAC,0.45057471264367815,0.3724137931034483,0.42758620689655175,0.3954022988505747,0.39080459770114945,0.4114942528735632,0.4068965517241379,0.42528735632183906,0.3563218390804598,0.4528735632183908
32e5ee42-9c82-4b9d-969f-4fc15fcd4c54,872,DAC,0.45464982778415614,0.3719862227324914,0.42709529276693453,0.3949483352468427,0.39035591274397247,0.41102181400688864,0.40642939150401836,0.42479908151549944,0.3559127439724455,0.452353616532721
32e5ee42-9c82-4b9d-969f-4fc15fcd4c54,873,DAC,0.4541284403669725,0.3761467889908257,0.42660550458715596,0.3944954128440367,0.38990825688073394,0.4105504587155963,0.4059633027522936,0.4243119266055046,0.3555045871559633,0.4518348623853211
32e5ee42-9c82-4b9d-969f-4fc15fcd4c54,874,DAC,0.4536082474226804,0.3757159221076747,0.4261168384879725,0.3940435280641466,0.38946162657502864,0.41008018327605955,0.4054982817869416,0.4238258877434135,0.3550973654066438,0.4558991981672394
32e5ee42-9c82-4b9d-969f-4fc15fcd4c54,875,DAC,0.45308924485125857,0.37528604118993136,0.425629290617849,0.39359267734553777,0.39359267734553777,0.4096109839816934,0.40503432494279173,0.4233409610983982,0.35469107551487417,0.45537757437070936
32e5ee42-9c82-4b9d-969f-4fc15fcd4c54,876,DAC,0.45257142857142857,0.37485714285714283,0.42514285714285716,0.3931428571428571,0.3931428571428571,0.4137142857142857,0.4045714285714286,0.4228571428571429,0.35428571428571426,0.45485714285714285
32e5ee42-9c82-4b9d-969f-4fc15fcd4c54,877,DAC,0.4520547945205479,0.3744292237442922,0.4246575342465753,0.3926940639269406,0.3926940639269406,0.4132420091324201,0.4041095890410959,0.4223744292237443,0.3538812785388128,0.4589041095890411
32e5ee42-9c82-4b9d-969f-4fc15fcd4c54,878,DAC,0.45153933865450396,0.37856328392246297,0.4241733181299886,0.3922462941847206,0.3922462941847206,0.4127708095781072,0.40364880273660203,0.4218928164196123,0.35347776510832385,0.4583808437856328
32e5ee42-9c82-4b9d-969f-4fc15fcd4c54,879,DAC,0.4510250569476082,0.3826879271070615,0.42369020501138954,0.3917995444191344,0.3917995444191344,0.4123006833712984,0.4031890660592255,0.4214123006833713,0.3530751708428246,0.45785876993166286
32e5ee42-9c82-4b9d-969f-4fc15fcd4c54,880,DAC,0.45051194539249145,0.38680318543799774,0.4232081911262799,0.391353811149033,0.391353811149033,0.4118316268486917,0.40273037542662116,0.42093287827076226,0.35267349260523323,0.45733788395904434
32e5ee42-9c82-4b9d-969f-4fc15fcd4c54,881,DAC,0.45681818181818185,0.38636363636363635,0.42272727272727273,0.39090909090909093,0.39090909090909093,0.4113636363636364,0.4022727272727273,0.42045454545454547,0.3522727272727273,0.45681818181818185
32e5ee42-9c82-4b9d-969f-4fc15fcd4c54,882,DAC,0.45629965947786605,0.3859250851305335,0.42224744608399545,0.3904653802497162,0.3904653802497162,0.4108967082860386,0.40635641316685583,0.4199772985244041,0.3518728717366629,0.45629965947786605
32e5ee42-9c82-4b9d-969f-4fc15fcd4c54,883,DAC,0.4557823129251701,0.3854875283446712,0.4217687074829932,0.3900226757369615,0.3900226757369615,0.41043083900226757,0.41043083900226757,0.41950113378684806,0.35147392290249435,0.4557823129251701
32e5ee42-9c82-4b9d-969f-4fc15fcd4c54,884,DAC,0.4552661381653454,0.38505096262740657,0.42129105322763305,0.3895809739524349,0.3941109852774632,0.4099660249150623,0.4099660249150623,0.4190260475651189,0.3510758776896942,0.4552661381653454
32e5ee42-9c82-4b9d-969f-4fc15fcd4c54,885,DAC,0.45475113122171945,0.3891402714932127,0.42081447963800905,0.3891402714932127,0.3936651583710407,0.4095022624434389,0.4095022624434389,0.41855203619909503,0.3506787330316742,0.45475113122171945
32e5ee42-9c82-4b9d-969f-4fc15fcd4c54,886,DAC,0.4542372881355932,0.3887005649717514,0.42033898305084744,0.3887005649717514,0.3977401129943503,0.4090395480225989,0.4090395480225989,0.4180790960451977,0.3502824858757062,0.4542372881355932
32e5ee42-9c82-4b9d-969f-4fc15fcd4c54,887,DAC,0.45372460496614,0.3927765237020316,0.4198645598194131,0.38826185101580135,0.3972911963882618,0.40857787810383744,0.40857787810383744,0.417607223476298,0.34988713318284426,0.45372460496614
32e5ee42-9c82-4b9d-969f-4fc15fcd4c54,888,DAC,0.4532130777903044,0.3923337091319053,0.41939120631341603,0.3878241262683202,0.3968432919954904,0.41262683201803835,0.4081172491544532,0.41713641488162345,0.34949267192784667,0.4532130777903044
32e5ee42-9c82-4b9d-969f-4fc15fcd4c54,889,DAC,0.4527027027027027,0.3963963963963964,0.4189189189189189,0.38738738738738737,0.3963963963963964,0.41216216216216217,0.40765765765765766,0.4166666666666667,0.3490990990990991,0.4527027027027027
32e5ee42-9c82-4b9d-969f-4fc15fcd4c54,890,DAC,0.45219347581552305,0.39595050618672667,0.4184476940382452,0.38695163104611924,0.39595050618672667,0.41169853768278963,0.40719910011248595,0.42069741282339707,0.34870641169853767,0.45219347581552305
32e5ee42-9c82-4b9d-969f-4fc15fcd4c54,891,DAC,0.451685393258427,0.3955056179775281,0.41797752808988764,0.3865168539325843,0.3955056179775281,0.4157303370786517,0.4067415730337079,0.4202247191011236,0.34831460674157305,0.451685393258427
32e5ee42-9c82-4b9d-969f-4fc15fcd4c54,892,DAC,0.4556677890011223,0.3950617283950617,0.4175084175084175,0.38608305274971944,0.3950617283950617,0.4152637485970819,0.4062850729517396,0.41975308641975306,0.3479236812570146,0.4511784511784512
32e5ee42-9c82-4b9d-969f-4fc15fcd4c54,893,DAC,0.4551569506726457,0.3991031390134529,0.4170403587443946,0.38565022421524664,0.39461883408071746,0.4147982062780269,0.40582959641255606,0.4192825112107623,0.3475336322869955,0.45067264573991034
32e5ee42-9c82-4b9d-969f-4fc15fcd4c54,894,DAC,0.45912653975363943,0.3986562150055991,0.4165733482642777,0.38521836506159013,0.39417693169092943,0.4143337066069429,0.4053751399776036,0.41881298992161253,0.3471444568868981,0.4501679731243001
32e5ee42-9c82-4b9d-969f-4fc15fcd4c54,895,DAC,0.45861297539149887,0.3982102908277405,0.4161073825503356,0.38478747203579416,0.39373601789709173,0.41387024608501116,0.40939597315436244,0.41834451901565994,0.34675615212527966,0.44966442953020136
32e5ee42-9c82-4b9d-969f-4fc15fcd4c54,896,DAC,0.4581005586592179,0.4022346368715084,0.41564245810055866,0.3843575418994413,0.39329608938547483,0.4134078212290503,0.40893854748603353,0.41787709497206704,0.3463687150837989,0.4491620111731844
32e5ee42-9c82-4b9d-969f-4fc15fcd4c54,897,DAC,0.4575892857142857,0.4017857142857143,0.41517857142857145,0.38839285714285715,0.39285714285714285,0.41294642857142855,0.40848214285714285,0.4174107142857143,0.34598214285714285,0.4486607142857143
32e5ee42-9c82-4b9d-969f-4fc15fcd4c54,898,DAC,0.45707915273132665,0.4013377926421405,0.41471571906354515,0.3879598662207358,0.39687848383500557,0.4124860646599777,0.4080267558528428,0.4169453734671126,0.3455964325529543,0.44816053511705684
32e5ee42-9c82-4b9d-969f-4fc15fcd4c54,899,DAC,0.45657015590200445,0.4053452115812918,0.4142538975501114,0.38752783964365256,0.39643652561247217,0.41202672605790647,0.40757238307349664,0.41648106904231624,0.34521158129175944,0.44766146993318484
32e5ee42-9c82-4b9d-969f-4fc15fcd4c54,900,DAC,0.4560622914349277,0.40489432703003336,0.41379310344827586,0.3870967741935484,0.39599555061179087,0.41156840934371525,0.407119021134594,0.41601779755283647,0.3448275862068966,0.45161290322580644
32e5ee42-9c82-4b9d-969f-4fc15fcd4c54,901,DAC,0.45555555555555555,0.40444444444444444,0.41333333333333333,0.38666666666666666,0.39555555555555555,0.41555555555555557,0.4066666666666667,0.41555555555555557,0.34444444444444444,0.45111111111111113
32e5ee42-9c82-4b9d-969f-4fc15fcd4c54,902,DAC,0.4550499445061043,0.4039955604883463,0.41287458379578246,0.38623751387347394,0.3951165371809101,0.41509433962264153,0.40621531631520535,0.41509433962264153,0.34850166481687017,0.4506104328523862
32e5ee42-9c82-4b9d-969f-4fc15fcd4c54,903,DAC,0.45454545454545453,0.4035476718403548,0.4124168514412417,0.3858093126385809,0.3946784922394678,0.4146341463414634,0.4057649667405765,0.4146341463414634,0.35476718403547675,0.4501108647450111
32e5ee42-9c82-4b9d-969f-4fc15fcd4c54,904,DAC,0.4540420819490587,0.40310077519379844,0.4119601328903654,0.3853820598006645,0.39424141749723146,0.4141749723145072,0.4097452934662237,0.4141749723145072,0.35437430786268,0.4496124031007752
32e5ee42-9c82-4b9d-969f-4fc15fcd4c54,905,DAC,0.45353982300884954,0.4026548672566372,0.41150442477876104,0.38495575221238937,0.3938053097345133,0.41814159292035397,0.4092920353982301,0.413716814159292,0.35398230088495575,0.4491150442477876
32e5ee42-9c82-4b9d-969f-4fc15fcd4c54,906,DAC,0.4530386740331492,0.4022099447513812,0.4154696132596685,0.38453038674033146,0.39337016574585637,0.4176795580110497,0.4088397790055249,0.41325966850828727,0.35359116022099446,0.4486187845303867
32e5ee42-9c82-4b9d-969f-4fc15fcd4c54,907,DAC,0.45253863134657835,0.40176600441501104,0.41501103752759383,0.3841059602649007,0.39293598233995586,0.4216335540838852,0.4083885209713024,0.41280353200883,0.35320088300220753,0.4481236203090508
32e5ee42-9c82-4b9d-969f-4fc15fcd4c54,908,DAC,0.4520396912899669,0.4013230429988975,0.4145534729878721,0.3836824696802646,0.39250275633958104,0.4211686879823594,0.4079382579933848,0.41675854465270123,0.3528114663726571,0.4476295479603087
32e5ee42-9c82-4b9d-969f-4fc15fcd4c54,909,DAC,0.45154185022026433,0.4052863436123348,0.41409691629955947,0.3832599118942731,0.3920704845814978,0.42070484581497797,0.40748898678414097,0.41629955947136565,0.3524229074889868,0.44713656387665196
32e5ee42-9c82-4b9d-969f-4fc15fcd4c54,910,DAC,0.45104510451045104,0.40484048404840484,0.4136413641364136,0.38283828382838286,0.39163916391639164,0.42024202420242024,0.41144114411441146,0.4158415841584158,0.35203520352035206,0.44664466446644663
32e5ee42-9c82-4b9d-969f-4fc15fcd4c54,911,DAC,0.45054945054945056,0.4043956043956044,0.41318681318681316,0.3824175824175824,0.3912087912087912,0.4197802197802198,0.41098901098901097,0.4153846153846154,0.35604395604395606,0.4461538461538462
32e5ee42-9c82-4b9d-969f-4fc15fcd4c54,912,DAC,0.4500548847420417,0.4039517014270033,0.4127332601536773,0.38199780461031835,0.3907793633369923,0.41931942919868276,0.4105378704720088,0.4149286498353458,0.3556531284302964,0.4500548847420417
32e5ee42-9c82-4b9d-969f-4fc15fcd4c54,913,DAC,0.44956140350877194,0.40350877192982454,0.41228070175438597,0.3815789473684211,0.39035087719298245,0.41885964912280704,0.4100877192982456,0.4144736842105263,0.35526315789473684,0.45394736842105265
32e5ee42-9c82-4b9d-969f-4fc15fcd4c54,914,DAC,0.44906900328587074,0.40306681270536693,0.411829134720701,0.38116100766703176,0.3899233296823658,0.4184008762322015,0.40963855421686746,0.4140197152245345,0.3592552026286966,0.4534501642935378
32e5ee42-9c82-4b9d-969f-4fc15fcd4c54,915,DAC,0.4485776805251641,0.4026258205689278,0.4113785557986871,0.38074398249452956,0.38949671772428884,0.4179431072210066,0.40919037199124725,0.4179431072210066,0.3588621444201313,0.45295404814004375
32e5ee42-9c82-4b9d-969f-4fc15fcd4c54,916,DAC,0.44808743169398907,0.4021857923497268,0.41092896174863386,0.3846994535519126,0.38907103825136613,0.4174863387978142,0.4087431693989071,0.4174863387978142,0.3584699453551913,0.4524590163934426
32e5ee42-9c82-4b9d-969f-4fc15fcd4c54,917,DAC,0.44759825327510916,0.4017467248908297,0.4148471615720524,0.38427947598253276,0.388646288209607,0.4170305676855895,0.40829694323144106,0.4170305676855895,0.35807860262008734,0.4519650655021834
32e5ee42-9c82-4b9d-969f-4fc15fcd4c54,918,DAC,0.44711014176663033,0.40130861504907306,0.4143947655398037,0.38386041439476554,0.3882224645583424,0.41657579062159217,0.4078516902944384,0.41657579062159217,0.35768811341330425,0.4558342420937841
32e5ee42-9c82-4b9d-969f-4fc15fcd4c54,919,DAC,0.4466230936819172,0.4008714596949891,0.4139433551198257,0.38344226579520696,0.3877995642701525,0.41612200435729846,0.4074074074074074,0.41612200435729846,0.3616557734204793,0.4553376906318083
32e5ee42-9c82-4b9d-969f-4fc15fcd4c54,920,DAC,0.44613710554951036,0.40043525571273125,0.4178454842219804,0.383025027203482,0.38737758433079433,0.41566920565832427,0.40696409140369966,0.41566920565832427,0.36126224156692055,0.4548422198041349
32e5ee42-9c82-4b9d-969f-4fc15fcd4c54,921,DAC,0.44565217391304346,0.4,0.41739130434782606,0.3826086956521739,0.391304347826087,0.4152173913043478,0.40652173913043477,0.4152173913043478,0.36086956521739133,0.4543478260869565
32e5ee42-9c82-4b9d-969f-4fc15fcd4c54,922,DAC,0.44516829533116176,0.3995656894679696,0.4169381107491857,0.38219326818675353,0.39087947882736157,0.4147665580890337,0.40608034744842564,0.4147665580890337,0.36047774158523344,0.4581976112920738
32e5ee42-9c82-4b9d-969f-4fc15fcd4c54,923,DAC,0.44468546637744033,0.39913232104121477,0.420824295010846,0.38177874186550975,0.39045553145336226,0.41431670281995664,0.40563991323210413,0.41431670281995664,0.3600867678958785,0.45770065075921906
32e5ee42-9c82-4b9d-969f-4fc15fcd4c54,924,DAC,0.4442036836403034,0.39869989165763814,0.42036836403033584,0.38136511375947996,0.39003250270855905,0.41386782231852653,0.40520043336944744,0.41386782231852653,0.3640303358613218,0.457204767063922
32e5ee42-9c82-4b9d-969f-4fc15fcd4c54,925,DAC,0.44372294372294374,0.39826839826839827,0.4199134199134199,0.38095238095238093,0.38961038961038963,0.4134199134199134,0.40476190476190477,0.4199134199134199,0.36363636363636365,0.45670995670995673
32e5ee42-9c82-4b9d-969f-4fc15fcd4c54,926,DAC,0.44324324324324327,0.3978378378378378,0.41945945945945945,0.38054054054054054,0.3891891891891892,0.412972972972973,0.4043243243243243,0.4237837837837838,0.36324324324324325,0.4562162162162162
32e5ee42-9c82-4b9d-969f-4fc15fcd4c54,927,DAC,0.4427645788336933,0.39740820734341253,0.4190064794816415,0.3801295896328294,0.38876889848812096,0.41252699784017277,0.408207343412527,0.42332613390928725,0.36285097192224625,0.4557235421166307
32e5ee42-9c82-4b9d-969f-4fc15fcd4c54,928,DAC,0.44228694714131606,0.3969795037756203,0.418554476806904,0.37971952535059333,0.3883495145631068,0.4120819848975189,0.4077669902912621,0.4228694714131607,0.36245954692556637,0.459546925566343
32e5ee42-9c82-4b9d-969f-4fc15fcd4c54,929,DAC,0.4418103448275862,0.39655172413793105,0.41810344827586204,0.3793103448275862,0.3879310344827586,0.41163793103448276,0.4073275862068966,0.4267241379310345,0.3620689655172414,0.45905172413793105
32e5ee42-9c82-4b9d-969f-4fc15fcd4c54,930,DAC,0.4413347685683531,0.3961248654467169,0.4176533907427341,0.3789020452099031,0.38751345532831,0.41119483315392896,0.4068891280947255,0.426264800861141,0.36167922497308935,0.4628632938643703
32e5ee42-9c82-4b9d-969f-4fc15fcd4c54,931,DAC,0.44086021505376344,0.3956989247311828,0.4172043010752688,0.37849462365591396,0.3913978494623656,0.410752688172043,0.4064516129032258,0.4258064516129032,0.36129032258064514,0.46236559139784944
32e5ee42-9c82-4b9d-969f-4fc15fcd4c54,932,DAC,0.44038668098818473,0.3952738990332975,0.4167561761546724,0.37808807733619765,0.39097744360902253,0.4103114930182599,0.40601503759398494,0.4296455424274973,0.3609022556390977,0.46186895810955964
32e5ee42-9c82-4b9d-969f-4fc15fcd4c54,933,DAC,0.43991416309012876,0.3948497854077253,0.41630901287553645,0.3776824034334764,0.3905579399141631,0.41416309012875535,0.4055793991416309,0.4291845493562232,0.3605150214592275,0.4613733905579399
32e5ee42-9c82-4b9d-969f-4fc15fcd4c54,934,DAC,0.43944265809217575,0.39442658092175775,0.41586280814576637,0.37727759914255093,0.39013933547695606,0.4137191854233655,0.40514469453376206,0.4330117899249732,0.36012861736334406,0.4608788853161844
32e5ee42-9c82-4b9d-969f-4fc15fcd4c54,935,DAC,0.43897216274089934,0.39400428265524623,0.41541755888650966,0.37687366167023556,0.39400428265524623,0.4132762312633833,0.40471092077087795,0.43254817987152033,0.35974304068522484,0.4603854389721627
32e5ee42-9c82-4b9d-969f-4fc15fcd4c54,936,DAC,0.4385026737967914,0.39358288770053473,0.41497326203208557,0.3764705882352941,0.39358288770053473,0.41711229946524064,0.4042780748663102,0.4320855614973262,0.3593582887700535,0.45989304812834225
32e5ee42-9c82-4b9d-969f-4fc15fcd4c54,937,DAC,0.43803418803418803,0.39316239316239315,0.41452991452991456,0.37606837606837606,0.39316239316239315,0.4166666666666667,0.40384615384615385,0.43162393162393164,0.358974358974359,0.4636752136752137
32e5ee42-9c82-4b9d-969f-4fc15fcd4c54,938,DAC,0.4375667022411953,0.3927427961579509,0.41408751334044824,0.37566702241195304,0.39701173959445035,0.41622198505869795,0.4034151547491996,0.4311632870864461,0.35859124866595515,0.4631803628601921
32e5ee42-9c82-4b9d-969f-4fc15fcd4c54,939,DAC,0.43710021321961623,0.39232409381663114,0.417910447761194,0.3752665245202559,0.39658848614072495,0.4157782515991471,0.40298507462686567,0.43070362473347545,0.3582089552238806,0.4626865671641791
32e5ee42-9c82-4b9d-969f-4fc15fcd4c54,940,DAC,0.4366347177848775,0.3919062832800852,0.4217252396166134,0.37486687965921195,0.3961661341853035,0.41533546325878595,0.402555910543131,0.43024494142705005,0.35782747603833864,0.46219382321618746
32e5ee42-9c82-4b9d-969f-4fc15fcd4c54,941,DAC,0.43617021276595747,0.39148936170212767,0.42127659574468085,0.37446808510638296,0.39574468085106385,0.4148936170212766,0.4021276595744681,0.4297872340425532,0.3574468085106383,0.46595744680851064
32e5ee42-9c82-4b9d-969f-4fc15fcd4c54,942,DAC,0.4357066950053135,0.39107332624867164,0.4208289054197662,0.3740701381509033,0.3953241232731137,0.41870350690754515,0.40170031880977686,0.4293304994686504,0.357066950053135,0.46546227417640806
32e5ee42-9c82-4b9d-969f-4fc15fcd4c54,943,DAC,0.43524416135881105,0.39065817409766457,0.42038216560509556,0.37367303609341823,0.39490445859872614,0.4182590233545648,0.4012738853503185,0.4288747346072187,0.35668789808917195,0.4692144373673036
32e5ee42-9c82-4b9d-969f-4fc15fcd4c54,944,DAC,0.43478260869565216,0.3902439024390244,0.41993637327677624,0.37327677624602335,0.3944856839872747,0.4220572640509014,0.40084835630965004,0.4284199363732768,0.3563096500530223,0.4687168610816543
32e5ee42-9c82-4b9d-969f-4fc15fcd4c54,945,DAC,0.4343220338983051,0.3898305084745763,0.4194915254237288,0.3728813559322034,0.3940677966101695,0.4216101694915254,0.4004237288135593,0.4279661016949153,0.3601694915254237,0.4682203389830508
32e5ee42-9c82-4b9d-969f-4fc15fcd4c54,946,DAC,0.43386243386243384,0.38941798941798944,0.41904761904761906,0.3724867724867725,0.3978835978835979,0.4211640211640212,0.4,0.4275132275132275,0.35978835978835977,0.4677248677248677
32e5ee42-9c82-4b9d-969f-4fc15fcd4c54,947,DAC,0.4334038054968288,0.3890063424947146,0.4186046511627907,0.37209302325581395,0.3974630021141649,0.42071881606765327,0.39957716701902746,0.427061310782241,0.3657505285412262,0.46723044397463004
32e5ee42-9c82-4b9d-969f-4fc15fcd4c54,948,DAC,0.43294614572333684,0.3885955649419219,0.41816261879619854,0.3717001055966209,0.39704329461457233,0.42027455121436114,0.3991552270327349,0.43083421330517424,0.36536430834213307,0.46673706441393875
32e5ee42-9c82-4b9d-969f-4fc15fcd4c54,949,DAC,0.43248945147679324,0.3881856540084388,0.4177215189873418,0.37130801687763715,0.4008438818565401,0.41983122362869196,0.3987341772151899,0.43037974683544306,0.3649789029535865,0.46624472573839665
32e5ee42-9c82-4b9d-969f-4fc15fcd4c54,950,DAC,0.4320337197049526,0.38777660695468913,0.4172813487881981,0.37091675447839834,0.40042149631190727,0.42360379346680715,0.39831401475237094,0.42992623814541625,0.36459430979978924,0.4657534246575342
32e5ee42-9c82-4b9d-969f-4fc15fcd4c54,951,DAC,0.43157894736842106,0.3873684210526316,0.4168421052631579,0.3705263157894737,0.4,0.4231578947368421,0.39789473684210525,0.42947368421052634,0.3684210526315789,0.4652631578947368
32e5ee42-9c82-4b9d-969f-4fc15fcd4c54,952,DAC,0.43112513144058884,0.3911671924290221,0.416403785488959,0.37013669821240797,0.39957939011566773,0.4227129337539432,0.39747634069400634,0.42902208201892744,0.36803364879074657,0.4647739221871714
32e5ee42-9c82-4b9d-969f-4fc15fcd4c54,953,DAC,0.43067226890756305,0.3907563025210084,0.41596638655462187,0.3697478991596639,0.39915966386554624,0.4264705882352941,0.39705882352941174,0.42857142857142855,0.36764705882352944,0.4642857142857143
32e5ee42-9c82-4b9d-969f-4fc15fcd4c54,954,DAC,0.4302203567681007,0.39034627492130114,0.4155299055613851,0.36935991605456453,0.3987408184679958,0.4260230849947534,0.40083945435466944,0.4281217208814271,0.3672612801678909,0.46379853095487933
32e5ee42-9c82-4b9d-969f-4fc15fcd4c54,955,DAC,0.429769392033543,0.389937106918239,0.41509433962264153,0.3689727463312369,0.39832285115303984,0.429769392033543,0.40041928721174,0.4276729559748428,0.3668763102725367,0.46331236897274636
32e5ee42-9c82-4b9d-969f-4fc15fcd4c54,956,DAC,0.4293193717277487,0.38952879581151834,0.41465968586387436,0.37277486910994767,0.39790575916230364,0.4293193717277487,0.4,0.4272251308900524,0.36649214659685864,0.46282722513089003
32e5ee42-9c82-4b9d-969f-4fc15fcd4c54,957,DAC,0.42887029288702927,0.3891213389121339,0.41841004184100417,0.3723849372384937,0.39748953974895396,0.42887029288702927,0.399581589958159,0.42677824267782427,0.36610878661087864,0.46234309623430964
32e5ee42-9c82-4b9d-969f-4fc15fcd4c54,958,DAC,0.4284221525600836,0.3887147335423197,0.4179728317659352,0.3719958202716823,0.39707419017763845,0.4284221525600836,0.3991640543364681,0.4263322884012539,0.3657262277951933,0.4660397074190178
32e5ee42-9c82-4b9d-969f-4fc15fcd4c54,959,DAC,0.4321503131524008,0.3883089770354906,0.4175365344467641,0.37160751565762007,0.3966597077244259,0.4279749478079332,0.3987473903966597,0.42588726513569936,0.3653444676409186,0.46555323590814196
32e5ee42-9c82-4b9d-969f-4fc15fcd4c54,960,DAC,0.4316996871741397,0.38790406673618355,0.4171011470281543,0.37122002085505734,0.3962460896767466,0.42752867570385816,0.3983315954118874,0.42961418143899893,0.36496350364963503,0.46506777893639206
32e5ee42-9c82-4b9d-969f-4fc15fcd4c54,961,DAC,0.43125,0.39166666666666666,0.4166666666666667,0.37083333333333335,0.3958333333333333,0.4270833333333333,0.39791666666666664,0.42916666666666664,0.3645833333333333,0.46458333333333335
32e5ee42-9c82-4b9d-969f-4fc15fcd4c54,962,DAC,0.4308012486992716,0.39125910509885536,0.4162330905306972,0.3704474505723205,0.39542143600416235,0.4266389177939646,0.4016649323621228,0.4287200832466181,0.36420395421436,0.46409989594172735
32e5ee42-9c82-4b9d-969f-4fc15fcd4c54,963,DAC,0.4303534303534304,0.3908523908523909,0.4158004158004158,0.3700623700623701,0.39501039501039503,0.4261954261954262,0.40124740124740127,0.4282744282744283,0.367983367983368,0.46361746361746364
32e5ee42-9c82-4b9d-969f-4fc15fcd4c54,964,DAC,0.42990654205607476,0.39460020768431986,0.4153686396677051,0.36967808930425755,0.39460020768431986,0.4257528556593977,0.40083073727933544,0.42782969885773625,0.367601246105919,0.46313603322949115
32e5ee42-9c82-4b9d-969f-4fc15fcd4c54,965,DAC,0.42946058091286304,0.3941908713692946,0.4149377593360996,0.36929460580912865,0.3941908713692946,0.42531120331950206,0.4045643153526971,0.42738589211618255,0.36721991701244816,0.46265560165975106
32e5ee42-9c82-4b9d-969f-4fc15fcd4c54,966,DAC,0.42901554404145076,0.39378238341968913,0.41450777202072536,0.3689119170984456,0.39792746113989635,0.42487046632124353,0.40414507772020725,0.42694300518134715,0.36683937823834195,0.46217616580310883
32e5ee42-9c82-4b9d-969f-4fc15fcd4c54,967,DAC,0.42857142857142855,0.39337474120082816,0.4140786749482402,0.36853002070393376,0.39751552795031053,0.4244306418219462,0.4078674948240166,0.42650103519668736,0.36645962732919257,0.4616977225672878
32e5ee42-9c82-4b9d-969f-4fc15fcd4c54,968,DAC,0.4281282316442606,0.3929679420889349,0.4136504653567735,0.36814891416752843,0.39710444674250256,0.4239917269906929,0.41158221302998965,0.42605997931747674,0.36608066184074456,0.4612202688728025
32e5ee42-9c82-4b9d-969f-4fc15fcd4c54,969,DAC,0.42768595041322316,0.3925619834710744,0.4132231404958678,0.3677685950413223,0.39669421487603307,0.42355371900826444,0.41115702479338845,0.4318181818181818,0.365702479338843,0.4607438016528926
32e5ee42-9c82-4b9d-969f-4fc15fcd4c54,970,DAC,0.42724458204334365,0.39215686274509803,0.41279669762641896,0.3673890608875129,0.39628482972136225,0.4231166150670795,0.4148606811145511,0.43137254901960786,0.3653250773993808,0.4602683178534572
32e5ee42-9c82-4b9d-969f-4fc15fcd4c54,971,DAC,0.4268041237113402,0.3917525773195876,0.41237113402061853,0.3670103092783505,0.3958762886597938,0.422680412371134,0.4144329896907217,0.4309278350515464,0.3649484536082474,0.4639175257731959
32e5ee42-9c82-4b9d-969f-4fc15fcd4c54,972,DAC,0.42636457260556127,0.3913491246138002,0.4160659114315139,0.3666323377960865,0.39546858908341914,0.42224510813594235,0.4140061791967044,0.43048403707518024,0.364572605561277,0.46343975283213185
32e5ee42-9c82-4b9d-969f-4fc15fcd4c54,973,DAC,0.42592592592592593,0.3950617283950617,0.4156378600823045,0.3662551440329218,0.3950617283950617,0.4218106995884774,0.41358024691358025,0.43004115226337447,0.36419753086419754,0.46296296296296297
32e5ee42-9c82-4b9d-969f-4fc15fcd4c54,974,DAC,0.42548818088386436,0.394655704008222,0.41521068859198357,0.3658787255909558,0.394655704008222,0.42137718396711205,0.4131551901336074,0.43371017471736895,0.36382322713257964,0.4624871531346352
32e5ee42-9c82-4b9d-969f-4fc15fcd4c54,975,DAC,0.42505133470225875,0.3942505133470226,0.41478439425051333,0.3655030800821355,0.3942505133470226,0.4209445585215606,0.4127310061601643,0.43737166324435317,0.36344969199178645,0.4620123203285421
32e5ee42-9c82-4b9d-969f-4fc15fcd4c54,976,DAC,0.4246153846153846,0.39384615384615385,0.41435897435897434,0.36512820512820515,0.39384615384615385,0.4205128205128205,0.4123076923076923,0.4369230769230769,0.3671794871794872,0.46153846153846156
32e5ee42-9c82-4b9d-969f-4fc15fcd4c54,977,DAC,0.42418032786885246,0.39344262295081966,0.4139344262295082,0.36475409836065575,0.3975409836065574,0.42008196721311475,0.41188524590163933,0.4364754098360656,0.3668032786885246,0.4610655737704918
32e5ee42-9c82-4b9d-969f-4fc15fcd4c54,978,DAC,0.42374616171954965,0.3930399181166837,0.413510747185261,0.368474923234391,0.3971340839303992,0.4196519959058342,0.41146366427840325,0.436028659160696,0.3664278403275333,0.46059365404298874
32e5ee42-9c82-4b9d-969f-4fc15fcd4c54,979,DAC,0.4274028629856851,0.39263803680981596,0.4130879345603272,0.36809815950920244,0.3967280163599182,0.41922290388548056,0.4110429447852761,0.43558282208588955,0.3660531697341513,0.4601226993865031
32e5ee42-9c82-4b9d-969f-4fc15fcd4c54,980,DAC,0.42696629213483145,0.3922369765066394,0.41266598569969354,0.36772216547497444,0.4004085801838611,0.4187946884576098,0.41062308478038817,0.4351378958120531,0.36567926455566907,0.45965270684371806
32e5ee42-9c82-4b9d-969f-4fc15fcd4c54,981,DAC,0.42653061224489797,0.39591836734693875,0.4122448979591837,0.3673469387755102,0.4,0.41836734693877553,0.41020408163265304,0.4346938775510204,0.3653061224489796,0.45918367346938777
32e5ee42-9c82-4b9d-969f-4fc15fcd4c54,982,DAC,0.4260958205912334,0.39551478083588176,0.41590214067278286,0.3669724770642202,0.399592252803262,0.417940876656473,0.40978593272171254,0.43425076452599387,0.36493374108053006,0.45871559633027525
32e5ee42-9c82-4b9d-969f-4fc15fcd4c54,983,DAC,0.4256619144602851,0.395112016293279,0.4154786150712831,0.3665987780040733,0.39918533604887985,0.4175152749490835,0.4093686354378819,0.43380855397148677,0.36863543788187375,0.45824847250509165
32e5ee42-9c82-4b9d-969f-4fc15fcd4c54,984,DAC,0.4252288911495422,0.3947100712105799,0.4150559511698881,0.37029501525940994,0.3987792472024415,0.4170905391658189,0.40895218718209564,0.4333672431332655,0.36826042726347913,0.4577822990844354
32e5ee42-9c82-4b9d-969f-4fc15fcd4c54,985,DAC,0.4247967479674797,0.3983739837398374,0.4146341463414634,0.3699186991869919,0.3983739837398374,0.4166666666666667,0.40853658536585363,0.4329268292682927,0.3678861788617886,0.4573170731707317
32e5ee42-9c82-4b9d-969f-4fc15fcd4c54,986,DAC,0.4243654822335025,0.3979695431472081,0.41421319796954315,0.3695431472081218,0.3979695431472081,0.41624365482233505,0.4121827411167513,0.43248730964467,0.36751269035532996,0.45685279187817257
32e5ee42-9c82-4b9d-969f-4fc15fcd4c54,987,DAC,0.4239350912778905,0.3975659229208925,0.4178498985801217,0.3691683569979716,0.3975659229208925,0.4158215010141988,0.4117647058823529,0.43204868154158216,0.3671399594320487,0.4563894523326572
32e5ee42-9c82-4b9d-969f-4fc15fcd4c54,988,DAC,0.42350557244174264,0.3971631205673759,0.41742654508611954,0.36879432624113473,0.3971631205673759,0.4154002026342452,0.41134751773049644,0.43566362715298884,0.3667679837892604,0.45592705167173253
32e5ee42-9c82-4b9d-969f-4fc15fcd4c54,989,DAC,0.4230769230769231,0.4008097165991903,0.41700404858299595,0.3684210526315789,0.3967611336032389,0.4149797570850202,0.4109311740890688,0.4352226720647773,0.36639676113360325,0.45546558704453444
32e5ee42-9c82-4b9d-969f-4fc15fcd4c54,990,DAC,0.42264914054600605,0.40040444893832156,0.4206268958543984,0.36804853387259856,0.39635995955510617,0.41456016177957533,0.41051567239635994,0.43478260869565216,0.3660262891809909,0.455005055611729
32e5ee42-9c82-4b9d-969f-4fc15fcd4c54,991,DAC,0.4222222222222222,0.4,0.4202020202020202,0.36767676767676766,0.39595959595959596,0.41414141414141414,0.4161616161616162,0.43434343434343436,0.3656565656565657,0.45454545454545453
32e5ee42-9c82-4b9d-969f-4fc15fcd4c54,992,DAC,0.42179616548940463,0.39959636730575177,0.41977800201816345,0.3713420787083754,0.3955600403632694,0.41372351160444,0.4157416750756811,0.4339051463168517,0.36528758829465185,0.45408678102926336
32e5ee42-9c82-4b9d-969f-4fc15fcd4c54,993,DAC,0.4213709677419355,0.39919354838709675,0.42338709677419356,0.3709677419354839,0.3951612903225806,0.41330645161290325,0.4153225806451613,0.4334677419354839,0.3649193548387097,0.4536290322580645
32e5ee42-9c82-4b9d-969f-4fc15fcd4c54,994,DAC,0.4209466263846928,0.3987915407854985,0.4229607250755287,0.37059415911379656,0.3947633434038268,0.4169184290030212,0.4149043303121853,0.43303121852970794,0.364551863041289,0.45317220543806647
32e5ee42-9c82-4b9d-969f-4fc15fcd4c54,995,DAC,0.42052313883299797,0.3983903420523139,0.4225352112676056,0.3702213279678068,0.39436619718309857,0.4164989939637827,0.41851106639839036,0.43259557344064387,0.3641851106639839,0.45271629778672035
32e5ee42-9c82-4b9d-969f-4fc15fcd4c54,996,DAC,0.4201005025125628,0.39798994974874374,0.4221105527638191,0.3698492462311558,0.39396984924623113,0.41608040201005025,0.4221105527638191,0.4321608040201005,0.36381909547738694,0.45226130653266333
32e5ee42-9c82-4b9d-969f-4fc15fcd4c54,997,DAC,0.41967871485943775,0.39759036144578314,0.42570281124497994,0.36947791164658633,0.39357429718875503,0.41566265060240964,0.42168674698795183,0.43172690763052207,0.3634538152610442,0.45180722891566266
32e5ee42-9c82-4b9d-969f-4fc15fcd4c54,998,DAC,0.4192577733199599,0.3971915747241725,0.42527582748244735,0.3691073219658977,0.39317953861584753,0.4152457372116349,0.42126379137412234,0.4312938816449348,0.36710130391173523,0.45135406218655966
32e5ee42-9c82-4b9d-969f-4fc15fcd4c54,999,DAC,0.4188376753507014,0.3967935871743487,0.4288577154308617,0.3687374749498998,0.3927855711422846,0.4148296593186373,0.42084168336673344,0.4308617234468938,0.3667334669338677,0.45090180360721444
32e5ee42-9c82-4b9d-969f-4fc15fcd4c54,1000,DAC,0.4184184184184184,0.4004004004004004,0.42842842842842843,0.3683683683683684,0.3923923923923924,0.4144144144144144,0.42042042042042044,0.43043043043043044,0.3663663663663664,0.45045045045045046
32e5ee42-9c82-4b9d-969f-4fc15fcd4c54,1001,DAC,0.418,0.4,0.428,0.368,0.396,0.414,0.42,0.43,0.366,0.45
32e5ee42-9c82-4b9d-969f-4fc15fcd4c54,1002,DAC,0.4175824175824176,0.3996003996003996,0.4275724275724276,0.3676323676323676,0.3956043956043956,0.41358641358641357,0.42357642357642356,0.42957042957042957,0.36563436563436563,0.44955044955044954
32e5ee42-9c82-4b9d-969f-4fc15fcd4c54,1003,DAC,0.4171656686626746,0.3992015968063872,0.4311377245508982,0.36726546906187624,0.39520958083832336,0.41317365269461076,0.4231536926147705,0.4291417165668663,0.3652694610778443,0.4491017964071856
32e5ee42-9c82-4b9d-969f-4fc15fcd4c54,1004,DAC,0.4167497507477567,0.3988035892323031,0.43469591226321036,0.36689930209371885,0.3948155533399801,0.4127617148554337,0.42273180458624127,0.4287138584247258,0.36490528414755735,0.44865403788634095
32e5ee42-9c82-4b9d-969f-4fc15fcd4c54,1005,DAC,0.4163346613545817,0.398406374501992,0.4342629482071713,0.3665338645418327,0.3944223107569721,0.4123505976095618,0.42231075697211157,0.42828685258964144,0.3645418326693227,0.45219123505976094
32e5ee42-9c82-4b9d-969f-4fc15fcd4c54,1006,DAC,0.41592039800995023,0.39800995024875624,0.4338308457711443,0.3661691542288557,0.3940298507462687,0.41592039800995023,0.4218905472636816,0.42786069651741293,0.3641791044776119,0.45174129353233833
32e5ee42-9c82-4b9d-969f-4fc15fcd4c54,1007,DAC,0.4194831013916501,0.3976143141153082,0.43339960238568587,0.3658051689860835,0.39363817097415504,0.415506958250497,0.42147117296222664,0.4274353876739563,0.36381709741550694,0.45129224652087474
32e5ee42-9c82-4b9d-969f-4fc15fcd4c54,1008,DAC,0.41906653426017876,0.3972194637537239,0.4329692154915591,0.365441906653426,0.3932472691161867,0.41509433962264153,0.42105263157894735,0.43098311817279045,0.3634558093346574,0.45084409136047665
32e5ee42-9c82-4b9d-969f-4fc15fcd4c54,1009,DAC,0.41865079365079366,0.3968253968253968,0.43253968253968256,0.36507936507936506,0.3968253968253968,0.4146825396825397,0.42063492063492064,0.4305555555555556,0.3630952380952381,0.4503968253968254
32e5ee42-9c82-4b9d-969f-4fc15fcd4c54,1010,DAC,0.4182358771060456,0.39643211100099107,0.4321110009910803,0.3686818632309217,0.39643211100099107,0.41427155599603566,0.42021803766105054,0.4301288404360753,0.36273538156590684,0.4499504459861249
32e5ee42-9c82-4b9d-969f-4fc15fcd4c54,1011,DAC,0.4178217821782178,0.39603960396039606,0.4316831683168317,0.3683168316831683,0.39603960396039606,0.41386138613861384,0.4198019801980198,0.43366336633663366,0.36237623762376237,0.4495049504950495
32e5ee42-9c82-4b9d-969f-4fc15fcd4c54,1012,DAC,0.41740850642927796,0.39564787339268054,0.43125618199802174,0.36795252225519287,0.39564787339268054,0.4134520276953511,0.41938674579624136,0.4332344213649852,0.3659742828882295,0.44906033630069236
32e5ee42-9c82-4b9d-969f-4fc15fcd4c54,1013,DAC,0.41699604743083,0.3952569169960474,0.4308300395256917,0.3675889328063241,0.3952569169960474,0.4189723320158103,0.4189723320158103,0.43280632411067194,0.36561264822134387,0.44861660079051385
32e5ee42-9c82-4b9d-969f-4fc15fcd4c54,1014,DAC,0.4165844027640671,0.39486673247778875,0.43040473840078974,0.36722606120434353,0.39486673247778875,0.4185587364264561,0.4185587364264561,0.43237907206317866,0.36920039486673245,0.4481737413622902
32e5ee42-9c82-4b9d-969f-4fc15fcd4c54,1015,DAC,0.42011834319526625,0.39447731755424065,0.42998027613412226,0.3668639053254438,0.39447731755424065,0.4181459566074951,0.4181459566074951,0.4319526627218935,0.368836291913215,0.4477317554240631
32e5ee42-9c82-4b9d-969f-4fc15fcd4c54,1016,DAC,0.41970443349753694,0.39408866995073893,0.4295566502463054,0.3665024630541872,0.39408866995073893,0.41773399014778323,0.41773399014778323,0.4315270935960591,0.3724137931034483,0.44729064039408867
32e5ee42-9c82-4b9d-969f-4fc15fcd4c54,1017,DAC,0.41929133858267714,0.39763779527559057,0.42913385826771655,0.3661417322834646,0.3937007874015748,0.41732283464566927,0.41732283464566927,0.4311023622047244,0.3720472440944882,0.4468503937007874
32e5ee42-9c82-4b9d-969f-4fc15fcd4c54,1018,DAC,0.41887905604719766,0.3972468043264503,0.4326450344149459,0.36578171091445427,0.39331366764995085,0.4169124877089479,0.4169124877089479,0.4306784660766962,0.37168141592920356,0.4464110127826942
32e5ee42-9c82-4b9d-969f-4fc15fcd4c54,1019,DAC,0.41846758349705304,0.3968565815324165,0.43222003929273084,0.3654223968565815,0.3929273084479371,0.4165029469548134,0.4165029469548134,0.4302554027504912,0.37524557956778,0.44597249508840864
32e5ee42-9c82-4b9d-969f-4fc15fcd4c54,1020,DAC,0.4180569185475957,0.39646712463199213,0.43179587831207067,0.3650637880274779,0.39254170755642787,0.41609421000981356,0.4200196270853778,0.42983316977428854,0.3748773307163886,0.44553483807654565
32e5ee42-9c82-4b9d-969f-4fc15fcd4c54,1021,DAC,0.4176470588235294,0.396078431372549,0.43137254901960786,0.36470588235294116,0.396078431372549,0.41568627450980394,0.4196078431372549,0.4294117647058823,0.37450980392156863,0.44509803921568625
32e5ee42-9c82-4b9d-969f-4fc15fcd4c54,1022,DAC,0.41723800195886385,0.395690499510284,0.4309500489715965,0.3643486777668952,0.39960822722820766,0.4152791380999021,0.41919686581782567,0.4289911851126347,0.37414299706170423,0.4446620959843291
32e5ee42-9c82-4b9d-969f-4fc15fcd4c54,1023,DAC,0.41682974559686886,0.3953033268101761,0.4344422700587084,0.3639921722113503,0.39921722113502933,0.41487279843444225,0.4187866927592955,0.42857142857142855,0.37377690802348335,0.44422700587084146
32e5ee42-9c82-4b9d-969f-4fc15fcd4c54,1024,DAC,0.41642228739002934,0.3949169110459433,0.4340175953079179,0.36363636363636365,0.4027370478983382,0.4144672531769306,0.41837732160312807,0.4281524926686217,0.3734115347018573,0.44379276637341153
32e5ee42-9c82-4b9d-969f-4fc15fcd4c54,1025,DAC,0.416015625,0.39453125,0.43359375,0.3671875,0.40234375,0.4140625,0.41796875,0.427734375,0.373046875,0.443359375
32e5ee42-9c82-4b9d-969f-4fc15fcd4c54,1026,DAC,0.4195121951219512,0.39414634146341465,0.43317073170731707,0.3668292682926829,0.40195121951219515,0.41365853658536583,0.4175609756097561,0.4273170731707317,0.3726829268292683,0.4429268292682927
32e5ee42-9c82-4b9d-969f-4fc15fcd4c54,1027,DAC,0.4191033138401559,0.3937621832358674,0.4327485380116959,0.3664717348927875,0.4015594541910331,0.41325536062378165,0.4171539961013645,0.43079922027290446,0.3723196881091618,0.442495126705653
32e5ee42-9c82-4b9d-969f-4fc15fcd4c54,1028,DAC,0.4186952288218111,0.39727361246348586,0.4323271665043817,0.3661148977604674,0.4011684518013632,0.41285296981499514,0.41674780915287246,0.43037974683544306,0.37195715676728336,0.44206426484907496
32e5ee42-9c82-4b9d-969f-4fc15fcd4c54,1029,DAC,0.4182879377431907,0.3968871595330739,0.4357976653696498,0.3657587548638132,0.40077821011673154,0.41245136186770426,0.4163424124513619,0.42996108949416345,0.3715953307392996,0.44163424124513617
32e5ee42-9c82-4b9d-969f-4fc15fcd4c54,1030,DAC,0.4217687074829932,0.3965014577259475,0.43537414965986393,0.3654033041788144,0.4003887269193392,0.41205053449951407,0.4159378036929057,0.4295432458697765,0.37123420796890183,0.4412050534499514
32e5ee42-9c82-4b9d-969f-4fc15fcd4c54,1031,DAC,0.42135922330097086,0.4,0.4349514563106796,0.3650485436893204,0.4,0.4116504854368932,0.4155339805825243,0.429126213592233,0.37087378640776697,0.4407766990291262
32e5ee42-9c82-4b9d-969f-4fc15fcd4c54,1032,DAC,0.4209505334626576,0.39961202715809896,0.43452958292919497,0.3646944713870029,0.39961202715809896,0.4151309408341416,0.4151309408341416,0.42870999030067897,0.3705140640155189,0.44034917555771097
32e5ee42-9c82-4b9d-969f-4fc15fcd4c54,1033,DAC,0.42054263565891475,0.3992248062015504,0.43410852713178294,0.3643410852713178,0.3992248062015504,0.41472868217054265,0.4186046511627907,0.42829457364341084,0.3701550387596899,0.43992248062015504
32e5ee42-9c82-4b9d-969f-4fc15fcd4c54,1034,DAC,0.42400774443368827,0.398838334946757,0.43368828654404645,0.3639883833494676,0.398838334946757,0.4143272023233301,0.4181994191674734,0.42787996127783157,0.3697967086156825,0.4394966118102614
32e5ee42-9c82-4b9d-969f-4fc15fcd4c54,1035,DAC,0.42359767891682787,0.3984526112185687,0.4332688588007737,0.36363636363636365,0.3984526112185687,0.41392649903288203,0.41779497098646035,0.4274661508704062,0.3694390715667311,0.4448742746615087
32e5ee42-9c82-4b9d-969f-4fc15fcd4c54,1036,DAC,0.42318840579710143,0.39806763285024155,0.43285024154589374,0.36328502415458935,0.39806763285024155,0.41352657004830917,0.41739130434782606,0.4270531400966184,0.3690821256038647,0.44830917874396137
32e5ee42-9c82-4b9d-969f-4fc15fcd4c54,1037,DAC,0.42277992277992277,0.39768339768339767,0.43243243243243246,0.36293436293436293,0.39768339768339767,0.41312741312741313,0.416988416988417,0.4305019305019305,0.3687258687258687,0.44787644787644787
32e5ee42-9c82-4b9d-969f-4fc15fcd4c54,1038,DAC,0.4223722275795564,0.39729990356798456,0.43201542912246865,0.36258437801350046,0.39729990356798456,0.4127290260366442,0.420443587270974,0.43008678881388623,0.36837029893924783,0.4474445515911283
32e5ee42-9c82-4b9d-969f-4fc15fcd4c54,1039,DAC,0.42196531791907516,0.3969171483622351,0.43159922928709055,0.3622350674373796,0.3969171483622351,0.4123314065510597,0.42003853564547206,0.4296724470134875,0.36801541425818884,0.4508670520231214
32e5ee42-9c82-4b9d-969f-4fc15fcd4c54,1040,DAC,0.42540904716073147,0.3965351299326275,0.43118383060635224,0.3618864292589028,0.3965351299326275,0.41193455245428295,0.4196342637151107,0.4292589027911453,0.36766121270452357,0.4504331087584216
32e5ee42-9c82-4b9d-969f-4fc15fcd4c54,1041,DAC,0.425,0.4,0.4307692307692308,0.36153846153846153,0.39615384615384613,0.4115384615384615,0.41923076923076924,0.4288461538461538,0.36730769230769234,0.45
32e5ee42-9c82-4b9d-969f-4fc15fcd4c54,1042,DAC,0.42843419788664744,0.39961575408261285,0.4303554274735831,0.3611911623439001,0.3957732949087416,0.4111431316042267,0.41882804995196926,0.42843419788664744,0.366954851104707,0.4495677233429395
32e5ee42-9c82-4b9d-969f-4fc15fcd4c54,1043,DAC,0.42802303262955854,0.39923224568138194,0.42994241842610365,0.36084452975047987,0.39539347408829173,0.4107485604606526,0.42226487523992323,0.42802303262955854,0.3666026871401152,0.4491362763915547
32e5ee42-9c82-4b9d-969f-4fc15fcd4c54,1044,DAC,0.4276126558005753,0.39884947267497606,0.42953020134228187,0.3604985618408437,0.39884947267497606,0.4103547459252157,0.4218600191754554,0.4276126558005753,0.36625119846596355,0.44870565675934804
32e5ee42-9c82-4b9d-969f-4fc15fcd4c54,1045,DAC,0.43103448275862066,0.39846743295019155,0.42911877394636017,0.36015325670498083,0.39846743295019155,0.4099616858237548,0.421455938697318,0.4272030651340996,0.36590038314176243,0.4482758620689655
32e5ee42-9c82-4b9d-969f-4fc15fcd4c54,1046,DAC,0.430622009569378,0.3980861244019139,0.42870813397129187,0.3598086124401914,0.3980861244019139,0.40956937799043064,0.42105263157894735,0.4267942583732057,0.36555023923444974,0.45167464114832534
32e5ee42-9c82-4b9d-969f-4fc15fcd4c54,1047,DAC,0.43021032504780116,0.3977055449330784,0.42829827915869984,0.35946462715105165,0.3977055449330784,0.4091778202676864,0.42065009560229444,0.42638623326959846,0.3690248565965583,0.45124282982791586
32e5ee42-9c82-4b9d-969f-4fc15fcd4c54,1048,DAC,0.4297994269340974,0.3973256924546323,0.4278892072588348,0.35912129894937916,0.3973256924546323,0.4087870105062082,0.42024832855778416,0.4297994269340974,0.36867239732569246,0.45081184336198665
32e5ee42-9c82-4b9d-969f-4fc15fcd4c54,1049,DAC,0.43320610687022904,0.3969465648854962,0.42748091603053434,0.35877862595419846,0.3969465648854962,0.4083969465648855,0.4198473282442748,0.42938931297709926,0.3683206106870229,0.45038167938931295
32e5ee42-9c82-4b9d-969f-4fc15fcd4c54,1050,DAC,0.43660629170638704,0.3965681601525262,0.4270734032411821,0.35843660629170637,0.3965681601525262,0.40800762631077214,0.4194470924690181,0.42897998093422307,0.3679694947569113,0.449952335557674
32e5ee42-9c82-4b9d-969f-4fc15fcd4c54,1051,DAC,0.4361904761904762,0.3961904761904762,0.43047619047619046,0.3580952380952381,0.3961904761904762,0.4076190476190476,0.41904761904761906,0.42857142857142855,0.3676190476190476,0.44952380952380955
32e5ee42-9c82-4b9d-969f-4fc15fcd4c54,1052,DAC,0.439581351094196,0.39581351094196005,0.4300666032350143,0.3577545195052331,0.39581351094196005,0.4072312083729781,0.4186489058039962,0.42816365366317793,0.36726926736441484,0.4490960989533777
32e5ee42-9c82-4b9d-969f-4fc15fcd4c54,1053,DAC,0.4391634980988593,0.39543726235741444,0.4296577946768061,0.3574144486692015,0.39543726235741444,0.41064638783269963,0.41825095057034223,0.42775665399239543,0.3669201520912547,0.44866920152091255
32e5ee42-9c82-4b9d-969f-4fc15fcd4c54,1054,DAC,0.43874643874643876,0.3950617283950617,0.42924976258309594,0.3570750237416904,0.3950617283950617,0.41025641025641024,0.4178537511870845,0.42735042735042733,0.37037037037037035,0.4482431149097816
32e5ee42-9c82-4b9d-969f-4fc15fcd4c54,1055,DAC,0.43833017077798864,0.3946869070208729,0.428842504743833,0.3605313092979127,0.3946869070208729,0.4098671726755218,0.4174573055028463,0.4269449715370019,0.3700189753320683,0.4478178368121442
32e5ee42-9c82-4b9d-969f-4fc15fcd4c54,1056,DAC,0.437914691943128,0.3943127962085308,0.42843601895734595,0.36018957345971564,0.3943127962085308,0.409478672985782,0.41706161137440756,0.4265402843601896,0.3696682464454976,0.45118483412322274
32e5ee42-9c82-4b9d-969f-4fc15fcd4c54,1057,DAC,0.4375,0.3939393939393939,0.42803030303030304,0.35984848484848486,0.3939393939393939,0.4090909090909091,0.4166666666666667,0.4318181818181818,0.3693181818181818,0.45075757575757575
32e5ee42-9c82-4b9d-969f-4fc15fcd4c54,1058,DAC,0.4370860927152318,0.3935666982024598,0.42762535477767266,0.3632923368022706,0.3935666982024598,0.4087038789025544,0.4162724692526017,0.4314096499526963,0.36896877956480606,0.4503311258278146
32e5ee42-9c82-4b9d-969f-4fc15fcd4c54,1059,DAC,0.43667296786389415,0.3931947069943289,0.42722117202268434,0.3629489603024575,0.3931947069943289,0.40831758034026466,0.4158790170132325,0.43100189035916825,0.3724007561436673,0.4499054820415879
32e5ee42-9c82-4b9d-969f-4fc15fcd4c54,1060,DAC,0.43626062322946174,0.392823418319169,0.43059490084985835,0.3626062322946176,0.392823418319169,0.40793201133144474,0.4154863078375826,0.43059490084985835,0.3720491029272899,0.449480642115203
32e5ee42-9c82-4b9d-969f-4fc15fcd4c54,1061,DAC,0.4358490566037736,0.39622641509433965,0.43018867924528303,0.3622641509433962,0.39245283018867927,0.4075471698113208,0.41509433962264153,0.43018867924528303,0.37169811320754714,0.4490566037735849
32e5ee42-9c82-4b9d-969f-4fc15fcd4c54,1062,DAC,0.4354382657869934,0.39585296889726673,0.4297832233741753,0.36192271442035817,0.3920829406220547,0.4071630537229029,0.41470311027332707,0.43355325164938735,0.37134778510838834,0.44863336475023563
32e5ee42-9c82-4b9d-969f-4fc15fcd4c54,1063,DAC,0.4350282485875706,0.3954802259887006,0.4331450094161959,0.3615819209039548,0.391713747645951,0.4067796610169492,0.4143126177024482,0.4331450094161959,0.3709981167608286,0.448210922787194
32e5ee42-9c82-4b9d-969f-4fc15fcd4c54,1064,DAC,0.43461900282220134,0.3951081843838194,0.43273753527751646,0.36124176857949203,0.3913452492944497,0.4063969896519285,0.4139228598306679,0.43650047036688616,0.37064910630291625,0.4477892756349953
32e5ee42-9c82-4b9d-969f-4fc15fcd4c54,1065,DAC,0.4342105263157895,0.39473684210526316,0.4323308270676692,0.3609022556390977,0.39097744360902253,0.40601503759398494,0.41729323308270677,0.43609022556390975,0.37030075187969924,0.4473684210526316
32e5ee42-9c82-4b9d-969f-4fc15fcd4c54,1066,DAC,0.43380281690140843,0.39436619718309857,0.431924882629108,0.36056338028169016,0.39436619718309857,0.4056338028169014,0.4169014084507042,0.4356807511737089,0.3699530516431925,0.4469483568075117
32e5ee42-9c82-4b9d-969f-4fc15fcd4c54,1067,DAC,0.4333958724202627,0.39399624765478425,0.43151969981238275,0.3602251407129456,0.39399624765478425,0.4052532833020638,0.4165103189493433,0.43902439024390244,0.3696060037523452,0.44652908067542213
32e5ee42-9c82-4b9d-969f-4fc15fcd4c54,1068,DAC,0.4329896907216495,0.3936269915651359,0.4311152764761012,0.3598875351452671,0.3936269915651359,0.40487347703842547,0.41611996251171507,0.4386129334582943,0.37300843486410495,0.44611059044048734
32e5ee42-9c82-4b9d-969f-4fc15fcd4c54,1069,DAC,0.43258426966292135,0.39325842696629215,0.4307116104868914,0.3595505617977528,0.39325842696629215,0.40823970037453183,0.4157303370786517,0.43820224719101125,0.37265917602996257,0.44569288389513106
32e5ee42-9c82-4b9d-969f-4fc15fcd4c54,1070,DAC,0.4321796071094481,0.39663236669784846,0.4303086997193639,0.3592142188961646,0.3928905519176801,0.4078578110383536,0.4153414405986904,0.43779232927970063,0.372310570626754,0.4452759588400374
32e5ee42-9c82-4b9d-969f-4fc15fcd4c54,1071,DAC,0.43177570093457945,0.39626168224299063,0.4336448598130841,0.35887850467289717,0.3925233644859813,0.4074766355140187,0.41495327102803736,0.4373831775700935,0.3719626168224299,0.44485981308411215
32e5ee42-9c82-4b9d-969f-4fc15fcd4c54,1072,DAC,0.43137254901960786,0.39589169000933705,0.4332399626517274,0.3585434173669468,0.39215686274509803,0.40709617180205415,0.41456582633053224,0.4369747899159664,0.3716153127917834,0.4481792717086835
32e5ee42-9c82-4b9d-969f-4fc15fcd4c54,1073,DAC,0.43097014925373134,0.39552238805970147,0.43283582089552236,0.3582089552238806,0.39552238805970147,0.40671641791044777,0.4141791044776119,0.43656716417910446,0.3712686567164179,0.44776119402985076
32e5ee42-9c82-4b9d-969f-4fc15fcd4c54,1074,DAC,0.43056849953401677,0.3951537744641193,0.43243243243243246,0.35787511649580617,0.39888164026095063,0.4063373718546132,0.41379310344827586,0.4361602982292637,0.37092264678471576,0.4473438956197577
32e5ee42-9c82-4b9d-969f-4fc15fcd4c54,1075,DAC,0.4301675977653631,0.3947858472998138,0.43202979515828677,0.3575418994413408,0.4022346368715084,0.4059590316573557,0.4134078212290503,0.43575418994413406,0.37057728119180633,0.44692737430167595
32e5ee42-9c82-4b9d-969f-4fc15fcd4c54,1076,DAC,0.4297674418604651,0.3944186046511628,0.4316279069767442,0.3572093023255814,0.4018604651162791,0.4055813953488372,0.41674418604651164,0.43534883720930234,0.3702325581395349,0.44651162790697674
32e5ee42-9c82-4b9d-969f-4fc15fcd4c54,1077,DAC,0.42936802973977695,0.3940520446096654,0.4349442379182156,0.35687732342007433,0.40148698884758366,0.4052044609665427,0.4163568773234201,0.4349442379182156,0.36988847583643125,0.44609665427509293
32e5ee42-9c82-4b9d-969f-4fc15fcd4c54,1078,DAC,0.43268337975858867,0.393686165273909,0.43454038997214484,0.3565459610027855,0.4011142061281337,0.40482822655524603,0.4159702878365831,0.43454038997214484,0.3695450324976787,0.4456824512534819
32e5ee42-9c82-4b9d-969f-4fc15fcd4c54,1079,DAC,0.4322820037105751,0.39332096474953615,0.43413729128014844,0.3562152133580705,0.4007421150278293,0.4044526901669759,0.4155844155844156,0.43413729128014844,0.3747680890538033,0.4452690166975881
32e5ee42-9c82-4b9d-969f-4fc15fcd4c54,1080,DAC,0.4318813716404078,0.39666357738646896,0.43373493975903615,0.35588507877664505,0.40037071362372567,0.4040778498609824,0.4151992585727525,0.43373493975903615,0.3744207599629286,0.4448563484708063
32e5ee42-9c82-4b9d-969f-4fc15fcd4c54,1081,DAC,0.43148148148148147,0.3962962962962963,0.43333333333333335,0.35555555555555557,0.4,0.40370370370370373,0.4148148148148148,0.43333333333333335,0.37777777777777777,0.4444444444444444
32e5ee42-9c82-4b9d-969f-4fc15fcd4c54,1082,DAC,0.43108233117483813,0.39592969472710454,0.43293246993524515,0.35892691951896394,0.3996299722479186,0.40333024976873266,0.4144310823311748,0.43293246993524515,0.3774283071230342,0.4440333024976873
32e5ee42-9c82-4b9d-969f-4fc15fcd4c54,1083,DAC,0.43068391866913125,0.3955637707948244,0.43253234750462105,0.3585951940850277,0.4029574861367837,0.4029574861367837,0.41404805914972276,0.43253234750462105,0.37707948243992606,0.4436229205175601
32e5ee42-9c82-4b9d-969f-4fc15fcd4c54,1084,DAC,0.43028624192059095,0.39519852262234534,0.43213296398891965,0.3619575253924284,0.4025854108956602,0.4025854108956602,0.4136657433056325,0.43213296398891965,0.3767313019390582,0.44321329639889195
32e5ee42-9c82-4b9d-969f-4fc15fcd4c54,1085,DAC,0.43357933579335795,0.3948339483394834,0.4317343173431734,0.36162361623616235,0.4022140221402214,0.4022140221402214,0.4132841328413284,0.4317343173431734,0.3763837638376384,0.44280442804428044
32e5ee42-9c82-4b9d-969f-4fc15fcd4c54,1086,DAC,0.4368663594470046,0.39447004608294933,0.4313364055299539,0.36129032258064514,0.40184331797235023,0.40184331797235023,0.4129032258064516,0.4313364055299539,0.376036866359447,0.4423963133640553
32e5ee42-9c82-4b9d-969f-4fc15fcd4c54,1087,DAC,0.43646408839779005,0.39410681399631675,0.430939226519337,0.36095764272559855,0.40515653775322286,0.4014732965009208,0.4125230202578269,0.430939226519337,0.3756906077348066,0.4419889502762431
32e5ee42-9c82-4b9d-969f-4fc15fcd4c54,1088,DAC,0.43606255749770007,0.3937442502299908,0.43422263109475623,0.36062557497700093,0.4047838086476541,0.40110395584176634,0.41214351425942963,0.43054277828886844,0.37534498620055196,0.44158233670653174
32e5ee42-9c82-4b9d-969f-4fc15fcd4c54,1089,DAC,0.43566176470588236,0.39338235294117646,0.4338235294117647,0.3602941176470588,0.40441176470588236,0.4007352941176471,0.4117647058823529,0.4338235294117647,0.375,0.4411764705882353
32e5ee42-9c82-4b9d-969f-4fc15fcd4c54,1090,DAC,0.43526170798898073,0.39302112029384756,0.43709825528007346,0.35996326905417814,0.40404040404040403,0.4003673094582185,0.411386593204775,0.43342516069788795,0.3746556473829201,0.44077134986225897
32e5ee42-9c82-4b9d-969f-4fc15fcd4c54,1091,DAC,0.43486238532110094,0.3926605504587156,0.43669724770642204,0.3596330275229358,0.4036697247706422,0.4036697247706422,0.41100917431192663,0.43302752293577984,0.3743119266055046,0.44036697247706424
32e5ee42-9c82-4b9d-969f-4fc15fcd4c54,1092,DAC,0.4344637946837763,0.3923006416131989,0.43629697525206235,0.3593033913840513,0.4032997250229148,0.4032997250229148,0.4106324472960587,0.43629697525206235,0.37396883593033914,0.4399633363886343
32e5ee42-9c82-4b9d-969f-4fc15fcd4c54,1093,DAC,0.4340659340659341,0.39194139194139194,0.4358974358974359,0.3626373626373626,0.40293040293040294,0.40293040293040294,0.41025641025641024,0.4358974358974359,0.37362637362637363,0.43956043956043955
32e5ee42-9c82-4b9d-969f-4fc15fcd4c54,1094,DAC,0.43366880146386094,0.39158279963403475,0.43915827996340345,0.36230558096980786,0.4025617566331198,0.4025617566331198,0.40988106129917656,0.4354986276303751,0.37328453796889294,0.43915827996340345
32e5ee42-9c82-4b9d-969f-4fc15fcd4c54,1095,DAC,0.43327239488117003,0.3912248628884826,0.43875685557586835,0.3656307129798903,0.40219378427787933,0.40219378427787933,0.40950639853747717,0.4351005484460695,0.37294332723948814,0.43875685557586835
32e5ee42-9c82-4b9d-969f-4fc15fcd4c54,1096,DAC,0.4328767123287671,0.3908675799086758,0.4383561643835616,0.365296803652968,0.4018264840182648,0.4018264840182648,0.41278538812785387,0.434703196347032,0.3726027397260274,0.4383561643835616
32e5ee42-9c82-4b9d-969f-4fc15fcd4c54,1097,DAC,0.4324817518248175,0.3905109489051095,0.43795620437956206,0.36496350364963503,0.40145985401459855,0.4051094890510949,0.4124087591240876,0.4343065693430657,0.3722627737226277,0.43795620437956206
32e5ee42-9c82-4b9d-969f-4fc15fcd4c54,1098,DAC,0.43208751139471285,0.39380127620783956,0.4375569735642662,0.3646308113035551,0.4010938924339107,0.4047402005469462,0.41203281677301734,0.43391066545123064,0.37192342752962626,0.4375569735642662
32e5ee42-9c82-4b9d-969f-4fc15fcd4c54,1099,DAC,0.43169398907103823,0.39344262295081966,0.4371584699453552,0.36429872495446264,0.4007285974499089,0.40437158469945356,0.4116575591985428,0.4335154826958106,0.37158469945355194,0.4408014571948998
32e5ee42-9c82-4b9d-969f-4fc15fcd4c54,1100,DAC,0.4313011828935396,0.39308462238398545,0.44040036396724297,0.36396724294813465,0.40036396724294815,0.40400363967242947,0.41128298453139217,0.43312101910828027,0.37124658780709735,0.44040036396724297
32e5ee42-9c82-4b9d-969f-4fc15fcd4c54,1101,DAC,0.4309090909090909,0.3927272727272727,0.44,0.36363636363636365,0.4,0.4036363636363636,0.4109090909090909,0.4381818181818182,0.3709090909090909,0.44
32e5ee42-9c82-4b9d-969f-4fc15fcd4c54,1102,DAC,0.4305177111716621,0.3923705722070845,0.4396003633060854,0.36330608537693004,0.3996366939146231,0.4032697547683924,0.410535876475931,0.44323342415985467,0.37057220708446864,0.4396003633060854
32e5ee42-9c82-4b9d-969f-4fc15fcd4c54,1103,DAC,0.4301270417422868,0.39201451905626133,0.44464609800362975,0.3629764065335753,0.3992740471869328,0.4029038112522686,0.4101633393829401,0.44283121597096187,0.3702359346642468,0.43920145190562615
32e5ee42-9c82-4b9d-969f-4fc15fcd4c54,1104,DAC,0.43517679057116954,0.3916591115140526,0.4442429737080689,0.3626473254759746,0.3989120580235721,0.40253853127833183,0.4097914777878513,0.44242973708068906,0.36990027198549413,0.43880326382592927
32e5ee42-9c82-4b9d-969f-4fc15fcd4c54,1105,DAC,0.43478260869565216,0.391304347826087,0.4438405797101449,0.36231884057971014,0.39855072463768115,0.40217391304347827,0.4148550724637681,0.4420289855072464,0.3695652173913043,0.4384057971014493
32e5ee42-9c82-4b9d-969f-4fc15fcd4c54,1106,DAC,0.4343891402714932,0.39638009049773754,0.4434389140271493,0.36199095022624433,0.39819004524886875,0.40180995475113124,0.4144796380090498,0.4416289592760181,0.36923076923076925,0.43800904977375565
32e5ee42-9c82-4b9d-969f-4fc15fcd4c54,1107,DAC,0.43399638336347196,0.3960216998191682,0.4430379746835443,0.3616636528028933,0.39783001808318263,0.4014466546112116,0.4141048824593128,0.44665461121157324,0.3688969258589512,0.4376130198915009
32e5ee42-9c82-4b9d-969f-4fc15fcd4c54,1108,DAC,0.43360433604336046,0.3956639566395664,0.44263775971093045,0.36133694670280037,0.4028906955736224,0.4010840108401084,0.4137308039747064,0.44625112917795845,0.3685636856368564,0.4372177055103884
32e5ee42-9c82-4b9d-969f-4fc15fcd4c54,1109,DAC,0.4332129963898917,0.3953068592057762,0.44223826714801445,0.3664259927797834,0.40252707581227437,0.4007220216606498,0.41335740072202165,0.44584837545126355,0.36823104693140796,0.4368231046931408
32e5ee42-9c82-4b9d-969f-4fc15fcd4c54,1110,DAC,0.4328223624887286,0.39495040577096485,0.4418394950405771,0.36609558160504957,0.40216411181244366,0.40577096483318303,0.41298467087466184,0.4454463480613165,0.3678990081154193,0.436429215509468
32e5ee42-9c82-4b9d-969f-4fc15fcd4c54,1111,DAC,0.43243243243243246,0.3945945945945946,0.44144144144144143,0.36576576576576575,0.4018018018018018,0.40540540540540543,0.418018018018018,0.44504504504504505,0.3675675675675676,0.436036036036036
32e5ee42-9c82-4b9d-969f-4fc15fcd4c54,1112,DAC,0.43204320432043203,0.39423942394239425,0.44104410441044106,0.36543654365436545,0.4014401440144014,0.40504050405040504,0.41764176417641763,0.4446444644464446,0.3726372637263726,0.43564356435643564
32e5ee42-9c82-4b9d-969f-4fc15fcd4c54,1113,DAC,0.4316546762589928,0.39388489208633093,0.44064748201438847,0.37050359712230213,0.4010791366906475,0.40467625899280574,0.4172661870503597,0.4442446043165468,0.3723021582733813,0.4352517985611511
32e5ee42-9c82-4b9d-969f-4fc15fcd4c54,1114,DAC,0.431266846361186,0.3935309973045822,0.44025157232704404,0.3755615453728661,0.40071877807726863,0.40431266846361186,0.4168912848158131,0.44384546271338726,0.3719676549865229,0.4348607367475292
32e5ee42-9c82-4b9d-969f-4fc15fcd4c54,1115,DAC,0.43087971274685816,0.39317773788150806,0.4398563734290844,0.38061041292639136,0.400359066427289,0.40394973070017953,0.41651705565529623,0.44344703770197486,0.37163375224416517,0.43447037701974867
32e5ee42-9c82-4b9d-969f-4fc15fcd4c54,1116,DAC,0.4304932735426009,0.39282511210762333,0.44484304932735425,0.38026905829596414,0.4,0.40358744394618834,0.41614349775784754,0.4430493273542601,0.37130044843049326,0.43408071748878924
32e5ee42-9c82-4b9d-969f-4fc15fcd4c54,1117,DAC,0.43548387096774194,0.3924731182795699,0.4444444444444444,0.37992831541218636,0.3996415770609319,0.4032258064516129,0.4157706093189964,0.44265232974910396,0.3709677419354839,0.4336917562724014
32e5ee42-9c82-4b9d-969f-4fc15fcd4c54,1118,DAC,0.4350940017905103,0.39212175470008953,0.4494180841539839,0.37958818263205013,0.39928379588182633,0.40286481647269473,0.41539838854073413,0.4422560429722471,0.37063563115487913,0.4333034914950761
32e5ee42-9c82-4b9d-969f-4fc15fcd4c54,1119,DAC,0.4347048300536673,0.39177101967799643,0.4490161001788909,0.37924865831842575,0.39892665474060823,0.40250447227191416,0.4203935599284436,0.4418604651162791,0.370304114490161,0.4329159212880143
32e5ee42-9c82-4b9d-969f-4fc15fcd4c54,1120,DAC,0.4343163538873995,0.3914209115281501,0.4486148346738159,0.37890974084003576,0.40393208221626453,0.40214477211796246,0.42001787310098304,0.44146559428060766,0.3699731903485255,0.4325290437890974
32e5ee42-9c82-4b9d-969f-4fc15fcd4c54,1121,DAC,0.43392857142857144,0.39107142857142857,0.45357142857142857,0.37857142857142856,0.4035714285714286,0.4017857142857143,0.41964285714285715,0.44107142857142856,0.36964285714285716,0.43214285714285716
32e5ee42-9c82-4b9d-969f-4fc15fcd4c54,1122,DAC,0.4335414808206958,0.39072256913470116,0.45316681534344333,0.37823371989295274,0.4032114183764496,0.40142729705619984,0.4192685102586976,0.44603033006244425,0.36931311329170385,0.431757359500446
32e5ee42-9c82-4b9d-969f-4fc15fcd4c54,1123,DAC,0.43315508021390375,0.39037433155080214,0.45276292335115864,0.3778966131907308,0.4028520499108734,0.40106951871657753,0.41889483065953653,0.45098039215686275,0.3689839572192513,0.43137254901960786
32e5ee42-9c82-4b9d-969f-4fc15fcd4c54,1124,DAC,0.4327693677649154,0.390026714158504,0.45235975066785394,0.377560106856634,0.402493321460374,0.40071237756010686,0.4238646482635797,0.4505788067675868,0.3686553873552983,0.43098842386464825
32e5ee42-9c82-4b9d-969f-4fc15fcd4c54,1125,DAC,0.43238434163701067,0.3896797153024911,0.45195729537366547,0.37722419928825623,0.40213523131672596,0.400355871886121,0.4288256227758007,0.4501779359430605,0.3683274021352313,0.4306049822064057
32e5ee42-9c82-4b9d-969f-4fc15fcd4c54,1126,DAC,0.43733333333333335,0.3893333333333333,0.45155555555555554,0.3768888888888889,0.4017777777777778,0.4,0.42844444444444446,0.4497777777777778,0.368,0.43022222222222223
32e5ee42-9c82-4b9d-969f-4fc15fcd4c54,1127,DAC,0.4369449378330373,0.38898756660746003,0.4511545293072824,0.3765541740674956,0.40142095914742454,0.4049733570159858,0.4280639431616341,0.4493783303730018,0.36767317939609234,0.42984014209591476
32e5ee42-9c82-4b9d-969f-4fc15fcd4c54,1128,DAC,0.43655723158828746,0.38864241348713396,0.45075421472937,0.3762200532386868,0.4010647737355812,0.4046140195208518,0.43300798580301686,0.4489795918367347,0.3673469387755102,0.42945874001774625
32e5ee42-9c82-4b9d-969f-4fc15fcd4c54,1129,DAC,0.43617021276595747,0.3882978723404255,0.450354609929078,0.375886524822695,0.40070921985815605,0.40425531914893614,0.4326241134751773,0.44858156028368795,0.3670212765957447,0.43439716312056736
32e5ee42-9c82-4b9d-969f-4fc15fcd4c54,1130,DAC,0.4357838795394154,0.3879539415411869,0.449955713020372,0.3755535872453499,0.40566873339238263,0.4038972542072631,0.4322409211691763,0.4481842338352524,0.366696191319752,0.43401240035429584
32e5ee42-9c82-4b9d-969f-4fc15fcd4c54,1131,DAC,0.4353982300884956,0.38761061946902653,0.4495575221238938,0.3752212389380531,0.40530973451327434,0.40353982300884955,0.431858407079646,0.44778761061946903,0.37168141592920356,0.4336283185840708
32e5ee42-9c82-4b9d-969f-4fc15fcd4c54,1132,DAC,0.4350132625994695,0.38726790450928383,0.44916003536693194,0.3748894783377542,0.41025641025641024,0.40318302387267907,0.43147656940760387,0.4473916887709991,0.3713527851458886,0.4332449160035367
32e5ee42-9c82-4b9d-969f-4fc15fcd4c54,1133,DAC,0.43462897526501765,0.3869257950530035,0.44876325088339225,0.3745583038869258,0.4098939929328622,0.4028268551236749,0.43109540636042404,0.4469964664310954,0.3763250883392226,0.43286219081272087
32e5ee42-9c82-4b9d-969f-4fc15fcd4c54,1134,DAC,0.43424536628420124,0.38658428949691087,0.45366284201235657,0.37422771403353927,0.4095322153574581,0.4024713150926743,0.43071491615180935,0.44660194174757284,0.3759929390997352,0.4324801412180053
32e5ee42-9c82-4b9d-969f-4fc15fcd4c54,1135,DAC,0.43386243386243384,0.3862433862433862,0.4532627865961199,0.37389770723104054,0.4091710758377425,0.4074074074074074,0.43033509700176364,0.4462081128747795,0.37566137566137564,0.43209876543209874
32e5ee42-9c82-4b9d-969f-4fc15fcd4c54,1136,DAC,0.43348017621145374,0.3859030837004405,0.452863436123348,0.373568281938326,0.40881057268722465,0.4123348017621145,0.4299559471365639,0.4458149779735683,0.37533039647577093,0.43171806167400884
32e5ee42-9c82-4b9d-969f-4fc15fcd4c54,1137,DAC,0.43309859154929575,0.3855633802816901,0.4524647887323944,0.3732394366197183,0.4084507042253521,0.4119718309859155,0.4295774647887324,0.4454225352112676,0.375,0.43661971830985913
32e5ee42-9c82-4b9d-969f-4fc15fcd4c54,1138,DAC,0.43271767810026385,0.38522427440633245,0.4520668425681618,0.3729111697449428,0.4080914687774846,0.41160949868073876,0.4291996481970097,0.4450307827616535,0.37994722955145116,0.436235708003518
32e5ee42-9c82-4b9d-969f-4fc15fcd4c54,1139,DAC,0.43233743409490333,0.38488576449912126,0.45694200351493847,0.37258347978910367,0.4077328646748682,0.4112478031634446,0.4288224956063269,0.4446397188049209,0.37961335676625657,0.4358523725834798
32e5ee42-9c82-4b9d-969f-4fc15fcd4c54,1140,DAC,0.43195785776997364,0.3845478489903424,0.4618086040386304,0.3722563652326602,0.4073748902546093,0.4108867427568042,0.42844600526777876,0.4442493415276558,0.37928007023705007,0.4354697102721686
32e5ee42-9c82-4b9d-969f-4fc15fcd4c54,1141,DAC,0.43157894736842106,0.38421052631578945,0.4614035087719298,0.37719298245614036,0.4070175438596491,0.4105263157894737,0.4280701754385965,0.443859649122807,0.37894736842105264,0.43508771929824563
32e5ee42-9c82-4b9d-969f-4fc15fcd4c54,1142,DAC,0.43120070113935144,0.3838737949167397,0.4609991235758107,0.3768624014022787,0.406660823838738,0.4101665205959685,0.42769500438212094,0.44347063978965817,0.3838737949167397,0.43470639789658194
32e5ee42-9c82-4b9d-969f-4fc15fcd4c54,1143,DAC,0.4308231173380035,0.38879159369527144,0.46059544658493873,0.37653239929947463,0.4063047285464098,0.4098073555166375,0.4273204903677758,0.44308231173380036,0.38353765323992994,0.4343257443082312
32e5ee42-9c82-4b9d-969f-4fc15fcd4c54,1144,DAC,0.4304461942257218,0.3884514435695538,0.4654418197725284,0.3762029746281715,0.40594925634295714,0.4094488188976378,0.42694663167104113,0.4426946631671041,0.38320209973753283,0.4339457567804024
32e5ee42-9c82-4b9d-969f-4fc15fcd4c54,1145,DAC,0.43006993006993005,0.3881118881118881,0.46503496503496505,0.3758741258741259,0.40559440559440557,0.4090909090909091,0.42657342657342656,0.4423076923076923,0.38286713286713286,0.4388111888111888
32e5ee42-9c82-4b9d-969f-4fc15fcd4c54,1146,DAC,0.42969432314410483,0.38777292576419214,0.4646288209606987,0.37554585152838427,0.4052401746724891,0.40873362445414846,0.4262008733624454,0.44716157205240176,0.38253275109170304,0.43842794759825326
32e5ee42-9c82-4b9d-969f-4fc15fcd4c54,1147,DAC,0.4293193717277487,0.387434554973822,0.4642233856893543,0.38045375218150085,0.4048865619546248,0.4083769633507853,0.4258289703315881,0.4467713787085515,0.38219895287958117,0.43804537521815007
377d5d88-9cac-4ac5-a9c1-2182c16663f5,1,QL,0.0,0.0,0.0,0.0,0.0,0.0,0.0,0.0,0.0,0.0
377d5d88-9cac-4ac5-a9c1-2182c16663f5,2,QL,0.0,1.0,0.0,0.0,0.0,0.0,0.0,0.0,0.0,0.0
377d5d88-9cac-4ac5-a9c1-2182c16663f5,3,QL,0.0,0.5,0.0,0.0,0.0,1.5,0.0,0.0,0.0,0.0
377d5d88-9cac-4ac5-a9c1-2182c16663f5,4,QL,0.0,0.3333333333333333,0.0,0.0,0.0,1.0,0.0,0.0,0.6666666666666666,0.0
377d5d88-9cac-4ac5-a9c1-2182c16663f5,5,QL,1.25,0.25,0.0,0.0,0.0,0.75,0.0,0.0,0.5,0.0
377d5d88-9cac-4ac5-a9c1-2182c16663f5,6,QL,1.0,0.2,1.0,0.0,0.0,0.6,0.0,0.0,0.4,0.0
377d5d88-9cac-4ac5-a9c1-2182c16663f5,7,QL,0.8333333333333334,0.16666666666666666,0.8333333333333334,0.0,0.0,0.5,0.0,0.0,1.0,0.0
377d5d88-9cac-4ac5-a9c1-2182c16663f5,8,QL,0.7142857142857143,0.14285714285714285,0.8571428571428571,0.0,0.0,0.42857142857142855,0.0,0.0,0.8571428571428571,0.0
377d5d88-9cac-4ac5-a9c1-2182c16663f5,9,QL,0.625,0.125,0.75,0.0,0.125,0.375,0.0,0.0,0.75,0.0
377d5d88-9cac-4ac5-a9c1-2182c16663f5,10,QL,0.5555555555555556,0.1111111111111111,0.6666666666666666,0.0,0.1111111111111111,0.3333333333333333,0.0,0.0,0.8888888888888888,0.0
377d5d88-9cac-4ac5-a9c1-2182c16663f5,11,QL,0.5,0.1,0.6,0.0,0.1,0.3,0.0,0.2,0.8,0.0
377d5d88-9cac-4ac5-a9c1-2182c16663f5,12,QL,0.45454545454545453,0.09090909090909091,0.5454545454545454,0.0,0.6363636363636364,0.2727272727272727,0.0,0.18181818181818182,0.7272727272727273,0.0
377d5d88-9cac-4ac5-a9c1-2182c16663f5,13,QL,0.4166666666666667,0.08333333333333333,0.5,0.0,0.5833333333333334,0.4166666666666667,0.0,0.16666666666666666,0.6666666666666666,0.0
377d5d88-9cac-4ac5-a9c1-2182c16663f5,14,QL,0.38461538461538464,0.07692307692307693,0.46153846153846156,0.0,0.5384615384615384,0.6923076923076923,0.0,0.15384615384615385,0.6153846153846154,0.0
377d5d88-9cac-4ac5-a9c1-2182c16663f5,15,QL,0.35714285714285715,0.07142857142857142,0.42857142857142855,0.0,0.5,0.6428571428571429,0.0,0.2857142857142857,0.5714285714285714,0.0
377d5d88-9cac-4ac5-a9c1-2182c16663f5,16,QL,0.3333333333333333,0.06666666666666667,0.4,0.0,0.4666666666666667,0.6,0.0,0.6,0.5333333333333333,0.0
377d5d88-9cac-4ac5-a9c1-2182c16663f5,17,QL,0.3125,0.0625,0.375,0.125,0.4375,0.5625,0.0,0.5625,0.5,0.0
377d5d88-9cac-4ac5-a9c1-2182c16663f5,18,QL,0.29411764705882354,0.058823529411764705,0.35294117647058826,0.11764705882352941,0.4117647058823529,0.5294117647058824,0.0,0.6470588235294118,0.47058823529411764,0.0
377d5d88-9cac-4ac5-a9c1-2182c16663f5,19,QL,0.2777777777777778,0.05555555555555555,0.3333333333333333,0.1111111111111111,0.3888888888888889,0.5,0.16666666666666666,0.6111111111111112,0.4444444444444444,0.0
377d5d88-9cac-4ac5-a9c1-2182c16663f5,20,QL,0.2631578947368421,0.05263157894736842,0.3157894736842105,0.10526315789473684,0.3684210526315789,0.47368421052631576,0.15789473684210525,0.5789473684210527,0.42105263157894735,0.05263157894736842
377d5d88-9cac-4ac5-a9c1-2182c16663f5,21,QL,0.25,0.05,0.3,0.1,0.35,0.65,0.15,0.55,0.4,0.05
377d5d88-9cac-4ac5-a9c1-2182c16663f5,22,QL,0.23809523809523808,0.047619047619047616,0.3333333333333333,0.09523809523809523,0.3333333333333333,0.6190476190476191,0.14285714285714285,0.5238095238095238,0.38095238095238093,0.047619047619047616
377d5d88-9cac-4ac5-a9c1-2182c16663f5,23,QL,0.22727272727272727,0.045454545454545456,0.3181818181818182,0.09090909090909091,0.3181818181818182,0.5909090909090909,0.13636363636363635,0.5,0.6363636363636364,0.045454545454545456
377d5d88-9cac-4ac5-a9c1-2182c16663f5,24,QL,0.21739130434782608,0.043478260869565216,0.30434782608695654,0.08695652173913043,0.30434782608695654,0.5652173913043478,0.13043478260869565,0.4782608695652174,0.6086956521739131,0.2608695652173913
377d5d88-9cac-4ac5-a9c1-2182c16663f5,25,QL,0.20833333333333334,0.041666666666666664,0.2916666666666667,0.08333333333333333,0.2916666666666667,0.5416666666666666,0.125,0.625,0.5833333333333334,0.25
377d5d88-9cac-4ac5-a9c1-2182c16663f5,26,QL,0.2,0.04,0.28,0.08,0.28,0.52,0.12,0.68,0.56,0.24
377d5d88-9cac-4ac5-a9c1-2182c16663f5,27,QL,0.19230769230769232,0.038461538461538464,0.2692307692307692,0.19230769230769232,0.2692307692307692,0.5,0.11538461538461539,0.6538461538461539,0.5384615384615384,0.23076923076923078
377d5d88-9cac-4ac5-a9c1-2182c16663f5,28,QL,0.18518518518518517,0.037037037037037035,0.25925925925925924,0.18518518518518517,0.25925925925925924,0.48148148148148145,0.1111111111111111,0.8148148148148148,0.5185185185185185,0.2222222222222222
377d5d88-9cac-4ac5-a9c1-2182c16663f5,29,QL,0.17857142857142858,0.21428571428571427,0.25,0.17857142857142858,0.25,0.4642857142857143,0.10714285714285714,0.7857142857142857,0.5,0.21428571428571427
377d5d88-9cac-4ac5-a9c1-2182c16663f5,30,QL,0.2413793103448276,0.20689655172413793,0.2413793103448276,0.1724137931034483,0.2413793103448276,0.4482758620689655,0.10344827586206896,0.7586206896551724,0.4827586206896552,0.20689655172413793
377d5d88-9cac-4ac5-a9c1-2182c16663f5,31,QL,0.23333333333333334,0.2,0.23333333333333334,0.3333333333333333,0.23333333333333334,0.43333333333333335,0.1,0.7333333333333333,0.4666666666666667,0.2
377d5d88-9cac-4ac5-a9c1-2182c16663f5,32,QL,0.22580645161290322,0.1935483870967742,0.22580645161290322,0.3225806451612903,0.22580645161290322,0.41935483870967744,0.0967741935483871,0.7096774193548387,0.45161290322580644,0.3548387096774194
377d5d88-9cac-4ac5-a9c1-2182c16663f5,33,QL,0.21875,0.1875,0.21875,0.3125,0.21875,0.40625,0.09375,0.6875,0.5,0.34375
377d5d88-9cac-4ac5-a9c1-2182c16663f5,34,QL,0.21212121212121213,0.18181818181818182,0.21212121212121213,0.30303030303030304,0.36363636363636365,0.3939393939393939,0.09090909090909091,0.6666666666666666,0.48484848484848486,0.3333333333333333
377d5d88-9cac-4ac5-a9c1-2182c16663f5,35,QL,0.20588235294117646,0.17647058823529413,0.23529411764705882,0.29411764705882354,0.35294117647058826,0.38235294117647056,0.08823529411764706,0.6470588235294118,0.47058823529411764,0.3235294117647059
377d5d88-9cac-4ac5-a9c1-2182c16663f5,36,QL,0.2,0.17142857142857143,0.22857142857142856,0.2857142857142857,0.34285714285714286,0.37142857142857144,0.08571428571428572,0.7714285714285715,0.45714285714285713,0.3142857142857143
377d5d88-9cac-4ac5-a9c1-2182c16663f5,37,QL,0.19444444444444445,0.16666666666666666,0.3611111111111111,0.2777777777777778,0.3333333333333333,0.3611111111111111,0.08333333333333333,0.75,0.4444444444444444,0.3055555555555556
377d5d88-9cac-4ac5-a9c1-2182c16663f5,38,QL,0.1891891891891892,0.21621621621621623,0.35135135135135137,0.2702702702702703,0.32432432432432434,0.35135135135135137,0.08108108108108109,0.7297297297297297,0.43243243243243246,0.2972972972972973
377d5d88-9cac-4ac5-a9c1-2182c16663f5,39,QL,0.18421052631578946,0.21052631578947367,0.34210526315789475,0.2631578947368421,0.3157894736842105,0.34210526315789475,0.07894736842105263,0.7105263157894737,0.42105263157894735,0.42105263157894735
377d5d88-9cac-4ac5-a9c1-2182c16663f5,40,QL,0.1794871794871795,0.20512820512820512,0.3333333333333333,0.2564102564102564,0.358974358974359,0.3333333333333333,0.07692307692307693,0.6923076923076923,0.41025641025641024,0.41025641025641024
377d5d88-9cac-4ac5-a9c1-2182c16663f5,41,QL,0.175,0.2,0.325,0.25,0.35,0.325,0.075,0.675,0.425,0.4
377d5d88-9cac-4ac5-a9c1-2182c16663f5,42,QL,0.2926829268292683,0.1951219512195122,0.3170731707317073,0.24390243902439024,0.34146341463414637,0.3170731707317073,0.07317073170731707,0.6585365853658537,0.4146341463414634,0.3902439024390244
377d5d88-9cac-4ac5-a9c1-2182c16663f5,43,QL,0.2857142857142857,0.19047619047619047,0.30952380952380953,0.23809523809523808,0.42857142857142855,0.30952380952380953,0.07142857142857142,0.6428571428571429,0.40476190476190477,0.38095238095238093
377d5d88-9cac-4ac5-a9c1-2182c16663f5,44,QL,0.27906976744186046,0.18604651162790697,0.3023255813953488,0.23255813953488372,0.4186046511627907,0.3023255813953488,0.06976744186046512,0.627906976744186,0.3953488372093023,0.3953488372093023
377d5d88-9cac-4ac5-a9c1-2182c16663f5,45,QL,0.2727272727272727,0.18181818181818182,0.29545454545454547,0.22727272727272727,0.4090909090909091,0.4318181818181818,0.06818181818181818,0.6136363636363636,0.38636363636363635,0.38636363636363635
377d5d88-9cac-4ac5-a9c1-2182c16663f5,46,QL,0.26666666666666666,0.17777777777777778,0.28888888888888886,0.2222222222222222,0.4888888888888889,0.4222222222222222,0.06666666666666667,0.6,0.37777777777777777,0.37777777777777777
377d5d88-9cac-4ac5-a9c1-2182c16663f5,47,QL,0.2608695652173913,0.17391304347826086,0.2826086956521739,0.21739130434782608,0.5217391304347826,0.41304347826086957,0.06521739130434782,0.5869565217391305,0.3695652173913043,0.3695652173913043
377d5d88-9cac-4ac5-a9c1-2182c16663f5,48,QL,0.2553191489361702,0.1702127659574468,0.3829787234042553,0.2127659574468085,0.5106382978723404,0.40425531914893614,0.06382978723404255,0.574468085106383,0.3617021276595745,0.3617021276595745
377d5d88-9cac-4ac5-a9c1-2182c16663f5,49,QL,0.25,0.16666666666666666,0.4791666666666667,0.20833333333333334,0.5,0.3958333333333333,0.0625,0.5625,0.3541666666666667,0.3541666666666667
377d5d88-9cac-4ac5-a9c1-2182c16663f5,50,QL,0.30612244897959184,0.16326530612244897,0.46938775510204084,0.20408163265306123,0.4897959183673469,0.3877551020408163,0.061224489795918366,0.5510204081632653,0.3469387755102041,0.3469387755102041
377d5d88-9cac-4ac5-a9c1-2182c16663f5,51,QL,0.3,0.16,0.5,0.2,0.48,0.38,0.06,0.54,0.34,0.34
377d5d88-9cac-4ac5-a9c1-2182c16663f5,52,QL,0.29411764705882354,0.1568627450980392,0.5686274509803921,0.19607843137254902,0.47058823529411764,0.37254901960784315,0.058823529411764705,0.5294117647058824,0.3333333333333333,0.3333333333333333
377d5d88-9cac-4ac5-a9c1-2182c16663f5,53,QL,0.28846153846153844,0.23076923076923078,0.5576923076923077,0.19230769230769232,0.46153846153846156,0.36538461538461536,0.057692307692307696,0.5192307692307693,0.3269230769230769,0.3269230769230769
377d5d88-9cac-4ac5-a9c1-2182c16663f5,54,QL,0.2830188679245283,0.22641509433962265,0.5471698113207547,0.18867924528301888,0.4528301886792453,0.3584905660377358,0.1509433962264151,0.5094339622641509,0.32075471698113206,0.32075471698113206
377d5d88-9cac-4ac5-a9c1-2182c16663f5,55,QL,0.2777777777777778,0.2222222222222222,0.5370370370370371,0.18518518518518517,0.4444444444444444,0.35185185185185186,0.14814814814814814,0.5,0.3148148148148148,0.3148148148148148
377d5d88-9cac-4ac5-a9c1-2182c16663f5,56,QL,0.2727272727272727,0.21818181818181817,0.5272727272727272,0.18181818181818182,0.43636363636363634,0.34545454545454546,0.14545454545454545,0.5636363636363636,0.3090909090909091,0.3090909090909091
377d5d88-9cac-4ac5-a9c1-2182c16663f5,57,QL,0.26785714285714285,0.2857142857142857,0.5178571428571429,0.17857142857142858,0.42857142857142855,0.3392857142857143,0.14285714285714285,0.5535714285714286,0.30357142857142855,0.30357142857142855
377d5d88-9cac-4ac5-a9c1-2182c16663f5,58,QL,0.2807017543859649,0.2807017543859649,0.5087719298245614,0.17543859649122806,0.42105263157894735,0.3333333333333333,0.14035087719298245,0.543859649122807,0.2982456140350877,0.2982456140350877
377d5d88-9cac-4ac5-a9c1-2182c16663f5,59,QL,0.27586206896551724,0.27586206896551724,0.5,0.1724137931034483,0.41379310344827586,0.3275862068965517,0.13793103448275862,0.5344827586206896,0.3275862068965517,0.29310344827586204
377d5d88-9cac-4ac5-a9c1-2182c16663f5,60,QL,0.2711864406779661,0.2711864406779661,0.4915254237288136,0.1694915254237288,0.4067796610169492,0.3220338983050847,0.1694915254237288,0.5254237288135594,0.3220338983050847,0.288135593220339
377d5d88-9cac-4ac5-a9c1-2182c16663f5,61,QL,0.26666666666666666,0.26666666666666666,0.48333333333333334,0.16666666666666666,0.4,0.35,0.16666666666666666,0.5166666666666667,0.31666666666666665,0.2833333333333333
377d5d88-9cac-4ac5-a9c1-2182c16663f5,62,QL,0.26229508196721313,0.3442622950819672,0.47540983606557374,0.16393442622950818,0.39344262295081966,0.3442622950819672,0.16393442622950818,0.5081967213114754,0.3114754098360656,0.2786885245901639
377d5d88-9cac-4ac5-a9c1-2182c16663f5,63,QL,0.25806451612903225,0.41935483870967744,0.46774193548387094,0.16129032258064516,0.3870967741935484,0.3387096774193548,0.16129032258064516,0.5,0.3064516129032258,0.27419354838709675
377d5d88-9cac-4ac5-a9c1-2182c16663f5,64,QL,0.25396825396825395,0.4126984126984127,0.5396825396825397,0.15873015873015872,0.38095238095238093,0.3333333333333333,0.15873015873015872,0.49206349206349204,0.30158730158730157,0.2698412698412698
377d5d88-9cac-4ac5-a9c1-2182c16663f5,65,QL,0.25,0.40625,0.53125,0.15625,0.375,0.328125,0.15625,0.484375,0.296875,0.28125
377d5d88-9cac-4ac5-a9c1-2182c16663f5,66,QL,0.24615384615384617,0.4,0.5230769230769231,0.15384615384615385,0.4153846153846154,0.3230769230769231,0.15384615384615385,0.47692307692307695,0.2923076923076923,0.27692307692307694
377d5d88-9cac-4ac5-a9c1-2182c16663f5,67,QL,0.24242424242424243,0.3939393939393939,0.5151515151515151,0.15151515151515152,0.4090909090909091,0.3181818181818182,0.15151515151515152,0.4696969696969697,0.3787878787878788,0.2727272727272727
377d5d88-9cac-4ac5-a9c1-2182c16663f5,68,QL,0.23880597014925373,0.3880597014925373,0.5074626865671642,0.14925373134328357,0.40298507462686567,0.31343283582089554,0.14925373134328357,0.5223880597014925,0.373134328358209,0.26865671641791045
377d5d88-9cac-4ac5-a9c1-2182c16663f5,69,QL,0.23529411764705882,0.38235294117647056,0.5,0.14705882352941177,0.39705882352941174,0.3382352941176471,0.14705882352941177,0.5147058823529411,0.36764705882352944,0.2647058823529412
377d5d88-9cac-4ac5-a9c1-2182c16663f5,70,QL,0.2318840579710145,0.4057971014492754,0.4927536231884058,0.14492753623188406,0.391304347826087,0.3333333333333333,0.14492753623188406,0.5072463768115942,0.36231884057971014,0.2608695652173913
377d5d88-9cac-4ac5-a9c1-2182c16663f5,71,QL,0.22857142857142856,0.4,0.5,0.14285714285714285,0.38571428571428573,0.32857142857142857,0.14285714285714285,0.5,0.35714285714285715,0.2571428571428571
377d5d88-9cac-4ac5-a9c1-2182c16663f5,72,QL,0.22535211267605634,0.39436619718309857,0.49295774647887325,0.14084507042253522,0.38028169014084506,0.323943661971831,0.14084507042253522,0.49295774647887325,0.352112676056338,0.30985915492957744
377d5d88-9cac-4ac5-a9c1-2182c16663f5,73,QL,0.2222222222222222,0.3888888888888889,0.4861111111111111,0.1388888888888889,0.375,0.3194444444444444,0.1388888888888889,0.4861111111111111,0.3472222222222222,0.3333333333333333
377d5d88-9cac-4ac5-a9c1-2182c16663f5,74,QL,0.2191780821917808,0.3835616438356164,0.5068493150684932,0.136986301369863,0.3698630136986301,0.3150684931506849,0.136986301369863,0.4794520547945205,0.3424657534246575,0.3287671232876712
377d5d88-9cac-4ac5-a9c1-2182c16663f5,75,QL,0.21621621621621623,0.3783783783783784,0.5,0.13513513513513514,0.36486486486486486,0.3108108108108108,0.13513513513513514,0.5405405405405406,0.33783783783783783,0.32432432432432434
377d5d88-9cac-4ac5-a9c1-2182c16663f5,76,QL,0.21333333333333335,0.37333333333333335,0.49333333333333335,0.13333333333333333,0.36,0.30666666666666664,0.13333333333333333,0.5333333333333333,0.3333333333333333,0.3466666666666667
377d5d88-9cac-4ac5-a9c1-2182c16663f5,77,QL,0.21052631578947367,0.3684210526315789,0.4868421052631579,0.13157894736842105,0.35526315789473684,0.3026315789473684,0.13157894736842105,0.5263157894736842,0.32894736842105265,0.40789473684210525
377d5d88-9cac-4ac5-a9c1-2182c16663f5,78,QL,0.2077922077922078,0.36363636363636365,0.4805194805194805,0.12987012987012986,0.35064935064935066,0.2987012987012987,0.19480519480519481,0.5194805194805194,0.3246753246753247,0.4025974025974026
377d5d88-9cac-4ac5-a9c1-2182c16663f5,79,QL,0.20512820512820512,0.358974358974359,0.47435897435897434,0.1282051282051282,0.34615384615384615,0.2948717948717949,0.19230769230769232,0.5128205128205128,0.3974358974358974,0.3974358974358974
377d5d88-9cac-4ac5-a9c1-2182c16663f5,80,QL,0.20253164556962025,0.35443037974683544,0.46835443037974683,0.12658227848101267,0.34177215189873417,0.2911392405063291,0.189873417721519,0.5063291139240507,0.4177215189873418,0.3924050632911392
377d5d88-9cac-4ac5-a9c1-2182c16663f5,81,QL,0.2625,0.35,0.4625,0.125,0.3375,0.2875,0.1875,0.5,0.4125,0.3875
377d5d88-9cac-4ac5-a9c1-2182c16663f5,82,QL,0.25925925925925924,0.345679012345679,0.4567901234567901,0.12345679012345678,0.3333333333333333,0.2839506172839506,0.24691358024691357,0.49382716049382713,0.4074074074074074,0.38271604938271603
377d5d88-9cac-4ac5-a9c1-2182c16663f5,83,QL,0.25609756097560976,0.34146341463414637,0.45121951219512196,0.12195121951219512,0.32926829268292684,0.2804878048780488,0.2682926829268293,0.4878048780487805,0.4024390243902439,0.3780487804878049
377d5d88-9cac-4ac5-a9c1-2182c16663f5,84,QL,0.25301204819277107,0.3373493975903614,0.4457831325301205,0.1566265060240964,0.3253012048192771,0.27710843373493976,0.26506024096385544,0.4819277108433735,0.39759036144578314,0.37349397590361444
377d5d88-9cac-4ac5-a9c1-2182c16663f5,85,QL,0.25,0.3333333333333333,0.4642857142857143,0.15476190476190477,0.32142857142857145,0.27380952380952384,0.2619047619047619,0.47619047619047616,0.39285714285714285,0.36904761904761907
377d5d88-9cac-4ac5-a9c1-2182c16663f5,86,QL,0.24705882352941178,0.32941176470588235,0.4588235294117647,0.15294117647058825,0.3176470588235294,0.27058823529411763,0.25882352941176473,0.47058823529411764,0.38823529411764707,0.38823529411764707
377d5d88-9cac-4ac5-a9c1-2182c16663f5,87,QL,0.2441860465116279,0.32558139534883723,0.45348837209302323,0.1511627906976744,0.313953488372093,0.26744186046511625,0.2558139534883721,0.4883720930232558,0.38372093023255816,0.38372093023255816
377d5d88-9cac-4ac5-a9c1-2182c16663f5,88,QL,0.2413793103448276,0.3218390804597701,0.4482758620689655,0.14942528735632185,0.3103448275862069,0.26436781609195403,0.26436781609195403,0.4827586206896552,0.3793103448275862,0.3793103448275862
377d5d88-9cac-4ac5-a9c1-2182c16663f5,89,QL,0.23863636363636365,0.3181818181818182,0.4431818181818182,0.2159090909090909,0.3068181818181818,0.26136363636363635,0.26136363636363635,0.4772727272727273,0.375,0.375
377d5d88-9cac-4ac5-a9c1-2182c16663f5,90,QL,0.23595505617977527,0.3146067415730337,0.43820224719101125,0.21348314606741572,0.3258426966292135,0.25842696629213485,0.25842696629213485,0.47191011235955055,0.3707865168539326,0.3707865168539326
377d5d88-9cac-4ac5-a9c1-2182c16663f5,91,QL,0.23333333333333334,0.3111111111111111,0.43333333333333335,0.2111111111111111,0.32222222222222224,0.25555555555555554,0.25555555555555554,0.4666666666666667,0.36666666666666664,0.4222222222222222
377d5d88-9cac-4ac5-a9c1-2182c16663f5,92,QL,0.23076923076923078,0.3076923076923077,0.45054945054945056,0.2087912087912088,0.31868131868131866,0.25274725274725274,0.25274725274725274,0.46153846153846156,0.3626373626373626,0.4175824175824176
377d5d88-9cac-4ac5-a9c1-2182c16663f5,93,QL,0.22826086956521738,0.30434782608695654,0.44565217391304346,0.20652173913043478,0.31521739130434784,0.25,0.25,0.4782608695652174,0.358695652173913,0.41304347826086957
377d5d88-9cac-4ac5-a9c1-2182c16663f5,94,QL,0.22580645161290322,0.3010752688172043,0.44086021505376344,0.20430107526881722,0.3118279569892473,0.3010752688172043,0.24731182795698925,0.4731182795698925,0.3548387096774194,0.40860215053763443
377d5d88-9cac-4ac5-a9c1-2182c16663f5,95,QL,0.22340425531914893,0.2978723404255319,0.43617021276595747,0.20212765957446807,0.30851063829787234,0.2978723404255319,0.24468085106382978,0.4787234042553192,0.35106382978723405,0.40425531914893614
377d5d88-9cac-4ac5-a9c1-2182c16663f5,96,QL,0.22105263157894736,0.3263157894736842,0.43157894736842106,0.2,0.30526315789473685,0.29473684210526313,0.24210526315789474,0.47368421052631576,0.3473684210526316,0.4
377d5d88-9cac-4ac5-a9c1-2182c16663f5,97,QL,0.21875,0.3229166666666667,0.4270833333333333,0.19791666666666666,0.3020833333333333,0.3125,0.23958333333333334,0.46875,0.34375,0.3958333333333333
377d5d88-9cac-4ac5-a9c1-2182c16663f5,98,QL,0.21649484536082475,0.31958762886597936,0.422680412371134,0.1958762886597938,0.29896907216494845,0.36082474226804123,0.23711340206185566,0.4639175257731959,0.3402061855670103,0.3917525773195876
377d5d88-9cac-4ac5-a9c1-2182c16663f5,99,QL,0.22448979591836735,0.3163265306122449,0.41836734693877553,0.19387755102040816,0.29591836734693877,0.35714285714285715,0.23469387755102042,0.45918367346938777,0.336734693877551,0.3877551020408163
377d5d88-9cac-4ac5-a9c1-2182c16663f5,100,QL,0.2222222222222222,0.31313131313131315,0.41414141414141414,0.23232323232323232,0.29292929292929293,0.35353535353535354,0.23232323232323232,0.45454545454545453,0.3333333333333333,0.3838383838383838
377d5d88-9cac-4ac5-a9c1-2182c16663f5,101,QL,0.22,0.31,0.41,0.23,0.29,0.35,0.23,0.45,0.33,0.4
377d5d88-9cac-4ac5-a9c1-2182c16663f5,102,QL,0.21782178217821782,0.3069306930693069,0.40594059405940597,0.22772277227722773,0.2871287128712871,0.3465346534653465,0.22772277227722773,0.44554455445544555,0.32673267326732675,0.4158415841584158
377d5d88-9cac-4ac5-a9c1-2182c16663f5,103,QL,0.21568627450980393,0.30392156862745096,0.4019607843137255,0.22549019607843138,0.3235294117647059,0.3431372549019608,0.22549019607843138,0.4411764705882353,0.3235294117647059,0.4117647058823529
377d5d88-9cac-4ac5-a9c1-2182c16663f5,104,QL,0.21359223300970873,0.30097087378640774,0.39805825242718446,0.22330097087378642,0.3300970873786408,0.33980582524271846,0.22330097087378642,0.4368932038834951,0.32038834951456313,0.4077669902912621
377d5d88-9cac-4ac5-a9c1-2182c16663f5,105,QL,0.21153846153846154,0.2980769230769231,0.3942307692307692,0.2403846153846154,0.3269230769230769,0.33653846153846156,0.22115384615384615,0.4326923076923077,0.3173076923076923,0.40384615384615385
377d5d88-9cac-4ac5-a9c1-2182c16663f5,106,QL,0.20952380952380953,0.29523809523809524,0.3904761904761905,0.23809523809523808,0.3333333333333333,0.3333333333333333,0.21904761904761905,0.42857142857142855,0.3142857142857143,0.4
377d5d88-9cac-4ac5-a9c1-2182c16663f5,107,QL,0.20754716981132076,0.29245283018867924,0.3867924528301887,0.2358490566037736,0.330188679245283,0.330188679245283,0.2169811320754717,0.4528301886792453,0.3113207547169811,0.39622641509433965
377d5d88-9cac-4ac5-a9c1-2182c16663f5,108,QL,0.205607476635514,0.2897196261682243,0.38317757009345793,0.2336448598130841,0.32710280373831774,0.32710280373831774,0.21495327102803738,0.4485981308411215,0.308411214953271,0.411214953271028
377d5d88-9cac-4ac5-a9c1-2182c16663f5,109,QL,0.2037037037037037,0.28703703703703703,0.37962962962962965,0.23148148148148148,0.37037037037037035,0.32407407407407407,0.21296296296296297,0.4444444444444444,0.3055555555555556,0.4074074074074074
377d5d88-9cac-4ac5-a9c1-2182c16663f5,110,QL,0.2018348623853211,0.28440366972477066,0.3761467889908257,0.27522935779816515,0.3669724770642202,0.3211009174311927,0.21100917431192662,0.44036697247706424,0.30275229357798167,0.4036697247706422
377d5d88-9cac-4ac5-a9c1-2182c16663f5,111,QL,0.2,0.2818181818181818,0.37272727272727274,0.2727272727272727,0.41818181818181815,0.3181818181818182,0.20909090909090908,0.43636363636363634,0.3,0.4
377d5d88-9cac-4ac5-a9c1-2182c16663f5,112,QL,0.1981981981981982,0.3153153153153153,0.36936936936936937,0.2702702702702703,0.4144144144144144,0.3153153153153153,0.2072072072072072,0.43243243243243246,0.2972972972972973,0.3963963963963964
377d5d88-9cac-4ac5-a9c1-2182c16663f5,113,QL,0.19642857142857142,0.3125,0.4107142857142857,0.26785714285714285,0.4107142857142857,0.3125,0.20535714285714285,0.42857142857142855,0.29464285714285715,0.39285714285714285
377d5d88-9cac-4ac5-a9c1-2182c16663f5,114,QL,0.19469026548672566,0.30973451327433627,0.40707964601769914,0.26548672566371684,0.40707964601769914,0.30973451327433627,0.24778761061946902,0.4247787610619469,0.2920353982300885,0.3893805309734513
377d5d88-9cac-4ac5-a9c1-2182c16663f5,115,QL,0.19298245614035087,0.30701754385964913,0.40350877192982454,0.2631578947368421,0.40350877192982454,0.30701754385964913,0.24561403508771928,0.4473684210526316,0.2894736842105263,0.38596491228070173
377d5d88-9cac-4ac5-a9c1-2182c16663f5,116,QL,0.19130434782608696,0.3217391304347826,0.4,0.2608695652173913,0.4,0.30434782608695654,0.24347826086956523,0.4434782608695652,0.28695652173913044,0.3826086956521739
377d5d88-9cac-4ac5-a9c1-2182c16663f5,117,QL,0.1896551724137931,0.31896551724137934,0.39655172413793105,0.25862068965517243,0.39655172413793105,0.3017241379310345,0.28448275862068967,0.4396551724137931,0.28448275862068967,0.3793103448275862
377d5d88-9cac-4ac5-a9c1-2182c16663f5,118,QL,0.18803418803418803,0.3162393162393162,0.39316239316239315,0.2564102564102564,0.41025641025641024,0.29914529914529914,0.28205128205128205,0.4358974358974359,0.28205128205128205,0.37606837606837606
377d5d88-9cac-4ac5-a9c1-2182c16663f5,119,QL,0.1864406779661017,0.3135593220338983,0.3898305084745763,0.2542372881355932,0.4067796610169492,0.2966101694915254,0.2796610169491525,0.4322033898305085,0.3050847457627119,0.3728813559322034
377d5d88-9cac-4ac5-a9c1-2182c16663f5,120,QL,0.18487394957983194,0.31092436974789917,0.3865546218487395,0.25210084033613445,0.40336134453781514,0.3025210084033613,0.2773109243697479,0.42857142857142855,0.3025210084033613,0.3697478991596639
377d5d88-9cac-4ac5-a9c1-2182c16663f5,121,QL,0.18333333333333332,0.30833333333333335,0.38333333333333336,0.25,0.4,0.3,0.275,0.425,0.31666666666666665,0.36666666666666664
377d5d88-9cac-4ac5-a9c1-2182c16663f5,122,QL,0.18181818181818182,0.30578512396694213,0.38016528925619836,0.24793388429752067,0.39669421487603307,0.2975206611570248,0.2727272727272727,0.4214876033057851,0.3140495867768595,0.39669421487603307
377d5d88-9cac-4ac5-a9c1-2182c16663f5,123,QL,0.18032786885245902,0.30327868852459017,0.3770491803278688,0.2459016393442623,0.39344262295081966,0.29508196721311475,0.27049180327868855,0.4344262295081967,0.3114754098360656,0.39344262295081966
377d5d88-9cac-4ac5-a9c1-2182c16663f5,124,QL,0.17886178861788618,0.3008130081300813,0.37398373983739835,0.24390243902439024,0.3902439024390244,0.2926829268292683,0.2926829268292683,0.43089430894308944,0.3089430894308943,0.3902439024390244
377d5d88-9cac-4ac5-a9c1-2182c16663f5,125,QL,0.1774193548387097,0.29838709677419356,0.3709677419354839,0.24193548387096775,0.4112903225806452,0.2903225806451613,0.2903225806451613,0.4274193548387097,0.3064516129032258,0.3870967741935484
377d5d88-9cac-4ac5-a9c1-2182c16663f5,126,QL,0.176,0.296,0.408,0.24,0.408,0.288,0.288,0.424,0.304,0.384
377d5d88-9cac-4ac5-a9c1-2182c16663f5,127,QL,0.1746031746031746,0.29365079365079366,0.40476190476190477,0.23809523809523808,0.40476190476190477,0.2857142857142857,0.30952380952380953,0.42063492063492064,0.30158730158730157,0.38095238095238093
377d5d88-9cac-4ac5-a9c1-2182c16663f5,128,QL,0.1732283464566929,0.29133858267716534,0.4015748031496063,0.23622047244094488,0.4015748031496063,0.28346456692913385,0.3228346456692913,0.41732283464566927,0.2992125984251969,0.3779527559055118
377d5d88-9cac-4ac5-a9c1-2182c16663f5,129,QL,0.171875,0.2890625,0.3984375,0.234375,0.3984375,0.28125,0.34375,0.4140625,0.296875,0.375
377d5d88-9cac-4ac5-a9c1-2182c16663f5,130,QL,0.17054263565891473,0.2868217054263566,0.4108527131782946,0.23255813953488372,0.3953488372093023,0.27906976744186046,0.34108527131782945,0.4108527131782946,0.29457364341085274,0.37209302325581395
377d5d88-9cac-4ac5-a9c1-2182c16663f5,131,QL,0.16923076923076924,0.2846153846153846,0.4076923076923077,0.23076923076923078,0.4153846153846154,0.27692307692307694,0.3384615384615385,0.4076923076923077,0.2923076923076923,0.36923076923076925
377d5d88-9cac-4ac5-a9c1-2182c16663f5,132,QL,0.16793893129770993,0.2824427480916031,0.40458015267175573,0.24427480916030533,0.4122137404580153,0.2748091603053435,0.33587786259541985,0.40458015267175573,0.2900763358778626,0.366412213740458
377d5d88-9cac-4ac5-a9c1-2182c16663f5,133,QL,0.16666666666666666,0.2803030303030303,0.44696969696969696,0.24242424242424243,0.4090909090909091,0.2727272727272727,0.3333333333333333,0.4015151515151515,0.2878787878787879,0.36363636363636365
377d5d88-9cac-4ac5-a9c1-2182c16663f5,134,QL,0.16541353383458646,0.2781954887218045,0.48120300751879697,0.24060150375939848,0.40601503759398494,0.2706766917293233,0.3308270676691729,0.39849624060150374,0.2857142857142857,0.3609022556390977
377d5d88-9cac-4ac5-a9c1-2182c16663f5,135,QL,0.16417910447761194,0.27611940298507465,0.47761194029850745,0.23880597014925373,0.40298507462686567,0.27611940298507465,0.3283582089552239,0.39552238805970147,0.2835820895522388,0.3582089552238806
377d5d88-9cac-4ac5-a9c1-2182c16663f5,136,QL,0.16296296296296298,0.2740740740740741,0.4740740740740741,0.23703703703703705,0.4,0.2740740740740741,0.32592592592592595,0.3925925925925926,0.31851851851851853,0.35555555555555557
377d5d88-9cac-4ac5-a9c1-2182c16663f5,137,QL,0.16176470588235295,0.27205882352941174,0.47058823529411764,0.23529411764705882,0.39705882352941174,0.27205882352941174,0.3235294117647059,0.3897058823529412,0.3161764705882353,0.3897058823529412
377d5d88-9cac-4ac5-a9c1-2182c16663f5,138,QL,0.16058394160583941,0.27007299270072993,0.46715328467153283,0.27007299270072993,0.39416058394160586,0.27007299270072993,0.32116788321167883,0.38686131386861317,0.31386861313868614,0.38686131386861317
377d5d88-9cac-4ac5-a9c1-2182c16663f5,139,QL,0.15942028985507245,0.26811594202898553,0.463768115942029,0.2753623188405797,0.391304347826087,0.26811594202898553,0.3188405797101449,0.38405797101449274,0.3115942028985507,0.38405797101449274
377d5d88-9cac-4ac5-a9c1-2182c16663f5,140,QL,0.15827338129496402,0.26618705035971224,0.460431654676259,0.30935251798561153,0.38848920863309355,0.26618705035971224,0.31654676258992803,0.381294964028777,0.30935251798561153,0.381294964028777
377d5d88-9cac-4ac5-a9c1-2182c16663f5,141,QL,0.15714285714285714,0.3,0.45714285714285713,0.30714285714285716,0.38571428571428573,0.2642857142857143,0.3142857142857143,0.37857142857142856,0.30714285714285716,0.37857142857142856
377d5d88-9cac-4ac5-a9c1-2182c16663f5,142,QL,0.15602836879432624,0.2978723404255319,0.45390070921985815,0.3049645390070922,0.3829787234042553,0.2624113475177305,0.3120567375886525,0.375886524822695,0.3262411347517731,0.375886524822695
377d5d88-9cac-4ac5-a9c1-2182c16663f5,143,QL,0.15492957746478872,0.29577464788732394,0.4507042253521127,0.3380281690140845,0.38028169014084506,0.2605633802816901,0.30985915492957744,0.3732394366197183,0.323943661971831,0.3732394366197183
377d5d88-9cac-4ac5-a9c1-2182c16663f5,144,QL,0.15384615384615385,0.32867132867132864,0.44755244755244755,0.3356643356643357,0.3776223776223776,0.25874125874125875,0.3076923076923077,0.3706293706293706,0.32167832167832167,0.3706293706293706
377d5d88-9cac-4ac5-a9c1-2182c16663f5,145,QL,0.1527777777777778,0.3402777777777778,0.4444444444444444,0.3333333333333333,0.375,0.2569444444444444,0.3055555555555556,0.3680555555555556,0.3194444444444444,0.3680555555555556
377d5d88-9cac-4ac5-a9c1-2182c16663f5,146,QL,0.15172413793103448,0.33793103448275863,0.4413793103448276,0.3310344827586207,0.3724137931034483,0.25517241379310346,0.30344827586206896,0.36551724137931035,0.31724137931034485,0.3931034482758621
377d5d88-9cac-4ac5-a9c1-2182c16663f5,147,QL,0.1506849315068493,0.3356164383561644,0.4383561643835616,0.3287671232876712,0.3698630136986301,0.2534246575342466,0.3013698630136986,0.3767123287671233,0.3150684931506849,0.3904109589041096
377d5d88-9cac-4ac5-a9c1-2182c16663f5,148,QL,0.19047619047619047,0.3333333333333333,0.43537414965986393,0.32653061224489793,0.3673469387755102,0.25170068027210885,0.29931972789115646,0.3741496598639456,0.3129251700680272,0.3877551020408163
377d5d88-9cac-4ac5-a9c1-2182c16663f5,149,QL,0.1891891891891892,0.3310810810810811,0.43243243243243246,0.32432432432432434,0.36486486486486486,0.25675675675675674,0.2972972972972973,0.3716216216216216,0.3108108108108108,0.38513513513513514
377d5d88-9cac-4ac5-a9c1-2182c16663f5,150,QL,0.18791946308724833,0.3288590604026846,0.42953020134228187,0.3221476510067114,0.3624161073825503,0.2550335570469799,0.2953020134228188,0.3691275167785235,0.3087248322147651,0.3959731543624161
377d5d88-9cac-4ac5-a9c1-2182c16663f5,151,QL,0.2,0.32666666666666666,0.4266666666666667,0.32,0.36,0.25333333333333335,0.29333333333333333,0.36666666666666664,0.30666666666666664,0.3933333333333333
377d5d88-9cac-4ac5-a9c1-2182c16663f5,152,QL,0.1986754966887417,0.32450331125827814,0.423841059602649,0.31788079470198677,0.3576158940397351,0.25165562913907286,0.31788079470198677,0.36423841059602646,0.304635761589404,0.39072847682119205
377d5d88-9cac-4ac5-a9c1-2182c16663f5,153,QL,0.19736842105263158,0.3223684210526316,0.42105263157894735,0.3157894736842105,0.35526315789473684,0.25,0.32894736842105265,0.3618421052631579,0.3026315789473684,0.3881578947368421
377d5d88-9cac-4ac5-a9c1-2182c16663f5,154,QL,0.20915032679738563,0.3202614379084967,0.41830065359477125,0.3137254901960784,0.35294117647058826,0.24836601307189543,0.32679738562091504,0.35947712418300654,0.3006535947712418,0.38562091503267976
377d5d88-9cac-4ac5-a9c1-2182c16663f5,155,QL,0.24675324675324675,0.3181818181818182,0.4155844155844156,0.3116883116883117,0.35064935064935066,0.24675324675324675,0.3246753246753247,0.35714285714285715,0.2987012987012987,0.38311688311688313
377d5d88-9cac-4ac5-a9c1-2182c16663f5,156,QL,0.24516129032258063,0.3161290322580645,0.4129032258064516,0.3096774193548387,0.34838709677419355,0.24516129032258063,0.3225806451612903,0.3548387096774194,0.2967741935483871,0.4
377d5d88-9cac-4ac5-a9c1-2182c16663f5,157,QL,0.24358974358974358,0.3141025641025641,0.41025641025641024,0.33974358974358976,0.34615384615384615,0.24358974358974358,0.32051282051282054,0.3525641025641026,0.2948717948717949,0.3974358974358974
377d5d88-9cac-4ac5-a9c1-2182c16663f5,158,QL,0.24203821656050956,0.31210191082802546,0.40764331210191085,0.3375796178343949,0.34394904458598724,0.27388535031847133,0.3184713375796178,0.3503184713375796,0.2929936305732484,0.39490445859872614
377d5d88-9cac-4ac5-a9c1-2182c16663f5,159,QL,0.24050632911392406,0.310126582278481,0.4050632911392405,0.33544303797468356,0.34177215189873417,0.2721518987341772,0.31645569620253167,0.34810126582278483,0.3037974683544304,0.3924050632911392
377d5d88-9cac-4ac5-a9c1-2182c16663f5,160,QL,0.2389937106918239,0.3081761006289308,0.4025157232704403,0.3333333333333333,0.33962264150943394,0.2830188679245283,0.31446540880503143,0.34591194968553457,0.3018867924528302,0.389937106918239
377d5d88-9cac-4ac5-a9c1-2182c16663f5,161,QL,0.2375,0.30625,0.4,0.33125,0.3375,0.28125,0.3125,0.34375,0.325,0.3875
377d5d88-9cac-4ac5-a9c1-2182c16663f5,162,QL,0.2360248447204969,0.30434782608695654,0.39751552795031053,0.32919254658385094,0.33540372670807456,0.2795031055900621,0.3105590062111801,0.37267080745341613,0.32298136645962733,0.38509316770186336
377d5d88-9cac-4ac5-a9c1-2182c16663f5,163,QL,0.2345679012345679,0.30246913580246915,0.3950617283950617,0.3271604938271605,0.3333333333333333,0.2777777777777778,0.30864197530864196,0.37037037037037035,0.35185185185185186,0.38271604938271603
377d5d88-9cac-4ac5-a9c1-2182c16663f5,164,QL,0.2331288343558282,0.3006134969325153,0.39263803680981596,0.32515337423312884,0.3312883435582822,0.27607361963190186,0.3067484662576687,0.36809815950920244,0.36809815950920244,0.3803680981595092
377d5d88-9cac-4ac5-a9c1-2182c16663f5,165,QL,0.23170731707317074,0.29878048780487804,0.42073170731707316,0.3231707317073171,0.32926829268292684,0.27439024390243905,0.3048780487804878,0.36585365853658536,0.36585365853658536,0.3780487804878049
377d5d88-9cac-4ac5-a9c1-2182c16663f5,166,QL,0.23030303030303031,0.296969696969697,0.4303030303030303,0.3212121212121212,0.32727272727272727,0.2727272727272727,0.30303030303030304,0.36363636363636365,0.36363636363636365,0.37575757575757573
377d5d88-9cac-4ac5-a9c1-2182c16663f5,167,QL,0.24096385542168675,0.29518072289156627,0.42771084337349397,0.3192771084337349,0.3253012048192771,0.2710843373493976,0.30120481927710846,0.3614457831325301,0.3614457831325301,0.37349397590361444
377d5d88-9cac-4ac5-a9c1-2182c16663f5,168,QL,0.23952095808383234,0.2934131736526946,0.4251497005988024,0.33532934131736525,0.32335329341317365,0.2694610778443114,0.2994011976047904,0.3592814371257485,0.3592814371257485,0.3712574850299401
377d5d88-9cac-4ac5-a9c1-2182c16663f5,169,QL,0.23809523809523808,0.2916666666666667,0.4226190476190476,0.3333333333333333,0.32142857142857145,0.27380952380952384,0.2976190476190476,0.35714285714285715,0.35714285714285715,0.36904761904761907
377d5d88-9cac-4ac5-a9c1-2182c16663f5,170,QL,0.23668639053254437,0.31952662721893493,0.42011834319526625,0.33136094674556216,0.31952662721893493,0.27218934911242604,0.2958579881656805,0.35502958579881655,0.35502958579881655,0.3668639053254438
377d5d88-9cac-4ac5-a9c1-2182c16663f5,171,QL,0.23529411764705882,0.3176470588235294,0.4176470588235294,0.32941176470588235,0.3176470588235294,0.27058823529411763,0.29411764705882354,0.35294117647058826,0.3764705882352941,0.36470588235294116
377d5d88-9cac-4ac5-a9c1-2182c16663f5,172,QL,0.23391812865497075,0.3157894736842105,0.4152046783625731,0.32748538011695905,0.3157894736842105,0.26900584795321636,0.29239766081871343,0.36257309941520466,0.3742690058479532,0.36257309941520466
377d5d88-9cac-4ac5-a9c1-2182c16663f5,173,QL,0.23255813953488372,0.313953488372093,0.4127906976744186,0.32558139534883723,0.313953488372093,0.29069767441860467,0.29069767441860467,0.36046511627906974,0.37209302325581395,0.36046511627906974
377d5d88-9cac-4ac5-a9c1-2182c16663f5,174,QL,0.23121387283236994,0.31213872832369943,0.42196531791907516,0.3236994219653179,0.31213872832369943,0.28901734104046245,0.28901734104046245,0.3583815028901734,0.3699421965317919,0.3583815028901734
377d5d88-9cac-4ac5-a9c1-2182c16663f5,175,QL,0.22988505747126436,0.3103448275862069,0.41954022988505746,0.3505747126436782,0.3103448275862069,0.28735632183908044,0.28735632183908044,0.3563218390804598,0.367816091954023,0.3563218390804598
377d5d88-9cac-4ac5-a9c1-2182c16663f5,176,QL,0.2571428571428571,0.30857142857142855,0.41714285714285715,0.3485714285714286,0.30857142857142855,0.2857142857142857,0.2857142857142857,0.35428571428571426,0.3657142857142857,0.35428571428571426
377d5d88-9cac-4ac5-a9c1-2182c16663f5,177,QL,0.2556818181818182,0.3068181818181818,0.4147727272727273,0.3465909090909091,0.3068181818181818,0.2840909090909091,0.2840909090909091,0.38636363636363635,0.36363636363636365,0.3522727272727273
377d5d88-9cac-4ac5-a9c1-2182c16663f5,178,QL,0.2542372881355932,0.3050847457627119,0.4124293785310734,0.3446327683615819,0.3050847457627119,0.2824858757062147,0.2824858757062147,0.4011299435028249,0.3615819209039548,0.3502824858757062
377d5d88-9cac-4ac5-a9c1-2182c16663f5,179,QL,0.25280898876404495,0.30337078651685395,0.4101123595505618,0.34269662921348315,0.30337078651685395,0.2808988764044944,0.2808988764044944,0.4101123595505618,0.3595505617977528,0.34831460674157305
377d5d88-9cac-4ac5-a9c1-2182c16663f5,180,QL,0.25139664804469275,0.3128491620111732,0.40782122905027934,0.3407821229050279,0.3016759776536313,0.27932960893854747,0.27932960893854747,0.40782122905027934,0.3575418994413408,0.3463687150837989
377d5d88-9cac-4ac5-a9c1-2182c16663f5,181,QL,0.25,0.3111111111111111,0.40555555555555556,0.3388888888888889,0.3,0.2777777777777778,0.2777777777777778,0.40555555555555556,0.35555555555555557,0.37222222222222223
377d5d88-9cac-4ac5-a9c1-2182c16663f5,182,QL,0.24861878453038674,0.3149171270718232,0.40331491712707185,0.3370165745856354,0.2983425414364641,0.27624309392265195,0.27624309392265195,0.40331491712707185,0.35359116022099446,0.3701657458563536
377d5d88-9cac-4ac5-a9c1-2182c16663f5,183,QL,0.25824175824175827,0.3131868131868132,0.4010989010989011,0.33516483516483514,0.2967032967032967,0.27472527472527475,0.27472527472527475,0.4010989010989011,0.3516483516483517,0.36813186813186816
377d5d88-9cac-4ac5-a9c1-2182c16663f5,184,QL,0.2568306010928962,0.3114754098360656,0.3989071038251366,0.3333333333333333,0.29508196721311475,0.3005464480874317,0.273224043715847,0.3989071038251366,0.34972677595628415,0.366120218579235
377d5d88-9cac-4ac5-a9c1-2182c16663f5,185,QL,0.266304347826087,0.30978260869565216,0.3967391304347826,0.33152173913043476,0.29347826086956524,0.29891304347826086,0.2717391304347826,0.3967391304347826,0.34782608695652173,0.3641304347826087
377d5d88-9cac-4ac5-a9c1-2182c16663f5,186,QL,0.2648648648648649,0.3081081081081081,0.3945945945945946,0.34054054054054056,0.2918918918918919,0.2972972972972973,0.2702702702702703,0.3945945945945946,0.34594594594594597,0.3621621621621622
377d5d88-9cac-4ac5-a9c1-2182c16663f5,187,QL,0.26344086021505375,0.3064516129032258,0.3978494623655914,0.3387096774193548,0.2903225806451613,0.2956989247311828,0.26881720430107525,0.3924731182795699,0.34408602150537637,0.3602150537634409
377d5d88-9cac-4ac5-a9c1-2182c16663f5,188,QL,0.2727272727272727,0.3048128342245989,0.39572192513368987,0.33689839572192515,0.2887700534759358,0.29411764705882354,0.26737967914438504,0.39037433155080214,0.3422459893048128,0.3582887700534759
377d5d88-9cac-4ac5-a9c1-2182c16663f5,189,QL,0.2925531914893617,0.30319148936170215,0.39361702127659576,0.3351063829787234,0.2872340425531915,0.2925531914893617,0.26595744680851063,0.3882978723404255,0.3404255319148936,0.35638297872340424
377d5d88-9cac-4ac5-a9c1-2182c16663f5,190,QL,0.291005291005291,0.30158730158730157,0.3915343915343915,0.3333333333333333,0.2962962962962963,0.291005291005291,0.26455026455026454,0.3862433862433862,0.3386243386243386,0.3544973544973545
377d5d88-9cac-4ac5-a9c1-2182c16663f5,191,QL,0.3105263157894737,0.3,0.3894736842105263,0.33157894736842103,0.29473684210526313,0.2894736842105263,0.2631578947368421,0.38421052631578945,0.3368421052631579,0.3526315789473684
377d5d88-9cac-4ac5-a9c1-2182c16663f5,192,QL,0.3089005235602094,0.3089005235602094,0.387434554973822,0.3298429319371728,0.2931937172774869,0.2879581151832461,0.2617801047120419,0.38219895287958117,0.33507853403141363,0.3507853403141361
377d5d88-9cac-4ac5-a9c1-2182c16663f5,193,QL,0.3072916666666667,0.3072916666666667,0.3854166666666667,0.328125,0.2916666666666667,0.2864583333333333,0.2604166666666667,0.3802083333333333,0.359375,0.3489583333333333
377d5d88-9cac-4ac5-a9c1-2182c16663f5,194,QL,0.30569948186528495,0.30569948186528495,0.40414507772020725,0.32642487046632124,0.29015544041450775,0.2849740932642487,0.25906735751295334,0.37823834196891193,0.35751295336787564,0.3471502590673575
377d5d88-9cac-4ac5-a9c1-2182c16663f5,195,QL,0.30412371134020616,0.30412371134020616,0.422680412371134,0.3247422680412371,0.28865979381443296,0.28350515463917525,0.25773195876288657,0.37628865979381443,0.3556701030927835,0.34536082474226804
377d5d88-9cac-4ac5-a9c1-2182c16663f5,196,QL,0.30256410256410254,0.30256410256410254,0.4205128205128205,0.3230769230769231,0.28717948717948716,0.28205128205128205,0.28205128205128205,0.37435897435897436,0.35384615384615387,0.3435897435897436
377d5d88-9cac-4ac5-a9c1-2182c16663f5,197,QL,0.3010204081632653,0.3010204081632653,0.41836734693877553,0.336734693877551,0.2857142857142857,0.28061224489795916,0.28061224489795916,0.37244897959183676,0.3520408163265306,0.34183673469387754
377d5d88-9cac-4ac5-a9c1-2182c16663f5,198,QL,0.29949238578680204,0.29949238578680204,0.41624365482233505,0.3350253807106599,0.28426395939086296,0.27918781725888325,0.27918781725888325,0.37055837563451777,0.350253807106599,0.36548223350253806
377d5d88-9cac-4ac5-a9c1-2182c16663f5,199,QL,0.29797979797979796,0.3282828282828283,0.41414141414141414,0.3333333333333333,0.2828282828282828,0.2777777777777778,0.2777777777777778,0.3686868686868687,0.3484848484848485,0.36363636363636365
377d5d88-9cac-4ac5-a9c1-2182c16663f5,200,QL,0.32160804020100503,0.32663316582914576,0.4120603015075377,0.3316582914572864,0.2814070351758794,0.27638190954773867,0.27638190954773867,0.36683417085427134,0.34673366834170855,0.36180904522613067
377d5d88-9cac-4ac5-a9c1-2182c16663f5,201,QL,0.32,0.35,0.41,0.33,0.28,0.275,0.275,0.365,0.345,0.36
377d5d88-9cac-4ac5-a9c1-2182c16663f5,202,QL,0.31840796019900497,0.3482587064676617,0.4079601990049751,0.3283582089552239,0.29850746268656714,0.2736318407960199,0.2736318407960199,0.36318407960199006,0.34328358208955223,0.3582089552238806
377d5d88-9cac-4ac5-a9c1-2182c16663f5,203,QL,0.31683168316831684,0.3465346534653465,0.40594059405940597,0.32673267326732675,0.297029702970297,0.27722772277227725,0.2722772277227723,0.3613861386138614,0.3415841584158416,0.3564356435643564
377d5d88-9cac-4ac5-a9c1-2182c16663f5,204,QL,0.31527093596059114,0.3448275862068966,0.4039408866995074,0.3251231527093596,0.32019704433497537,0.27586206896551724,0.270935960591133,0.35960591133004927,0.3399014778325123,0.35467980295566504
377d5d88-9cac-4ac5-a9c1-2182c16663f5,205,QL,0.3137254901960784,0.3431372549019608,0.4019607843137255,0.3235294117647059,0.31862745098039214,0.27450980392156865,0.28431372549019607,0.35784313725490197,0.3382352941176471,0.35294117647058826
377d5d88-9cac-4ac5-a9c1-2182c16663f5,206,QL,0.3121951219512195,0.34146341463414637,0.4,0.34146341463414637,0.3170731707317073,0.2731707317073171,0.28292682926829266,0.35609756097560974,0.33658536585365856,0.35121951219512193
377d5d88-9cac-4ac5-a9c1-2182c16663f5,207,QL,0.3106796116504854,0.33980582524271846,0.4174757281553398,0.33980582524271846,0.3155339805825243,0.27184466019417475,0.2815533980582524,0.35436893203883496,0.33495145631067963,0.34951456310679613
377d5d88-9cac-4ac5-a9c1-2182c16663f5,208,QL,0.30917874396135264,0.33816425120772947,0.41545893719806765,0.33816425120772947,0.3140096618357488,0.27053140096618356,0.28019323671497587,0.36231884057971014,0.3333333333333333,0.34782608695652173
377d5d88-9cac-4ac5-a9c1-2182c16663f5,209,QL,0.3076923076923077,0.33653846153846156,0.41346153846153844,0.33653846153846156,0.3125,0.2692307692307692,0.30288461538461536,0.3605769230769231,0.3317307692307692,0.34615384615384615
377d5d88-9cac-4ac5-a9c1-2182c16663f5,210,QL,0.3062200956937799,0.3349282296650718,0.41148325358851673,0.3349282296650718,0.31100478468899523,0.2679425837320574,0.3014354066985646,0.3684210526315789,0.33014354066985646,0.3444976076555024
377d5d88-9cac-4ac5-a9c1-2182c16663f5,211,QL,0.3047619047619048,0.3333333333333333,0.4095238095238095,0.35714285714285715,0.30952380952380953,0.26666666666666666,0.3,0.36666666666666664,0.32857142857142857,0.34285714285714286
377d5d88-9cac-4ac5-a9c1-2182c16663f5,212,QL,0.3033175355450237,0.33175355450236965,0.4075829383886256,0.35545023696682465,0.3080568720379147,0.27488151658767773,0.2985781990521327,0.36492890995260663,0.32701421800947866,0.3412322274881517
377d5d88-9cac-4ac5-a9c1-2182c16663f5,213,QL,0.3018867924528302,0.330188679245283,0.4056603773584906,0.35377358490566035,0.30660377358490565,0.2830188679245283,0.2971698113207547,0.3632075471698113,0.32547169811320753,0.33962264150943394
377d5d88-9cac-4ac5-a9c1-2182c16663f5,214,QL,0.3004694835680751,0.3286384976525822,0.40375586854460094,0.352112676056338,0.3051643192488263,0.28169014084507044,0.29577464788732394,0.3615023474178404,0.3333333333333333,0.3380281690140845
377d5d88-9cac-4ac5-a9c1-2182c16663f5,215,QL,0.29906542056074764,0.32710280373831774,0.40186915887850466,0.35046728971962615,0.3037383177570093,0.2803738317757009,0.29439252336448596,0.3598130841121495,0.3317757009345794,0.34579439252336447
377d5d88-9cac-4ac5-a9c1-2182c16663f5,216,QL,0.29767441860465116,0.32558139534883723,0.4,0.3488372093023256,0.3023255813953488,0.27906976744186046,0.2930232558139535,0.3813953488372093,0.3302325581395349,0.34418604651162793
377d5d88-9cac-4ac5-a9c1-2182c16663f5,217,QL,0.2962962962962963,0.32407407407407407,0.39814814814814814,0.3472222222222222,0.30092592592592593,0.2777777777777778,0.3101851851851852,0.37962962962962965,0.3287037037037037,0.3425925925925926
377d5d88-9cac-4ac5-a9c1-2182c16663f5,218,QL,0.29493087557603687,0.3225806451612903,0.39631336405529954,0.3456221198156682,0.2995391705069124,0.2764976958525346,0.31336405529953915,0.3778801843317972,0.3271889400921659,0.34101382488479265
377d5d88-9cac-4ac5-a9c1-2182c16663f5,219,QL,0.29357798165137616,0.3211009174311927,0.3944954128440367,0.3440366972477064,0.2981651376146789,0.27522935779816515,0.3119266055045872,0.38073394495412843,0.3256880733944954,0.3394495412844037
377d5d88-9cac-4ac5-a9c1-2182c16663f5,220,QL,0.2922374429223744,0.319634703196347,0.3926940639269406,0.3424657534246575,0.2968036529680365,0.2876712328767123,0.3105022831050228,0.3789954337899543,0.3242009132420091,0.3378995433789954
377d5d88-9cac-4ac5-a9c1-2182c16663f5,221,QL,0.2909090909090909,0.3181818181818182,0.41818181818181815,0.3409090909090909,0.29545454545454547,0.2863636363636364,0.3090909090909091,0.37727272727272726,0.32272727272727275,0.33636363636363636
377d5d88-9cac-4ac5-a9c1-2182c16663f5,222,QL,0.2895927601809955,0.3167420814479638,0.416289592760181,0.3393665158371041,0.3031674208144796,0.2850678733031674,0.3076923076923077,0.3755656108597285,0.3212669683257919,0.334841628959276
377d5d88-9cac-4ac5-a9c1-2182c16663f5,223,QL,0.2882882882882883,0.3153153153153153,0.4144144144144144,0.33783783783783783,0.30180180180180183,0.3063063063063063,0.3063063063063063,0.3738738738738739,0.31981981981981983,0.3333333333333333
377d5d88-9cac-4ac5-a9c1-2182c16663f5,224,QL,0.28699551569506726,0.336322869955157,0.4125560538116592,0.336322869955157,0.3004484304932735,0.30493273542600896,0.30493273542600896,0.3721973094170404,0.3183856502242152,0.33183856502242154
377d5d88-9cac-4ac5-a9c1-2182c16663f5,225,QL,0.2857142857142857,0.33482142857142855,0.4107142857142857,0.33482142857142855,0.29910714285714285,0.30357142857142855,0.30357142857142855,0.3705357142857143,0.3169642857142857,0.34375
377d5d88-9cac-4ac5-a9c1-2182c16663f5,226,QL,0.28444444444444444,0.3333333333333333,0.4088888888888889,0.3333333333333333,0.30666666666666664,0.3022222222222222,0.3022222222222222,0.3688888888888889,0.31555555555555553,0.3422222222222222
377d5d88-9cac-4ac5-a9c1-2182c16663f5,227,QL,0.2831858407079646,0.33185840707964603,0.40707964601769914,0.3407079646017699,0.3053097345132743,0.3008849557522124,0.3008849557522124,0.3672566371681416,0.3141592920353982,0.3407079646017699
377d5d88-9cac-4ac5-a9c1-2182c16663f5,228,QL,0.28193832599118945,0.3303964757709251,0.4052863436123348,0.3392070484581498,0.3039647577092511,0.30837004405286345,0.29955947136563876,0.3656387665198238,0.31277533039647576,0.3392070484581498
377d5d88-9cac-4ac5-a9c1-2182c16663f5,229,QL,0.2807017543859649,0.32894736842105265,0.40350877192982454,0.33771929824561403,0.3026315789473684,0.30701754385964913,0.3201754385964912,0.36403508771929827,0.31140350877192985,0.33771929824561403
377d5d88-9cac-4ac5-a9c1-2182c16663f5,230,QL,0.2794759825327511,0.32751091703056767,0.4017467248908297,0.33624454148471616,0.30131004366812225,0.3056768558951965,0.32751091703056767,0.3624454148471616,0.31004366812227074,0.33624454148471616
377d5d88-9cac-4ac5-a9c1-2182c16663f5,231,QL,0.2782608695652174,0.32608695652173914,0.4,0.3521739130434783,0.3,0.30434782608695654,0.32608695652173914,0.36086956521739133,0.30869565217391304,0.3347826086956522
377d5d88-9cac-4ac5-a9c1-2182c16663f5,232,QL,0.27705627705627706,0.3246753246753247,0.39826839826839827,0.35064935064935066,0.2987012987012987,0.30303030303030304,0.341991341991342,0.3593073593073593,0.30735930735930733,0.3333333333333333
377d5d88-9cac-4ac5-a9c1-2182c16663f5,233,QL,0.27586206896551724,0.3232758620689655,0.40948275862068967,0.34913793103448276,0.2974137931034483,0.3017241379310345,0.34051724137931033,0.3577586206896552,0.30603448275862066,0.33189655172413796
377d5d88-9cac-4ac5-a9c1-2182c16663f5,234,QL,0.27467811158798283,0.3218884120171674,0.41630901287553645,0.34763948497854075,0.296137339055794,0.30042918454935624,0.33905579399141633,0.3562231759656652,0.30472103004291845,0.33047210300429186
377d5d88-9cac-4ac5-a9c1-2182c16663f5,235,QL,0.27350427350427353,0.32051282051282054,0.41452991452991456,0.34615384615384615,0.2948717948717949,0.29914529914529914,0.358974358974359,0.3547008547008547,0.3034188034188034,0.32905982905982906
377d5d88-9cac-4ac5-a9c1-2182c16663f5,236,QL,0.2723404255319149,0.3191489361702128,0.4127659574468085,0.3446808510638298,0.2936170212765957,0.2978723404255319,0.3574468085106383,0.35319148936170214,0.3021276595744681,0.33617021276595743
377d5d88-9cac-4ac5-a9c1-2182c16663f5,237,QL,0.2711864406779661,0.3177966101694915,0.4110169491525424,0.3559322033898305,0.2923728813559322,0.2966101694915254,0.3559322033898305,0.3516949152542373,0.3008474576271186,0.3347457627118644
377d5d88-9cac-4ac5-a9c1-2182c16663f5,238,QL,0.270042194092827,0.31645569620253167,0.4092827004219409,0.3628691983122363,0.2911392405063291,0.29535864978902954,0.35443037974683544,0.350210970464135,0.29957805907172996,0.3333333333333333
377d5d88-9cac-4ac5-a9c1-2182c16663f5,239,QL,0.2815126050420168,0.31512605042016806,0.40756302521008403,0.36134453781512604,0.28991596638655465,0.29411764705882354,0.35294117647058826,0.3487394957983193,0.29831932773109243,0.3319327731092437
377d5d88-9cac-4ac5-a9c1-2182c16663f5,240,QL,0.2803347280334728,0.3138075313807531,0.40585774058577406,0.3598326359832636,0.30962343096234307,0.2928870292887029,0.3514644351464435,0.3472803347280335,0.29707112970711297,0.3305439330543933
377d5d88-9cac-4ac5-a9c1-2182c16663f5,241,QL,0.2791666666666667,0.3125,0.4041666666666667,0.35833333333333334,0.30833333333333335,0.2916666666666667,0.35,0.3458333333333333,0.29583333333333334,0.3375
377d5d88-9cac-4ac5-a9c1-2182c16663f5,242,QL,0.27800829875518673,0.3112033195020747,0.4024896265560166,0.35684647302904565,0.3070539419087137,0.29045643153526973,0.34854771784232363,0.35269709543568467,0.2946058091286307,0.3360995850622407
377d5d88-9cac-4ac5-a9c1-2182c16663f5,243,QL,0.2768595041322314,0.30991735537190085,0.40082644628099173,0.35537190082644626,0.3305785123966942,0.2892561983471074,0.34710743801652894,0.3512396694214876,0.29338842975206614,0.3347107438016529
377d5d88-9cac-4ac5-a9c1-2182c16663f5,244,QL,0.2757201646090535,0.30864197530864196,0.3991769547325103,0.35390946502057613,0.3292181069958848,0.2880658436213992,0.3662551440329218,0.3497942386831276,0.29218106995884774,0.3333333333333333
377d5d88-9cac-4ac5-a9c1-2182c16663f5,245,QL,0.27459016393442626,0.3073770491803279,0.3975409836065574,0.3524590163934426,0.32786885245901637,0.3073770491803279,0.36475409836065575,0.3483606557377049,0.29098360655737704,0.3319672131147541
377d5d88-9cac-4ac5-a9c1-2182c16663f5,246,QL,0.27346938775510204,0.30612244897959184,0.39591836734693875,0.3510204081632653,0.32653061224489793,0.30612244897959184,0.363265306122449,0.3469387755102041,0.31020408163265306,0.3306122448979592
377d5d88-9cac-4ac5-a9c1-2182c16663f5,247,QL,0.27235772357723576,0.3048780487804878,0.4024390243902439,0.34959349593495936,0.3252032520325203,0.3048780487804878,0.3617886178861789,0.34552845528455284,0.3089430894308943,0.32926829268292684
377d5d88-9cac-4ac5-a9c1-2182c16663f5,248,QL,0.27125506072874495,0.30364372469635625,0.4008097165991903,0.3481781376518219,0.3319838056680162,0.30364372469635625,0.3603238866396761,0.3441295546558704,0.3076923076923077,0.32793522267206476
377d5d88-9cac-4ac5-a9c1-2182c16663f5,249,QL,0.2701612903225806,0.3024193548387097,0.39919354838709675,0.3467741935483871,0.33064516129032256,0.3225806451612903,0.3588709677419355,0.34274193548387094,0.3064516129032258,0.32661290322580644
377d5d88-9cac-4ac5-a9c1-2182c16663f5,250,QL,0.26907630522088355,0.30120481927710846,0.39759036144578314,0.3453815261044177,0.3293172690763052,0.321285140562249,0.357429718875502,0.3413654618473896,0.3253012048192771,0.3253012048192771
377d5d88-9cac-4ac5-a9c1-2182c16663f5,251,QL,0.268,0.3,0.4,0.344,0.328,0.32,0.356,0.34,0.324,0.324
377d5d88-9cac-4ac5-a9c1-2182c16663f5,252,QL,0.26693227091633465,0.29880478087649404,0.398406374501992,0.3426294820717131,0.3346613545816733,0.3187250996015936,0.3545816733067729,0.3386454183266932,0.32270916334661354,0.32270916334661354
377d5d88-9cac-4ac5-a9c1-2182c16663f5,253,QL,0.26587301587301587,0.2976190476190476,0.4126984126984127,0.3412698412698413,0.3333333333333333,0.31746031746031744,0.3531746031746032,0.3373015873015873,0.32142857142857145,0.32142857142857145
377d5d88-9cac-4ac5-a9c1-2182c16663f5,254,QL,0.2648221343873518,0.2964426877470356,0.41106719367588934,0.33992094861660077,0.33201581027667987,0.32806324110671936,0.35177865612648224,0.3359683794466403,0.3201581027667984,0.3201581027667984
377d5d88-9cac-4ac5-a9c1-2182c16663f5,255,QL,0.2637795275590551,0.2952755905511811,0.4094488188976378,0.33858267716535434,0.33070866141732286,0.32677165354330706,0.35039370078740156,0.3346456692913386,0.33858267716535434,0.3188976377952756
377d5d88-9cac-4ac5-a9c1-2182c16663f5,256,QL,0.2627450980392157,0.29411764705882354,0.4196078431372549,0.33725490196078434,0.32941176470588235,0.3254901960784314,0.34901960784313724,0.3333333333333333,0.33725490196078434,0.3176470588235294
377d5d88-9cac-4ac5-a9c1-2182c16663f5,257,QL,0.26171875,0.29296875,0.42578125,0.3359375,0.328125,0.32421875,0.34765625,0.33203125,0.3359375,0.31640625
377d5d88-9cac-4ac5-a9c1-2182c16663f5,258,QL,0.2607003891050584,0.2918287937743191,0.42412451361867703,0.3346303501945525,0.3463035019455253,0.3229571984435798,0.3463035019455253,0.33073929961089493,0.3346303501945525,0.3151750972762646
377d5d88-9cac-4ac5-a9c1-2182c16663f5,259,QL,0.2596899224806202,0.29069767441860467,0.42248062015503873,0.3333333333333333,0.3449612403100775,0.32945736434108525,0.3449612403100775,0.32945736434108525,0.3333333333333333,0.313953488372093
377d5d88-9cac-4ac5-a9c1-2182c16663f5,260,QL,0.2625482625482625,0.28957528957528955,0.42084942084942084,0.33204633204633205,0.3436293436293436,0.3281853281853282,0.3436293436293436,0.3281853281853282,0.33204633204633205,0.3127413127413127
377d5d88-9cac-4ac5-a9c1-2182c16663f5,261,QL,0.26153846153846155,0.28846153846153844,0.41923076923076924,0.33076923076923076,0.3423076923076923,0.3269230769230769,0.3423076923076923,0.3269230769230769,0.3384615384615385,0.31153846153846154
377d5d88-9cac-4ac5-a9c1-2182c16663f5,262,QL,0.26053639846743293,0.28735632183908044,0.41762452107279696,0.32950191570881227,0.34099616858237547,0.32567049808429116,0.34099616858237547,0.3448275862068966,0.3371647509578544,0.3103448275862069
377d5d88-9cac-4ac5-a9c1-2182c16663f5,263,QL,0.2595419847328244,0.2862595419847328,0.41603053435114506,0.3282442748091603,0.35877862595419846,0.3244274809160305,0.33969465648854963,0.3435114503816794,0.33587786259541985,0.30916030534351147
377d5d88-9cac-4ac5-a9c1-2182c16663f5,264,QL,0.2585551330798479,0.28517110266159695,0.4144486692015209,0.3269961977186312,0.3650190114068441,0.3231939163498099,0.33840304182509506,0.34220532319391633,0.33460076045627374,0.30798479087452474
377d5d88-9cac-4ac5-a9c1-2182c16663f5,265,QL,0.25757575757575757,0.3068181818181818,0.4128787878787879,0.32575757575757575,0.36363636363636365,0.32196969696969696,0.3371212121212121,0.3409090909090909,0.3333333333333333,0.3068181818181818
377d5d88-9cac-4ac5-a9c1-2182c16663f5,266,QL,0.2641509433962264,0.30566037735849055,0.41132075471698115,0.32452830188679244,0.3622641509433962,0.32075471698113206,0.33584905660377357,0.33962264150943394,0.3320754716981132,0.30566037735849055
377d5d88-9cac-4ac5-a9c1-2182c16663f5,267,QL,0.2631578947368421,0.3233082706766917,0.40977443609022557,0.3233082706766917,0.3609022556390977,0.31954887218045114,0.33458646616541354,0.3383458646616541,0.3308270676691729,0.30451127819548873
377d5d88-9cac-4ac5-a9c1-2182c16663f5,268,QL,0.2808988764044944,0.32209737827715357,0.40823970037453183,0.32209737827715357,0.3595505617977528,0.31835205992509363,0.3333333333333333,0.33707865168539325,0.3295880149812734,0.30337078651685395
377d5d88-9cac-4ac5-a9c1-2182c16663f5,269,QL,0.2798507462686567,0.3208955223880597,0.40671641791044777,0.3246268656716418,0.3582089552238806,0.31716417910447764,0.332089552238806,0.3358208955223881,0.3283582089552239,0.30223880597014924
377d5d88-9cac-4ac5-a9c1-2182c16663f5,270,QL,0.2788104089219331,0.31970260223048325,0.4052044609665427,0.32342007434944237,0.35687732342007433,0.3159851301115242,0.3308550185873606,0.3345724907063197,0.3271375464684015,0.30855018587360594
377d5d88-9cac-4ac5-a9c1-2182c16663f5,271,QL,0.2777777777777778,0.31851851851851853,0.40370370370370373,0.32222222222222224,0.362962962962963,0.3148148148148148,0.3296296296296296,0.3333333333333333,0.32592592592592595,0.3074074074074074
377d5d88-9cac-4ac5-a9c1-2182c16663f5,272,QL,0.2767527675276753,0.3173431734317343,0.4022140221402214,0.3210332103321033,0.36162361623616235,0.31365313653136534,0.33948339483394835,0.33210332103321033,0.3247232472324723,0.3062730627306273
377d5d88-9cac-4ac5-a9c1-2182c16663f5,273,QL,0.2757352941176471,0.3161764705882353,0.4007352941176471,0.31985294117647056,0.3602941176470588,0.3125,0.35294117647058826,0.33088235294117646,0.3235294117647059,0.30514705882352944
377d5d88-9cac-4ac5-a9c1-2182c16663f5,274,QL,0.27472527472527475,0.315018315018315,0.3992673992673993,0.31868131868131866,0.358974358974359,0.31868131868131866,0.3516483516483517,0.32967032967032966,0.32234432234432236,0.304029304029304
377d5d88-9cac-4ac5-a9c1-2182c16663f5,275,QL,0.2737226277372263,0.31386861313868614,0.3978102189781022,0.3175182481751825,0.35766423357664234,0.3248175182481752,0.35036496350364965,0.3284671532846715,0.32116788321167883,0.3029197080291971
377d5d88-9cac-4ac5-a9c1-2182c16663f5,276,QL,0.2872727272727273,0.31272727272727274,0.39636363636363636,0.31636363636363635,0.3563636363636364,0.3236363636363636,0.3490909090909091,0.32727272727272727,0.32,0.3018181818181818
377d5d88-9cac-4ac5-a9c1-2182c16663f5,277,QL,0.286231884057971,0.32971014492753625,0.39492753623188404,0.31521739130434784,0.35507246376811596,0.322463768115942,0.34782608695652173,0.32608695652173914,0.3188405797101449,0.3007246376811594
377d5d88-9cac-4ac5-a9c1-2182c16663f5,278,QL,0.2851985559566787,0.3285198555956679,0.4007220216606498,0.3140794223826715,0.35379061371841153,0.3212996389891697,0.34657039711191334,0.3249097472924188,0.3176895306859206,0.2996389891696751
377d5d88-9cac-4ac5-a9c1-2182c16663f5,279,QL,0.2841726618705036,0.3273381294964029,0.39928057553956836,0.32014388489208634,0.35251798561151076,0.32014388489208634,0.34532374100719426,0.3237410071942446,0.31654676258992803,0.29856115107913667
377d5d88-9cac-4ac5-a9c1-2182c16663f5,280,QL,0.2831541218637993,0.32616487455197135,0.3978494623655914,0.31899641577060933,0.36200716845878134,0.31899641577060933,0.34408602150537637,0.3225806451612903,0.3154121863799283,0.2974910394265233
377d5d88-9cac-4ac5-a9c1-2182c16663f5,281,QL,0.28214285714285714,0.32857142857142857,0.3964285714285714,0.31785714285714284,0.3607142857142857,0.31785714285714284,0.34285714285714286,0.32142857142857145,0.3142857142857143,0.29642857142857143
377d5d88-9cac-4ac5-a9c1-2182c16663f5,282,QL,0.28113879003558717,0.3274021352313167,0.39501779359430605,0.3167259786476868,0.3701067615658363,0.3167259786476868,0.3416370106761566,0.3202846975088968,0.31316725978647686,0.29537366548042704
377d5d88-9cac-4ac5-a9c1-2182c16663f5,283,QL,0.2801418439716312,0.3333333333333333,0.39361702127659576,0.31560283687943264,0.36879432624113473,0.31560283687943264,0.3404255319148936,0.3191489361702128,0.3120567375886525,0.29432624113475175
377d5d88-9cac-4ac5-a9c1-2182c16663f5,284,QL,0.2791519434628975,0.34275618374558303,0.392226148409894,0.31448763250883394,0.3674911660777385,0.31448763250883394,0.3392226148409894,0.31802120141342755,0.31095406360424027,0.29328621908127206
377d5d88-9cac-4ac5-a9c1-2182c16663f5,285,QL,0.27816901408450706,0.3415492957746479,0.3908450704225352,0.31338028169014087,0.36619718309859156,0.31338028169014087,0.352112676056338,0.31690140845070425,0.30985915492957744,0.29225352112676056
377d5d88-9cac-4ac5-a9c1-2182c16663f5,286,QL,0.2771929824561403,0.34035087719298246,0.3894736842105263,0.3192982456140351,0.3649122807017544,0.312280701754386,0.3508771929824561,0.3157894736842105,0.3087719298245614,0.2912280701754386
377d5d88-9cac-4ac5-a9c1-2182c16663f5,287,QL,0.2762237762237762,0.36013986013986016,0.3881118881118881,0.3181818181818182,0.36363636363636365,0.3111888111888112,0.34965034965034963,0.3146853146853147,0.3076923076923077,0.2902097902097902
377d5d88-9cac-4ac5-a9c1-2182c16663f5,288,QL,0.27526132404181186,0.3588850174216028,0.3867595818815331,0.3170731707317073,0.3623693379790941,0.3205574912891986,0.34843205574912894,0.313588850174216,0.30662020905923343,0.289198606271777
377d5d88-9cac-4ac5-a9c1-2182c16663f5,289,QL,0.2743055555555556,0.3576388888888889,0.3854166666666667,0.3159722222222222,0.3645833333333333,0.3194444444444444,0.3472222222222222,0.3125,0.3055555555555556,0.2881944444444444
377d5d88-9cac-4ac5-a9c1-2182c16663f5,290,QL,0.27335640138408307,0.356401384083045,0.38408304498269896,0.33217993079584773,0.3633217993079585,0.31833910034602075,0.3460207612456747,0.31141868512110726,0.3044982698961938,0.28719723183391005
377d5d88-9cac-4ac5-a9c1-2182c16663f5,291,QL,0.27241379310344827,0.35517241379310344,0.38275862068965516,0.3310344827586207,0.3620689655172414,0.31724137931034485,0.35517241379310344,0.3103448275862069,0.30344827586206896,0.28620689655172415
377d5d88-9cac-4ac5-a9c1-2182c16663f5,292,QL,0.27147766323024053,0.3539518900343643,0.38144329896907214,0.32989690721649484,0.37800687285223367,0.3161512027491409,0.3539518900343643,0.30927835051546393,0.3024054982817869,0.2852233676975945
377d5d88-9cac-4ac5-a9c1-2182c16663f5,293,QL,0.2876712328767123,0.3527397260273973,0.3801369863013699,0.3287671232876712,0.3767123287671233,0.3150684931506849,0.3527397260273973,0.3082191780821918,0.3013698630136986,0.2842465753424658
377d5d88-9cac-4ac5-a9c1-2182c16663f5,294,QL,0.28668941979522183,0.3515358361774744,0.378839590443686,0.32764505119453924,0.37542662116040953,0.31399317406143346,0.3515358361774744,0.30716723549488056,0.3003412969283277,0.2901023890784983
377d5d88-9cac-4ac5-a9c1-2182c16663f5,295,QL,0.2857142857142857,0.35034013605442177,0.37755102040816324,0.3435374149659864,0.3741496598639456,0.3129251700680272,0.35034013605442177,0.30612244897959184,0.29931972789115646,0.2891156462585034
377d5d88-9cac-4ac5-a9c1-2182c16663f5,296,QL,0.2847457627118644,0.34915254237288135,0.376271186440678,0.3423728813559322,0.3728813559322034,0.3288135593220339,0.34915254237288135,0.3050847457627119,0.2983050847457627,0.288135593220339
377d5d88-9cac-4ac5-a9c1-2182c16663f5,297,QL,0.28378378378378377,0.36486486486486486,0.375,0.34121621621621623,0.3716216216216216,0.3277027027027027,0.34797297297297297,0.30405405405405406,0.2972972972972973,0.28716216216216217
377d5d88-9cac-4ac5-a9c1-2182c16663f5,298,QL,0.2996632996632997,0.36363636363636365,0.37373737373737376,0.3400673400673401,0.37037037037037035,0.3265993265993266,0.3468013468013468,0.30303030303030304,0.2962962962962963,0.28619528619528617
377d5d88-9cac-4ac5-a9c1-2182c16663f5,299,QL,0.2986577181208054,0.37919463087248323,0.3724832214765101,0.3389261744966443,0.3691275167785235,0.32550335570469796,0.34563758389261745,0.30201342281879195,0.2953020134228188,0.28523489932885904
377d5d88-9cac-4ac5-a9c1-2182c16663f5,300,QL,0.2976588628762542,0.3779264214046823,0.3712374581939799,0.35451505016722407,0.36789297658862874,0.32441471571906355,0.34448160535117056,0.3010033444816054,0.29431438127090304,0.2842809364548495
377d5d88-9cac-4ac5-a9c1-2182c16663f5,301,QL,0.2966666666666667,0.37666666666666665,0.37,0.35333333333333333,0.36666666666666664,0.3233333333333333,0.3433333333333333,0.30666666666666664,0.29333333333333333,0.2833333333333333
377d5d88-9cac-4ac5-a9c1-2182c16663f5,302,QL,0.3089700996677741,0.3754152823920266,0.3687707641196013,0.3521594684385382,0.3654485049833887,0.3222591362126246,0.34219269102990035,0.30564784053156147,0.292358803986711,0.2823920265780731
377d5d88-9cac-4ac5-a9c1-2182c16663f5,303,QL,0.3079470198675497,0.3741721854304636,0.3675496688741722,0.3509933774834437,0.36423841059602646,0.3211920529801324,0.34105960264900664,0.304635761589404,0.2913907284768212,0.2814569536423841
377d5d88-9cac-4ac5-a9c1-2182c16663f5,304,QL,0.31353135313531355,0.37293729372937295,0.36633663366336633,0.34983498349834985,0.36303630363036304,0.3201320132013201,0.33993399339933994,0.30363036303630364,0.29042904290429045,0.28052805280528054
377d5d88-9cac-4ac5-a9c1-2182c16663f5,305,QL,0.3125,0.3717105263157895,0.3815789473684211,0.34868421052631576,0.3618421052631579,0.3190789473684211,0.33881578947368424,0.3026315789473684,0.2894736842105263,0.27960526315789475
377d5d88-9cac-4ac5-a9c1-2182c16663f5,306,QL,0.3114754098360656,0.3704918032786885,0.39672131147540984,0.3475409836065574,0.36065573770491804,0.3180327868852459,0.3377049180327869,0.3016393442622951,0.28852459016393445,0.2786885245901639
377d5d88-9cac-4ac5-a9c1-2182c16663f5,307,QL,0.3104575163398693,0.369281045751634,0.3954248366013072,0.3464052287581699,0.35947712418300654,0.31699346405228757,0.3366013071895425,0.3006535947712418,0.2875816993464052,0.28431372549019607
377d5d88-9cac-4ac5-a9c1-2182c16663f5,308,QL,0.30944625407166126,0.36807817589576547,0.40390879478827363,0.34527687296416937,0.3583061889250814,0.31596091205211724,0.3355048859934853,0.2996742671009772,0.28664495114006516,0.28338762214983715
377d5d88-9cac-4ac5-a9c1-2182c16663f5,309,QL,0.30844155844155846,0.36688311688311687,0.4025974025974026,0.34415584415584416,0.35714285714285715,0.31493506493506496,0.3344155844155844,0.2987012987012987,0.2857142857142857,0.30194805194805197
377d5d88-9cac-4ac5-a9c1-2182c16663f5,310,QL,0.3074433656957929,0.3656957928802589,0.4174757281553398,0.343042071197411,0.3559870550161812,0.313915857605178,0.3333333333333333,0.2977346278317152,0.284789644012945,0.30097087378640774
377d5d88-9cac-4ac5-a9c1-2182c16663f5,311,QL,0.3064516129032258,0.3709677419354839,0.4161290322580645,0.3419354838709677,0.3548387096774194,0.31290322580645163,0.33225806451612905,0.2967741935483871,0.2838709677419355,0.3
377d5d88-9cac-4ac5-a9c1-2182c16663f5,312,QL,0.3054662379421222,0.36977491961414793,0.41479099678456594,0.3408360128617363,0.3536977491961415,0.3279742765273312,0.3311897106109325,0.2958199356913183,0.2829581993569132,0.2990353697749196
377d5d88-9cac-4ac5-a9c1-2182c16663f5,313,QL,0.30448717948717946,0.3685897435897436,0.41346153846153844,0.33974358974358976,0.3525641025641026,0.3269230769230769,0.3301282051282051,0.2948717948717949,0.2916666666666667,0.2980769230769231
377d5d88-9cac-4ac5-a9c1-2182c16663f5,314,QL,0.3035143769968051,0.36741214057507987,0.41214057507987223,0.33865814696485624,0.3514376996805112,0.3258785942492013,0.3354632587859425,0.2939297124600639,0.29073482428115016,0.2971246006389776
377d5d88-9cac-4ac5-a9c1-2182c16663f5,315,QL,0.30254777070063693,0.3662420382165605,0.410828025477707,0.3375796178343949,0.3503184713375796,0.34076433121019106,0.3343949044585987,0.2929936305732484,0.2898089171974522,0.2961783439490446
377d5d88-9cac-4ac5-a9c1-2182c16663f5,316,QL,0.30158730158730157,0.36507936507936506,0.4095238095238095,0.33650793650793653,0.3492063492063492,0.3396825396825397,0.3333333333333333,0.3047619047619048,0.28888888888888886,0.29523809523809524
377d5d88-9cac-4ac5-a9c1-2182c16663f5,317,QL,0.30063291139240506,0.3639240506329114,0.40822784810126583,0.33544303797468356,0.34810126582278483,0.33860759493670883,0.3322784810126582,0.3037974683544304,0.2879746835443038,0.3037974683544304
377d5d88-9cac-4ac5-a9c1-2182c16663f5,318,QL,0.2996845425867508,0.3627760252365931,0.4069400630914827,0.334384858044164,0.3470031545741325,0.3438485804416404,0.3312302839116719,0.3028391167192429,0.2870662460567823,0.3028391167192429
377d5d88-9cac-4ac5-a9c1-2182c16663f5,319,QL,0.29874213836477986,0.37735849056603776,0.4056603773584906,0.3333333333333333,0.34591194968553457,0.34276729559748426,0.330188679245283,0.3018867924528302,0.2861635220125786,0.3018867924528302
377d5d88-9cac-4ac5-a9c1-2182c16663f5,320,QL,0.29780564263322884,0.3761755485893417,0.4043887147335423,0.3322884012539185,0.3448275862068966,0.34169278996865204,0.329153605015674,0.30094043887147337,0.29153605015673983,0.30094043887147337
377d5d88-9cac-4ac5-a9c1-2182c16663f5,321,QL,0.3125,0.375,0.403125,0.33125,0.34375,0.340625,0.328125,0.3,0.290625,0.3
377d5d88-9cac-4ac5-a9c1-2182c16663f5,322,QL,0.3115264797507788,0.37383177570093457,0.40186915887850466,0.3302180685358255,0.3426791277258567,0.3395638629283489,0.32710280373831774,0.3052959501557632,0.2897196261682243,0.29906542056074764
377d5d88-9cac-4ac5-a9c1-2182c16663f5,323,QL,0.3105590062111801,0.37267080745341613,0.40062111801242234,0.33540372670807456,0.3416149068322981,0.3385093167701863,0.32608695652173914,0.30434782608695654,0.2888198757763975,0.2981366459627329
377d5d88-9cac-4ac5-a9c1-2182c16663f5,324,QL,0.30959752321981426,0.38699690402476783,0.3993808049535604,0.33436532507739936,0.34055727554179566,0.33746130030959753,0.32507739938080493,0.30340557275541796,0.28792569659442724,0.29721362229102166
377d5d88-9cac-4ac5-a9c1-2182c16663f5,325,QL,0.30864197530864196,0.38580246913580246,0.39814814814814814,0.3333333333333333,0.3395061728395062,0.33641975308641975,0.3395061728395062,0.30246913580246915,0.28703703703703703,0.2962962962962963
377d5d88-9cac-4ac5-a9c1-2182c16663f5,326,QL,0.3076923076923077,0.38461538461538464,0.4123076923076923,0.3323076923076923,0.3384615384615385,0.3353846153846154,0.3384615384615385,0.30153846153846153,0.28615384615384615,0.2953846153846154
377d5d88-9cac-4ac5-a9c1-2182c16663f5,327,QL,0.3067484662576687,0.3834355828220859,0.4110429447852761,0.3312883435582822,0.34355828220858897,0.3343558282208589,0.3374233128834356,0.3006134969325153,0.2852760736196319,0.294478527607362
377d5d88-9cac-4ac5-a9c1-2182c16663f5,328,QL,0.3058103975535168,0.382262996941896,0.40978593272171254,0.3302752293577982,0.3425076452599388,0.3333333333333333,0.3363914373088685,0.2996941896024465,0.290519877675841,0.29357798165137616
377d5d88-9cac-4ac5-a9c1-2182c16663f5,329,QL,0.3048780487804878,0.38109756097560976,0.40853658536585363,0.32926829268292684,0.3445121951219512,0.3323170731707317,0.3353658536585366,0.29878048780487804,0.2896341463414634,0.2926829268292683
377d5d88-9cac-4ac5-a9c1-2182c16663f5,330,QL,0.303951367781155,0.3799392097264438,0.4072948328267477,0.3282674772036474,0.3434650455927052,0.331306990881459,0.3343465045592705,0.3100303951367781,0.2887537993920973,0.2917933130699088
377d5d88-9cac-4ac5-a9c1-2182c16663f5,331,QL,0.30303030303030304,0.3787878787878788,0.40606060606060607,0.34545454545454546,0.3424242424242424,0.3303030303030303,0.3333333333333333,0.3090909090909091,0.2878787878787879,0.2909090909090909
377d5d88-9cac-4ac5-a9c1-2182c16663f5,332,QL,0.3021148036253776,0.3776435045317221,0.40483383685800606,0.34441087613293053,0.3413897280966767,0.33534743202416917,0.3323262839879154,0.3081570996978852,0.28700906344410876,0.29003021148036257
377d5d88-9cac-4ac5-a9c1-2182c16663f5,333,QL,0.30120481927710846,0.3795180722891566,0.4036144578313253,0.3433734939759036,0.34036144578313254,0.33433734939759036,0.3313253012048193,0.3072289156626506,0.286144578313253,0.2891566265060241
377d5d88-9cac-4ac5-a9c1-2182c16663f5,334,QL,0.3003003003003003,0.3783783783783784,0.4024024024024024,0.34234234234234234,0.34534534534534533,0.3333333333333333,0.3303303303303303,0.3063063063063063,0.2852852852852853,0.2882882882882883
377d5d88-9cac-4ac5-a9c1-2182c16663f5,335,QL,0.2994011976047904,0.39221556886227543,0.40119760479041916,0.3413173652694611,0.344311377245509,0.3323353293413174,0.32934131736526945,0.30538922155688625,0.2844311377245509,0.2874251497005988
377d5d88-9cac-4ac5-a9c1-2182c16663f5,336,QL,0.29850746268656714,0.39104477611940297,0.4,0.35522388059701493,0.34328358208955223,0.33134328358208953,0.3283582089552239,0.3044776119402985,0.2835820895522388,0.2865671641791045
377d5d88-9cac-4ac5-a9c1-2182c16663f5,337,QL,0.2976190476190476,0.3898809523809524,0.39880952380952384,0.3541666666666667,0.34523809523809523,0.33035714285714285,0.3273809523809524,0.30357142857142855,0.28273809523809523,0.2857142857142857
377d5d88-9cac-4ac5-a9c1-2182c16663f5,338,QL,0.29673590504451036,0.3887240356083086,0.4035608308605341,0.35311572700296734,0.34421364985163205,0.3293768545994065,0.3264094955489614,0.3026706231454006,0.2818991097922849,0.28486646884273
377d5d88-9cac-4ac5-a9c1-2182c16663f5,339,QL,0.2958579881656805,0.3875739644970414,0.40532544378698226,0.3520710059171598,0.3431952662721893,0.32840236686390534,0.3254437869822485,0.30177514792899407,0.28106508875739644,0.28402366863905326
377d5d88-9cac-4ac5-a9c1-2182c16663f5,340,QL,0.2949852507374631,0.3864306784660767,0.40412979351032446,0.35103244837758113,0.35103244837758113,0.3274336283185841,0.32448377581120946,0.3008849557522124,0.28023598820059,0.2831858407079646
377d5d88-9cac-4ac5-a9c1-2182c16663f5,341,QL,0.29411764705882354,0.38529411764705884,0.40294117647058825,0.35,0.35,0.3264705882352941,0.3235294117647059,0.3029411764705882,0.27941176470588236,0.2823529411764706
377d5d88-9cac-4ac5-a9c1-2182c16663f5,342,QL,0.2932551319648094,0.3841642228739003,0.40175953079178883,0.3489736070381232,0.36363636363636365,0.3255131964809384,0.3225806451612903,0.3020527859237537,0.2785923753665689,0.28152492668621704
377d5d88-9cac-4ac5-a9c1-2182c16663f5,343,QL,0.29239766081871343,0.3830409356725146,0.40058479532163743,0.36257309941520466,0.36257309941520466,0.32456140350877194,0.3216374269005848,0.30116959064327486,0.2777777777777778,0.2807017543859649
377d5d88-9cac-4ac5-a9c1-2182c16663f5,344,QL,0.2915451895043732,0.3819241982507289,0.39941690962099125,0.36151603498542273,0.36151603498542273,0.33819241982507287,0.3206997084548105,0.30029154518950435,0.27696793002915454,0.27988338192419826
377d5d88-9cac-4ac5-a9c1-2182c16663f5,345,QL,0.29069767441860467,0.3808139534883721,0.39825581395348836,0.36046511627906974,0.36046511627906974,0.3372093023255814,0.33430232558139533,0.29941860465116277,0.2761627906976744,0.27906976744186046
377d5d88-9cac-4ac5-a9c1-2182c16663f5,346,QL,0.2898550724637681,0.37971014492753624,0.39710144927536234,0.35942028985507246,0.35942028985507246,0.336231884057971,0.3333333333333333,0.2985507246376812,0.2811594202898551,0.2782608695652174
377d5d88-9cac-4ac5-a9c1-2182c16663f5,347,QL,0.28901734104046245,0.38439306358381503,0.3959537572254335,0.3583815028901734,0.3583815028901734,0.3352601156069364,0.33236994219653176,0.2976878612716763,0.28034682080924855,0.2774566473988439
377d5d88-9cac-4ac5-a9c1-2182c16663f5,348,QL,0.2881844380403458,0.3919308357348703,0.39481268011527376,0.3573487031700288,0.3573487031700288,0.33429394812680113,0.3314121037463977,0.2968299711815562,0.27953890489913547,0.276657060518732
377d5d88-9cac-4ac5-a9c1-2182c16663f5,349,QL,0.28735632183908044,0.39080459770114945,0.3936781609195402,0.3563218390804598,0.3563218390804598,0.3333333333333333,0.33045977011494254,0.3103448275862069,0.27873563218390807,0.27586206896551724
377d5d88-9cac-4ac5-a9c1-2182c16663f5,350,QL,0.28653295128939826,0.3982808022922636,0.39255014326647564,0.3553008595988539,0.3553008595988539,0.332378223495702,0.32951289398280803,0.30945558739255014,0.27793696275071633,0.27507163323782235
377d5d88-9cac-4ac5-a9c1-2182c16663f5,351,QL,0.2857142857142857,0.4057142857142857,0.3914285714285714,0.35428571428571426,0.35428571428571426,0.3314285714285714,0.32857142857142857,0.30857142857142855,0.27714285714285714,0.2742857142857143
377d5d88-9cac-4ac5-a9c1-2182c16663f5,352,QL,0.2849002849002849,0.4045584045584046,0.396011396011396,0.35327635327635326,0.35327635327635326,0.33048433048433046,0.32763532763532766,0.3076923076923077,0.27635327635327633,0.27350427350427353
377d5d88-9cac-4ac5-a9c1-2182c16663f5,353,QL,0.2840909090909091,0.42045454545454547,0.39488636363636365,0.3522727272727273,0.3522727272727273,0.32954545454545453,0.32670454545454547,0.3068181818181818,0.2755681818181818,0.2727272727272727
377d5d88-9cac-4ac5-a9c1-2182c16663f5,354,QL,0.28328611898017,0.4192634560906516,0.40793201133144474,0.35127478753541075,0.35127478753541075,0.3286118980169972,0.32577903682719545,0.3059490084985836,0.2747875354107649,0.2719546742209632
377d5d88-9cac-4ac5-a9c1-2182c16663f5,355,QL,0.2966101694915254,0.4180790960451977,0.4067796610169492,0.3502824858757062,0.3502824858757062,0.327683615819209,0.3248587570621469,0.3050847457627119,0.2740112994350282,0.2711864406779661
377d5d88-9cac-4ac5-a9c1-2182c16663f5,356,QL,0.29577464788732394,0.4169014084507042,0.4056338028169014,0.3492957746478873,0.3492957746478873,0.3267605633802817,0.323943661971831,0.30422535211267604,0.27323943661971833,0.27605633802816903
377d5d88-9cac-4ac5-a9c1-2182c16663f5,357,QL,0.2949438202247191,0.4157303370786517,0.4044943820224719,0.3539325842696629,0.34831460674157305,0.3258426966292135,0.32303370786516855,0.30337078651685395,0.27247191011235955,0.2752808988764045
377d5d88-9cac-4ac5-a9c1-2182c16663f5,358,QL,0.29411764705882354,0.41456582633053224,0.4173669467787115,0.35294117647058826,0.3473389355742297,0.32492997198879553,0.32212885154061627,0.3025210084033613,0.27170868347338933,0.27450980392156865
377d5d88-9cac-4ac5-a9c1-2182c16663f5,359,QL,0.29329608938547486,0.4134078212290503,0.41620111731843573,0.3659217877094972,0.3463687150837989,0.3240223463687151,0.32122905027932963,0.3016759776536313,0.2709497206703911,0.2737430167597765
377d5d88-9cac-4ac5-a9c1-2182c16663f5,360,QL,0.2924791086350975,0.41225626740947074,0.415041782729805,0.3649025069637883,0.3593314763231198,0.3231197771587744,0.3203342618384401,0.3008356545961003,0.27019498607242337,0.27298050139275765
377d5d88-9cac-4ac5-a9c1-2182c16663f5,361,QL,0.2916666666666667,0.4111111111111111,0.41388888888888886,0.3638888888888889,0.35833333333333334,0.32222222222222224,0.3194444444444444,0.3055555555555556,0.26944444444444443,0.2722222222222222
377d5d88-9cac-4ac5-a9c1-2182c16663f5,362,QL,0.29085872576177285,0.4099722991689751,0.41274238227146814,0.3684210526315789,0.3573407202216066,0.32132963988919666,0.3185595567867036,0.3047091412742382,0.26869806094182824,0.27146814404432135
377d5d88-9cac-4ac5-a9c1-2182c16663f5,363,QL,0.2900552486187845,0.4088397790055249,0.4116022099447514,0.3674033149171271,0.356353591160221,0.32044198895027626,0.31767955801104975,0.31215469613259667,0.26795580110497236,0.27071823204419887
377d5d88-9cac-4ac5-a9c1-2182c16663f5,364,QL,0.2892561983471074,0.42424242424242425,0.41046831955922863,0.36639118457300274,0.35537190082644626,0.31955922865013775,0.3168044077134986,0.31129476584022037,0.26721763085399447,0.2699724517906336
377d5d88-9cac-4ac5-a9c1-2182c16663f5,365,QL,0.28846153846153844,0.4230769230769231,0.40934065934065933,0.36538461538461536,0.3543956043956044,0.31868131868131866,0.3159340659340659,0.31043956043956045,0.27197802197802196,0.2692307692307692
377d5d88-9cac-4ac5-a9c1-2182c16663f5,366,QL,0.2876712328767123,0.42191780821917807,0.40821917808219177,0.3643835616438356,0.35342465753424657,0.3178082191780822,0.3150684931506849,0.3095890410958904,0.27123287671232876,0.2821917808219178
377d5d88-9cac-4ac5-a9c1-2182c16663f5,367,QL,0.28688524590163933,0.4207650273224044,0.40710382513661203,0.37158469945355194,0.3524590163934426,0.31693989071038253,0.31420765027322406,0.3087431693989071,0.27049180327868855,0.2814207650273224
377d5d88-9cac-4ac5-a9c1-2182c16663f5,368,QL,0.28610354223433243,0.4223433242506812,0.40599455040871935,0.37057220708446864,0.35149863760217986,0.31607629427792916,0.3133514986376022,0.3079019073569482,0.26975476839237056,0.28065395095367845
377d5d88-9cac-4ac5-a9c1-2182c16663f5,369,QL,0.28532608695652173,0.421195652173913,0.4048913043478261,0.3695652173913043,0.35054347826086957,0.31521739130434784,0.3179347826086957,0.3070652173913043,0.26902173913043476,0.2798913043478261
377d5d88-9cac-4ac5-a9c1-2182c16663f5,370,QL,0.2845528455284553,0.42005420054200543,0.4037940379403794,0.3685636856368564,0.34959349593495936,0.3143631436314363,0.3170731707317073,0.3116531165311653,0.2682926829268293,0.2791327913279133
377d5d88-9cac-4ac5-a9c1-2182c16663f5,371,QL,0.28378378378378377,0.4189189189189189,0.41081081081081083,0.3675675675675676,0.34864864864864864,0.31351351351351353,0.3162162162162162,0.3108108108108108,0.26756756756756755,0.27837837837837837
377d5d88-9cac-4ac5-a9c1-2182c16663f5,372,QL,0.2830188679245283,0.41778975741239893,0.40970350404312667,0.3665768194070081,0.3477088948787062,0.31266846361185985,0.31536388140161725,0.32075471698113206,0.2668463611859838,0.2776280323450135
377d5d88-9cac-4ac5-a9c1-2182c16663f5,373,QL,0.28763440860215056,0.4166666666666667,0.40860215053763443,0.3655913978494624,0.3467741935483871,0.3118279569892473,0.31451612903225806,0.31989247311827956,0.2661290322580645,0.2768817204301075
377d5d88-9cac-4ac5-a9c1-2182c16663f5,374,QL,0.2868632707774799,0.4262734584450402,0.4075067024128686,0.3646112600536193,0.34584450402144773,0.3109919571045576,0.3136729222520107,0.3190348525469169,0.26541554959785524,0.2761394101876676
377d5d88-9cac-4ac5-a9c1-2182c16663f5,375,QL,0.28609625668449196,0.42513368983957217,0.42245989304812837,0.36363636363636365,0.3449197860962567,0.31016042780748665,0.31283422459893045,0.3181818181818182,0.2647058823529412,0.27540106951871657
377d5d88-9cac-4ac5-a9c1-2182c16663f5,376,QL,0.2853333333333333,0.424,0.42133333333333334,0.3626666666666667,0.344,0.30933333333333335,0.312,0.31733333333333336,0.272,0.27466666666666667
377d5d88-9cac-4ac5-a9c1-2182c16663f5,377,QL,0.2845744680851064,0.4228723404255319,0.42021276595744683,0.3617021276595745,0.34308510638297873,0.30851063829787234,0.31117021276595747,0.31648936170212766,0.2712765957446808,0.2845744680851064
377d5d88-9cac-4ac5-a9c1-2182c16663f5,378,QL,0.2838196286472148,0.4323607427055703,0.41909814323607425,0.36074270557029176,0.3421750663129973,0.3076923076923077,0.3103448275862069,0.3156498673740053,0.27055702917771884,0.2838196286472148
377d5d88-9cac-4ac5-a9c1-2182c16663f5,379,QL,0.2830687830687831,0.4312169312169312,0.41798941798941797,0.35978835978835977,0.3412698412698413,0.31216931216931215,0.30952380952380953,0.3148148148148148,0.2698412698412698,0.2830687830687831
377d5d88-9cac-4ac5-a9c1-2182c16663f5,380,QL,0.287598944591029,0.43007915567282323,0.41688654353562005,0.35883905013192613,0.3403693931398417,0.3113456464379947,0.3087071240105541,0.31398416886543534,0.2691292875989446,0.28232189973614774
377d5d88-9cac-4ac5-a9c1-2182c16663f5,381,QL,0.2868421052631579,0.42894736842105263,0.41578947368421054,0.35789473684210527,0.3394736842105263,0.3105263157894737,0.3078947368421053,0.3131578947368421,0.2736842105263158,0.28157894736842104
377d5d88-9cac-4ac5-a9c1-2182c16663f5,382,QL,0.28608923884514437,0.42782152230971127,0.4146981627296588,0.3569553805774278,0.33858267716535434,0.30971128608923887,0.30708661417322836,0.3228346456692913,0.27296587926509186,0.28083989501312334
377d5d88-9cac-4ac5-a9c1-2182c16663f5,383,QL,0.28534031413612565,0.42670157068062825,0.41361256544502617,0.35602094240837695,0.337696335078534,0.3089005235602094,0.306282722513089,0.3219895287958115,0.2801047120418848,0.2801047120418848
377d5d88-9cac-4ac5-a9c1-2182c16663f5,384,QL,0.2845953002610966,0.4255874673629243,0.412532637075718,0.35509138381201044,0.3368146214099217,0.30809399477806787,0.30548302872062666,0.32114882506527415,0.2793733681462141,0.2845953002610966
377d5d88-9cac-4ac5-a9c1-2182c16663f5,385,QL,0.2838541666666667,0.4244791666666667,0.4114583333333333,0.3541666666666667,0.3359375,0.3072916666666667,0.3046875,0.328125,0.2786458333333333,0.2838541666666667
377d5d88-9cac-4ac5-a9c1-2182c16663f5,386,QL,0.2831168831168831,0.42337662337662335,0.42337662337662335,0.35324675324675325,0.33506493506493507,0.3064935064935065,0.3038961038961039,0.32727272727272727,0.2779220779220779,0.2831168831168831
377d5d88-9cac-4ac5-a9c1-2182c16663f5,387,QL,0.2823834196891192,0.43005181347150256,0.422279792746114,0.35233160621761656,0.33419689119170987,0.30569948186528495,0.30310880829015546,0.32642487046632124,0.2772020725388601,0.2823834196891192
377d5d88-9cac-4ac5-a9c1-2182c16663f5,388,QL,0.28165374677002586,0.4289405684754522,0.4263565891472868,0.35142118863049093,0.3333333333333333,0.3049095607235142,0.3023255813953488,0.32558139534883723,0.27648578811369506,0.28165374677002586
377d5d88-9cac-4ac5-a9c1-2182c16663f5,389,QL,0.2809278350515464,0.42783505154639173,0.4252577319587629,0.35051546391752575,0.3324742268041237,0.30412371134020616,0.3015463917525773,0.3247422680412371,0.28350515463917525,0.2809278350515464
377d5d88-9cac-4ac5-a9c1-2182c16663f5,390,QL,0.2802056555269923,0.4267352185089974,0.4241645244215938,0.3496143958868895,0.33161953727506427,0.3033419023136247,0.31362467866323906,0.32390745501285345,0.2827763496143959,0.2802056555269923
377d5d88-9cac-4ac5-a9c1-2182c16663f5,391,QL,0.28205128205128205,0.4256410256410256,0.4230769230769231,0.3487179487179487,0.33076923076923076,0.30256410256410254,0.3128205128205128,0.3230769230769231,0.28205128205128205,0.2794871794871795
377d5d88-9cac-4ac5-a9c1-2182c16663f5,392,QL,0.2813299232736573,0.4322250639386189,0.4219948849104859,0.34782608695652173,0.329923273657289,0.30179028132992325,0.31202046035805625,0.32225063938618925,0.2813299232736573,0.27877237851662406
377d5d88-9cac-4ac5-a9c1-2182c16663f5,393,QL,0.28061224489795916,0.43112244897959184,0.42091836734693877,0.3469387755102041,0.32908163265306123,0.3010204081632653,0.31887755102040816,0.32142857142857145,0.28061224489795916,0.2780612244897959
377d5d88-9cac-4ac5-a9c1-2182c16663f5,394,QL,0.27989821882951654,0.4300254452926209,0.4198473282442748,0.3460559796437659,0.3282442748091603,0.30788804071246817,0.31806615776081426,0.32061068702290074,0.27989821882951654,0.27735368956743
377d5d88-9cac-4ac5-a9c1-2182c16663f5,395,QL,0.27918781725888325,0.4289340101522843,0.42385786802030456,0.34517766497461927,0.32741116751269034,0.30710659898477155,0.31725888324873097,0.3197969543147208,0.27918781725888325,0.2766497461928934
377d5d88-9cac-4ac5-a9c1-2182c16663f5,396,QL,0.27848101265822783,0.4278481012658228,0.42278481012658226,0.34430379746835443,0.3265822784810127,0.30632911392405066,0.3265822784810127,0.3189873417721519,0.27848101265822783,0.2759493670886076
377d5d88-9cac-4ac5-a9c1-2182c16663f5,397,QL,0.2777777777777778,0.42676767676767674,0.4217171717171717,0.3434343434343434,0.3409090909090909,0.3055555555555556,0.32575757575757575,0.3181818181818182,0.2777777777777778,0.27525252525252525
377d5d88-9cac-4ac5-a9c1-2182c16663f5,398,QL,0.2770780856423174,0.4256926952141058,0.42065491183879095,0.3425692695214106,0.34005037783375314,0.3047858942065491,0.3249370277078086,0.3224181360201511,0.2770780856423174,0.27455919395465994
377d5d88-9cac-4ac5-a9c1-2182c16663f5,399,QL,0.27638190954773867,0.42462311557788945,0.41959798994974873,0.3417085427135678,0.3391959798994975,0.30402010050251255,0.3241206030150754,0.3341708542713568,0.27638190954773867,0.27386934673366836
377d5d88-9cac-4ac5-a9c1-2182c16663f5,400,QL,0.2756892230576441,0.42857142857142855,0.41854636591478694,0.3408521303258145,0.3383458646616541,0.3032581453634085,0.3233082706766917,0.3333333333333333,0.2756892230576441,0.2731829573934837
377d5d88-9cac-4ac5-a9c1-2182c16663f5,401,QL,0.275,0.4275,0.4175,0.34,0.3375,0.3025,0.3225,0.3325,0.2825,0.2725
377d5d88-9cac-4ac5-a9c1-2182c16663f5,402,QL,0.2743142144638404,0.42643391521197005,0.4164588528678304,0.33915211970074816,0.34663341645885287,0.30174563591022446,0.32169576059850374,0.3316708229426434,0.2817955112219451,0.2718204488778055
377d5d88-9cac-4ac5-a9c1-2182c16663f5,403,QL,0.27860696517412936,0.4253731343283582,0.4154228855721393,0.3383084577114428,0.34577114427860695,0.3009950248756219,0.3208955223880597,0.3308457711442786,0.2810945273631841,0.27114427860696516
377d5d88-9cac-4ac5-a9c1-2182c16663f5,404,QL,0.27791563275434245,0.42431761786600497,0.4143920595533499,0.337468982630273,0.34491315136476425,0.31265508684863524,0.3200992555831266,0.33002481389578164,0.2803970223325062,0.2704714640198511
377d5d88-9cac-4ac5-a9c1-2182c16663f5,405,QL,0.27722772277227725,0.4282178217821782,0.41336633663366334,0.33663366336633666,0.34405940594059403,0.3118811881188119,0.3193069306930693,0.3292079207920792,0.27970297029702973,0.2698019801980198
377d5d88-9cac-4ac5-a9c1-2182c16663f5,406,QL,0.2765432098765432,0.4271604938271605,0.4123456790123457,0.3358024691358025,0.35555555555555557,0.3111111111111111,0.31851851851851853,0.32839506172839505,0.27901234567901234,0.2691358024691358
377d5d88-9cac-4ac5-a9c1-2182c16663f5,407,QL,0.27586206896551724,0.42610837438423643,0.41133004926108374,0.33497536945812806,0.35467980295566504,0.3103448275862069,0.3226600985221675,0.3275862068965517,0.27832512315270935,0.2684729064039409
377d5d88-9cac-4ac5-a9c1-2182c16663f5,408,QL,0.2751842751842752,0.4250614250614251,0.4103194103194103,0.33415233415233414,0.36117936117936117,0.3095823095823096,0.32186732186732187,0.32678132678132676,0.27764127764127766,0.2678132678132678
377d5d88-9cac-4ac5-a9c1-2182c16663f5,409,QL,0.27450980392156865,0.42401960784313725,0.40931372549019607,0.3382352941176471,0.3602941176470588,0.3088235294117647,0.32107843137254904,0.32598039215686275,0.2769607843137255,0.26715686274509803
377d5d88-9cac-4ac5-a9c1-2182c16663f5,410,QL,0.27383863080684595,0.4229828850855746,0.4083129584352078,0.3374083129584352,0.36185819070904646,0.3080684596577017,0.3202933985330073,0.3251833740831296,0.2762836185819071,0.2665036674816626
377d5d88-9cac-4ac5-a9c1-2182c16663f5,411,QL,0.2731707317073171,0.4219512195121951,0.4073170731707317,0.33658536585365856,0.36341463414634145,0.3073170731707317,0.3195121951219512,0.32439024390243903,0.275609756097561,0.2658536585365854
377d5d88-9cac-4ac5-a9c1-2182c16663f5,412,QL,0.2725060827250608,0.4209245742092457,0.40632603406326034,0.3357664233576642,0.36253041362530414,0.31143552311435524,0.31873479318734793,0.3236009732360097,0.2749391727493917,0.26520681265206814
377d5d88-9cac-4ac5-a9c1-2182c16663f5,413,QL,0.27184466019417475,0.4199029126213592,0.4053398058252427,0.33495145631067963,0.3616504854368932,0.3155339805825243,0.3179611650485437,0.32281553398058255,0.27427184466019416,0.2645631067961165
377d5d88-9cac-4ac5-a9c1-2182c16663f5,414,QL,0.2711864406779661,0.4188861985472155,0.4043583535108959,0.3389830508474576,0.36077481840193704,0.31476997578692495,0.3171912832929782,0.3220338983050847,0.2736077481840194,0.2639225181598063
377d5d88-9cac-4ac5-a9c1-2182c16663f5,415,QL,0.27053140096618356,0.4178743961352657,0.4033816425120773,0.33816425120772947,0.35990338164251207,0.3140096618357488,0.3164251207729469,0.32608695652173914,0.27294685990338163,0.2632850241545894
377d5d88-9cac-4ac5-a9c1-2182c16663f5,416,QL,0.26987951807228916,0.41686746987951806,0.40240963855421685,0.3373493975903614,0.35903614457831323,0.3132530120481928,0.3156626506024096,0.3253012048192771,0.27710843373493976,0.26265060240963856
377d5d88-9cac-4ac5-a9c1-2182c16663f5,417,QL,0.2692307692307692,0.41586538461538464,0.4014423076923077,0.33653846153846156,0.3581730769230769,0.3125,0.31490384615384615,0.3245192307692308,0.2764423076923077,0.27163461538461536
377d5d88-9cac-4ac5-a9c1-2182c16663f5,418,QL,0.2685851318944844,0.4148681055155875,0.40047961630695444,0.33573141486810554,0.35731414868105515,0.3117505995203837,0.31414868105515587,0.3237410071942446,0.27577937649880097,0.2709832134292566
377d5d88-9cac-4ac5-a9c1-2182c16663f5,419,QL,0.2822966507177033,0.4138755980861244,0.39952153110047844,0.3349282296650718,0.35645933014354064,0.31100478468899523,0.3133971291866029,0.3229665071770335,0.2751196172248804,0.2703349282296651
377d5d88-9cac-4ac5-a9c1-2182c16663f5,420,QL,0.28162291169451076,0.4128878281622912,0.39856801909307876,0.3341288782816229,0.3556085918854415,0.31026252983293556,0.3126491646778043,0.3221957040572792,0.2744630071599045,0.28162291169451076
377d5d88-9cac-4ac5-a9c1-2182c16663f5,421,QL,0.28095238095238095,0.4119047619047619,0.3976190476190476,0.3333333333333333,0.3547619047619048,0.30952380952380953,0.3119047619047619,0.3261904761904762,0.27380952380952384,0.28095238095238095
377d5d88-9cac-4ac5-a9c1-2182c16663f5,422,QL,0.28028503562945367,0.41092636579572445,0.39667458432304037,0.33966745843230406,0.35391923990498814,0.3087885985748218,0.31116389548693585,0.3254156769596199,0.27315914489311166,0.28028503562945367
377d5d88-9cac-4ac5-a9c1-2182c16663f5,423,QL,0.2796208530805687,0.4099526066350711,0.3957345971563981,0.33886255924170616,0.36492890995260663,0.3080568720379147,0.3104265402843602,0.3246445497630332,0.2725118483412322,0.2796208530805687
377d5d88-9cac-4ac5-a9c1-2182c16663f5,424,QL,0.2789598108747045,0.408983451536643,0.3947990543735225,0.3380614657210402,0.3640661938534279,0.3073286052009456,0.30969267139479906,0.32860520094562645,0.2718676122931442,0.2789598108747045
377d5d88-9cac-4ac5-a9c1-2182c16663f5,425,QL,0.2783018867924528,0.4080188679245283,0.3938679245283019,0.33726415094339623,0.3632075471698113,0.30660377358490565,0.3089622641509434,0.3278301886792453,0.2759433962264151,0.2783018867924528
377d5d88-9cac-4ac5-a9c1-2182c16663f5,426,QL,0.2776470588235294,0.40705882352941175,0.39294117647058824,0.33647058823529413,0.3623529411764706,0.3058823529411765,0.30823529411764705,0.3270588235294118,0.2752941176470588,0.2823529411764706
377d5d88-9cac-4ac5-a9c1-2182c16663f5,427,QL,0.27699530516431925,0.4061032863849765,0.392018779342723,0.33568075117370894,0.3615023474178404,0.3051643192488263,0.3075117370892019,0.32629107981220656,0.2793427230046948,0.28169014084507044
377d5d88-9cac-4ac5-a9c1-2182c16663f5,428,QL,0.27634660421545665,0.405152224824356,0.3911007025761124,0.33489461358313816,0.36065573770491804,0.3044496487119438,0.30679156908665106,0.3255269320843091,0.2786885245901639,0.2857142857142857
377d5d88-9cac-4ac5-a9c1-2182c16663f5,429,QL,0.28738317757009346,0.40420560747663553,0.3901869158878505,0.3341121495327103,0.3598130841121495,0.3037383177570093,0.3060747663551402,0.3247663551401869,0.2780373831775701,0.2850467289719626
377d5d88-9cac-4ac5-a9c1-2182c16663f5,430,QL,0.2867132867132867,0.40326340326340326,0.38927738927738925,0.3333333333333333,0.36596736596736595,0.30303030303030304,0.30536130536130535,0.32400932400932403,0.2773892773892774,0.28438228438228436
377d5d88-9cac-4ac5-a9c1-2182c16663f5,431,QL,0.28604651162790695,0.40232558139534885,0.3883720930232558,0.3325581395348837,0.36511627906976746,0.30930232558139537,0.30465116279069765,0.32325581395348835,0.27674418604651163,0.2837209302325581
377d5d88-9cac-4ac5-a9c1-2182c16663f5,432,QL,0.2853828306264501,0.4013921113689095,0.3874709976798144,0.33178654292343385,0.3642691415313225,0.3109048723897912,0.3039443155452436,0.3225058004640371,0.27610208816705334,0.28306264501160094
377d5d88-9cac-4ac5-a9c1-2182c16663f5,433,QL,0.2847222222222222,0.40046296296296297,0.38657407407407407,0.33101851851851855,0.36342592592592593,0.3101851851851852,0.30324074074074076,0.32175925925925924,0.27546296296296297,0.2847222222222222
377d5d88-9cac-4ac5-a9c1-2182c16663f5,434,QL,0.2840646651270208,0.3995381062355658,0.3856812933025404,0.3302540415704388,0.3648960739030023,0.3094688221709007,0.302540415704388,0.3210161662817552,0.2748267898383372,0.2840646651270208
377d5d88-9cac-4ac5-a9c1-2182c16663f5,435,QL,0.2834101382488479,0.4078341013824885,0.3847926267281106,0.3294930875576037,0.3640552995391705,0.3087557603686636,0.30184331797235026,0.32027649769585254,0.27419354838709675,0.2834101382488479
377d5d88-9cac-4ac5-a9c1-2182c16663f5,436,QL,0.2827586206896552,0.4068965517241379,0.3839080459770115,0.32873563218390806,0.37471264367816093,0.3080459770114943,0.30114942528735633,0.3195402298850575,0.2735632183908046,0.2827586206896552
377d5d88-9cac-4ac5-a9c1-2182c16663f5,437,QL,0.28211009174311924,0.4059633027522936,0.3830275229357798,0.32798165137614677,0.3738532110091743,0.3073394495412844,0.30045871559633025,0.3302752293577982,0.27293577981651373,0.28211009174311924
377d5d88-9cac-4ac5-a9c1-2182c16663f5,438,QL,0.2814645308924485,0.40503432494279173,0.38215102974828374,0.32723112128146453,0.37299771167048057,0.30663615560640733,0.2997711670480549,0.3295194508009153,0.2837528604118993,0.2814645308924485
377d5d88-9cac-4ac5-a9c1-2182c16663f5,439,QL,0.2808219178082192,0.4041095890410959,0.3812785388127854,0.3264840182648402,0.3721461187214612,0.3059360730593607,0.2990867579908676,0.3287671232876712,0.2922374429223744,0.2808219178082192
377d5d88-9cac-4ac5-a9c1-2182c16663f5,440,QL,0.28018223234624146,0.4031890660592255,0.3804100227790433,0.32574031890660593,0.3804100227790433,0.3052391799544419,0.2984054669703872,0.32801822323462415,0.29157175398633256,0.28018223234624146
377d5d88-9cac-4ac5-a9c1-2182c16663f5,441,QL,0.27954545454545454,0.4022727272727273,0.3795454545454545,0.325,0.3795454545454545,0.3181818181818182,0.29772727272727273,0.32727272727272727,0.2909090909090909,0.27954545454545454
377d5d88-9cac-4ac5-a9c1-2182c16663f5,442,QL,0.29024943310657597,0.4013605442176871,0.3786848072562358,0.3242630385487528,0.3786848072562358,0.31746031746031744,0.29705215419501135,0.32653061224489793,0.29024943310657597,0.2789115646258503
377d5d88-9cac-4ac5-a9c1-2182c16663f5,443,QL,0.2895927601809955,0.4004524886877828,0.3778280542986425,0.3235294117647059,0.3778280542986425,0.3167420814479638,0.29638009049773756,0.3257918552036199,0.2895927601809955,0.2828054298642534
377d5d88-9cac-4ac5-a9c1-2182c16663f5,444,QL,0.3002257336343115,0.39954853273137697,0.37697516930022573,0.3227990970654628,0.37697516930022573,0.3160270880361174,0.29571106094808125,0.32505643340857787,0.28893905191873587,0.28216704288939054
377d5d88-9cac-4ac5-a9c1-2182c16663f5,445,QL,0.29954954954954954,0.39864864864864863,0.3761261261261261,0.32207207207207206,0.3761261261261261,0.32207207207207206,0.29504504504504503,0.32432432432432434,0.2882882882882883,0.28153153153153154
377d5d88-9cac-4ac5-a9c1-2182c16663f5,446,QL,0.298876404494382,0.39775280898876403,0.3752808988764045,0.32134831460674157,0.3752808988764045,0.32134831460674157,0.2943820224719101,0.3235955056179775,0.2876404494382023,0.29213483146067415
377d5d88-9cac-4ac5-a9c1-2182c16663f5,447,QL,0.2982062780269058,0.3968609865470852,0.3744394618834081,0.32062780269058294,0.3744394618834081,0.32062780269058294,0.2982062780269058,0.32286995515695066,0.28699551569506726,0.2914798206278027
377d5d88-9cac-4ac5-a9c1-2182c16663f5,448,QL,0.2975391498881432,0.40268456375838924,0.37360178970917224,0.319910514541387,0.37360178970917224,0.319910514541387,0.2975391498881432,0.3221476510067114,0.28635346756152125,0.29082774049217003
377d5d88-9cac-4ac5-a9c1-2182c16663f5,449,QL,0.296875,0.4017857142857143,0.37276785714285715,0.31919642857142855,0.37276785714285715,0.31919642857142855,0.296875,0.32142857142857145,0.2857142857142857,0.2924107142857143
377d5d88-9cac-4ac5-a9c1-2182c16663f5,450,QL,0.2962138084632517,0.40089086859688194,0.37193763919821826,0.3184855233853007,0.3830734966592428,0.3184855233853007,0.2962138084632517,0.3207126948775056,0.28507795100222716,0.29175946547884185
377d5d88-9cac-4ac5-a9c1-2182c16663f5,451,QL,0.29555555555555557,0.4,0.3711111111111111,0.31777777777777777,0.38222222222222224,0.31777777777777777,0.29555555555555557,0.32,0.28888888888888886,0.2911111111111111
377d5d88-9cac-4ac5-a9c1-2182c16663f5,452,QL,0.29490022172949004,0.3991130820399113,0.37028824833702884,0.3170731707317073,0.38137472283813745,0.3170731707317073,0.29490022172949004,0.31929046563192903,0.28824833702882485,0.30155210643015523
377d5d88-9cac-4ac5-a9c1-2182c16663f5,453,QL,0.2942477876106195,0.39823008849557523,0.3694690265486726,0.3163716814159292,0.3805309734513274,0.3163716814159292,0.2942477876106195,0.3185840707964602,0.2920353982300885,0.3008849557522124
377d5d88-9cac-4ac5-a9c1-2182c16663f5,454,QL,0.293598233995585,0.3973509933774834,0.3730684326710817,0.31567328918322296,0.37969094922737306,0.31567328918322296,0.293598233995585,0.31788079470198677,0.2913907284768212,0.30022075055187636
377d5d88-9cac-4ac5-a9c1-2182c16663f5,455,QL,0.29295154185022027,0.3964757709251101,0.3722466960352423,0.31497797356828194,0.3788546255506608,0.31497797356828194,0.3039647577092511,0.31718061674008813,0.2907488986784141,0.29955947136563876
377d5d88-9cac-4ac5-a9c1-2182c16663f5,456,QL,0.2923076923076923,0.3956043956043956,0.37142857142857144,0.3142857142857143,0.378021978021978,0.3142857142857143,0.3142857142857143,0.31648351648351647,0.29010989010989013,0.2989010989010989
377d5d88-9cac-4ac5-a9c1-2182c16663f5,457,QL,0.2916666666666667,0.39473684210526316,0.3706140350877193,0.31359649122807015,0.37719298245614036,0.31359649122807015,0.31359649122807015,0.3157894736842105,0.2894736842105263,0.30043859649122806
377d5d88-9cac-4ac5-a9c1-2182c16663f5,458,QL,0.2910284463894967,0.3938730853391685,0.36980306345733044,0.31291028446389496,0.3785557986870897,0.31291028446389496,0.31291028446389496,0.3150984682713348,0.2888402625820569,0.29978118161925604
377d5d88-9cac-4ac5-a9c1-2182c16663f5,459,QL,0.29694323144104806,0.3930131004366812,0.36899563318777295,0.31222707423580787,0.3777292576419214,0.31222707423580787,0.31222707423580787,0.314410480349345,0.28820960698689957,0.29912663755458513
377d5d88-9cac-4ac5-a9c1-2182c16663f5,460,QL,0.2962962962962963,0.39215686274509803,0.3681917211328976,0.3224400871459695,0.3769063180827887,0.3115468409586057,0.3115468409586057,0.3137254901960784,0.2875816993464052,0.2984749455337691
377d5d88-9cac-4ac5-a9c1-2182c16663f5,461,QL,0.2956521739130435,0.391304347826087,0.3673913043478261,0.3217391304347826,0.3760869565217391,0.3108695652173913,0.3108695652173913,0.3130434782608696,0.28695652173913044,0.30869565217391304
377d5d88-9cac-4ac5-a9c1-2182c16663f5,462,QL,0.30585683297180044,0.39045553145336226,0.3665943600867679,0.3210412147505423,0.3752711496746204,0.31019522776572667,0.31019522776572667,0.3123644251626898,0.28633405639913234,0.3080260303687636
377d5d88-9cac-4ac5-a9c1-2182c16663f5,463,QL,0.3051948051948052,0.38961038961038963,0.3658008658008658,0.3203463203463203,0.37445887445887444,0.30952380952380953,0.30952380952380953,0.3246753246753247,0.2857142857142857,0.30735930735930733
377d5d88-9cac-4ac5-a9c1-2182c16663f5,464,QL,0.3045356371490281,0.38876889848812096,0.3693304535637149,0.31965442764578833,0.37365010799136067,0.30885529157667385,0.30885529157667385,0.32397408207343414,0.28509719222462204,0.30669546436285094
377d5d88-9cac-4ac5-a9c1-2182c16663f5,465,QL,0.30387931034482757,0.3879310344827586,0.36853448275862066,0.31896551724137934,0.3728448275862069,0.3081896551724138,0.3125,0.3232758620689655,0.28448275862068967,0.30603448275862066
377d5d88-9cac-4ac5-a9c1-2182c16663f5,466,QL,0.3032258064516129,0.3870967741935484,0.36774193548387096,0.31827956989247314,0.3763440860215054,0.30752688172043013,0.3118279569892473,0.3225806451612903,0.2838709677419355,0.3053763440860215
377d5d88-9cac-4ac5-a9c1-2182c16663f5,467,QL,0.30257510729613735,0.38626609442060084,0.37553648068669526,0.31759656652360513,0.37553648068669526,0.30686695278969955,0.3111587982832618,0.3218884120171674,0.2832618025751073,0.30472103004291845
377d5d88-9cac-4ac5-a9c1-2182c16663f5,468,QL,0.3019271948608137,0.3854389721627409,0.3747323340471092,0.3169164882226981,0.3747323340471092,0.30620985010706636,0.31049250535331907,0.32119914346895073,0.29336188436830835,0.30406852248394006
377d5d88-9cac-4ac5-a9c1-2182c16663f5,469,QL,0.30128205128205127,0.38461538461538464,0.37393162393162394,0.3162393162393162,0.3803418803418803,0.3055555555555556,0.30982905982905984,0.32051282051282054,0.29273504273504275,0.3034188034188034
377d5d88-9cac-4ac5-a9c1-2182c16663f5,470,QL,0.3006396588486141,0.3837953091684435,0.373134328358209,0.31556503198294245,0.3880597014925373,0.3049040511727079,0.3091684434968017,0.31982942430703626,0.2921108742004264,0.302771855010661
377d5d88-9cac-4ac5-a9c1-2182c16663f5,471,QL,0.3,0.3829787234042553,0.3723404255319149,0.3148936170212766,0.3872340425531915,0.30425531914893617,0.30851063829787234,0.3191489361702128,0.3021276595744681,0.3021276595744681
377d5d88-9cac-4ac5-a9c1-2182c16663f5,472,QL,0.29936305732484075,0.3821656050955414,0.37579617834394907,0.31422505307855625,0.386411889596603,0.3036093418259023,0.3078556263269639,0.3184713375796178,0.30148619957537154,0.30148619957537154
377d5d88-9cac-4ac5-a9c1-2182c16663f5,473,QL,0.298728813559322,0.3813559322033898,0.3855932203389831,0.3135593220338983,0.3855932203389831,0.3029661016949153,0.3072033898305085,0.3177966101694915,0.3008474576271186,0.3008474576271186
377d5d88-9cac-4ac5-a9c1-2182c16663f5,474,QL,0.29809725158562367,0.3890063424947146,0.38477801268498946,0.3128964059196617,0.38477801268498946,0.3023255813953488,0.30655391120507397,0.3171247357293869,0.30021141649048627,0.30021141649048627
377d5d88-9cac-4ac5-a9c1-2182c16663f5,475,QL,0.2974683544303797,0.3881856540084388,0.38396624472573837,0.31223628691983124,0.38396624472573837,0.30168776371308015,0.3059071729957806,0.31645569620253167,0.29957805907172996,0.30168776371308015
377d5d88-9cac-4ac5-a9c1-2182c16663f5,476,QL,0.2968421052631579,0.3873684210526316,0.3831578947368421,0.31157894736842107,0.3831578947368421,0.31157894736842107,0.30526315789473685,0.3157894736842105,0.29894736842105263,0.30105263157894735
377d5d88-9cac-4ac5-a9c1-2182c16663f5,477,QL,0.296218487394958,0.3865546218487395,0.38235294117647056,0.31092436974789917,0.38235294117647056,0.3172268907563025,0.30462184873949577,0.31512605042016806,0.29831932773109243,0.3004201680672269
377d5d88-9cac-4ac5-a9c1-2182c16663f5,478,QL,0.29559748427672955,0.3857442348008386,0.38155136268343814,0.31865828092243187,0.38155136268343814,0.3165618448637317,0.3039832285115304,0.31446540880503143,0.2976939203354298,0.29979035639413
377d5d88-9cac-4ac5-a9c1-2182c16663f5,479,QL,0.29497907949790797,0.38493723849372385,0.3807531380753138,0.3179916317991632,0.3891213389121339,0.3158995815899582,0.303347280334728,0.3138075313807531,0.29707112970711297,0.29916317991631797
377d5d88-9cac-4ac5-a9c1-2182c16663f5,480,QL,0.29436325678496866,0.38413361169102295,0.37995824634655534,0.3277661795407098,0.3883089770354906,0.31524008350730687,0.302713987473904,0.31315240083507306,0.2964509394572025,0.2985386221294363
377d5d88-9cac-4ac5-a9c1-2182c16663f5,481,QL,0.29375,0.38333333333333336,0.38958333333333334,0.32708333333333334,0.3875,0.3145833333333333,0.3020833333333333,0.3125,0.29583333333333334,0.29791666666666666
377d5d88-9cac-4ac5-a9c1-2182c16663f5,482,QL,0.29313929313929316,0.38253638253638256,0.3887733887733888,0.3264033264033264,0.39293139293139295,0.31392931392931395,0.30145530145530147,0.31185031185031187,0.29521829521829523,0.2972972972972973
377d5d88-9cac-4ac5-a9c1-2182c16663f5,483,QL,0.2925311203319502,0.3817427385892116,0.3900414937759336,0.3257261410788382,0.3921161825726141,0.3132780082987552,0.3008298755186722,0.3112033195020747,0.2946058091286307,0.2966804979253112
377d5d88-9cac-4ac5-a9c1-2182c16663f5,484,QL,0.2919254658385093,0.38095238095238093,0.38923395445134573,0.3250517598343685,0.391304347826087,0.31262939958592134,0.3002070393374741,0.3105590062111801,0.2939958592132505,0.3002070393374741
377d5d88-9cac-4ac5-a9c1-2182c16663f5,485,QL,0.29132231404958675,0.38016528925619836,0.40082644628099173,0.3243801652892562,0.390495867768595,0.3119834710743802,0.29958677685950413,0.30991735537190085,0.29338842975206614,0.29958677685950413
377d5d88-9cac-4ac5-a9c1-2182c16663f5,486,QL,0.2907216494845361,0.37938144329896906,0.4,0.3237113402061856,0.38969072164948454,0.3216494845360825,0.29896907216494845,0.30927835051546393,0.2927835051546392,0.29896907216494845
377d5d88-9cac-4ac5-a9c1-2182c16663f5,487,QL,0.29012345679012347,0.3786008230452675,0.3991769547325103,0.3230452674897119,0.3950617283950617,0.32098765432098764,0.29835390946502055,0.30864197530864196,0.29218106995884774,0.29835390946502055
377d5d88-9cac-4ac5-a9c1-2182c16663f5,488,QL,0.28952772073921973,0.37782340862423,0.40451745379876797,0.32238193018480493,0.3942505133470226,0.3203285420944558,0.29774127310061604,0.3080082135523614,0.2915811088295688,0.29774127310061604
377d5d88-9cac-4ac5-a9c1-2182c16663f5,489,QL,0.29713114754098363,0.3770491803278688,0.4036885245901639,0.32172131147540983,0.39344262295081966,0.319672131147541,0.29713114754098363,0.3073770491803279,0.29098360655737704,0.29713114754098363
377d5d88-9cac-4ac5-a9c1-2182c16663f5,490,QL,0.2965235173824131,0.37627811860940696,0.4069529652351738,0.3210633946830266,0.39263803680981596,0.31901840490797545,0.2965235173824131,0.3067484662576687,0.2903885480572597,0.2965235173824131
377d5d88-9cac-4ac5-a9c1-2182c16663f5,491,QL,0.29591836734693877,0.37551020408163266,0.4163265306122449,0.32040816326530613,0.39183673469387753,0.3183673469387755,0.29591836734693877,0.30612244897959184,0.2897959183673469,0.29591836734693877
377d5d88-9cac-4ac5-a9c1-2182c16663f5,492,QL,0.2953156822810591,0.37474541751527496,0.4154786150712831,0.319755600814664,0.3910386965376782,0.31771894093686354,0.3014256619144603,0.3054989816700611,0.2892057026476578,0.2953156822810591
377d5d88-9cac-4ac5-a9c1-2182c16663f5,493,QL,0.29471544715447157,0.37398373983739835,0.4146341463414634,0.31910569105691056,0.3902439024390244,0.3170731707317073,0.3008130081300813,0.3048780487804878,0.29878048780487804,0.29471544715447157
377d5d88-9cac-4ac5-a9c1-2182c16663f5,494,QL,0.29411764705882354,0.37322515212981744,0.4178498985801217,0.3184584178498986,0.3894523326572008,0.31643002028397565,0.3002028397565923,0.30425963488843816,0.29817444219066935,0.29411764705882354
377d5d88-9cac-4ac5-a9c1-2182c16663f5,495,QL,0.2935222672064777,0.3724696356275304,0.41700404858299595,0.31781376518218624,0.39473684210526316,0.3157894736842105,0.29959514170040485,0.30364372469635625,0.2975708502024291,0.2935222672064777
377d5d88-9cac-4ac5-a9c1-2182c16663f5,496,QL,0.29292929292929293,0.3717171717171717,0.4161616161616162,0.32525252525252524,0.3939393939393939,0.3151515151515151,0.298989898989899,0.30303030303030304,0.296969696969697,0.29292929292929293
377d5d88-9cac-4ac5-a9c1-2182c16663f5,497,QL,0.2923387096774194,0.3709677419354839,0.4153225806451613,0.3245967741935484,0.39314516129032256,0.31451612903225806,0.29838709677419356,0.3064516129032258,0.2963709677419355,0.2923387096774194
377d5d88-9cac-4ac5-a9c1-2182c16663f5,498,QL,0.2917505030181087,0.3722334004024145,0.41448692152917505,0.323943661971831,0.39235412474849096,0.31388329979879276,0.2977867203219316,0.3058350100603622,0.29577464788732394,0.2917505030181087
377d5d88-9cac-4ac5-a9c1-2182c16663f5,499,QL,0.29116465863453816,0.3714859437751004,0.41566265060240964,0.3232931726907631,0.39156626506024095,0.3132530120481928,0.2971887550200803,0.30522088353413657,0.29518072289156627,0.29116465863453816
377d5d88-9cac-4ac5-a9c1-2182c16663f5,500,QL,0.2905811623246493,0.374749498997996,0.4148296593186373,0.3226452905811623,0.3907815631262525,0.312625250501002,0.2965931863727455,0.3046092184368738,0.29458917835671344,0.2905811623246493
377d5d88-9cac-4ac5-a9c1-2182c16663f5,501,QL,0.296,0.374,0.414,0.322,0.39,0.312,0.296,0.304,0.294,0.29
377d5d88-9cac-4ac5-a9c1-2182c16663f5,502,QL,0.2954091816367265,0.37325349301397204,0.42115768463073855,0.3213572854291417,0.38922155688622756,0.31137724550898205,0.2954091816367265,0.3033932135728543,0.2934131736526946,0.2894211576846307
377d5d88-9cac-4ac5-a9c1-2182c16663f5,503,QL,0.2948207171314741,0.3784860557768924,0.4203187250996016,0.3207171314741036,0.3884462151394422,0.3107569721115538,0.2948207171314741,0.30278884462151395,0.29282868525896416,0.28884462151394424
377d5d88-9cac-4ac5-a9c1-2182c16663f5,504,QL,0.294234592445328,0.3797216699801193,0.4194831013916501,0.32007952286282304,0.38767395626242546,0.3101391650099404,0.294234592445328,0.30218687872763417,0.2922465208747515,0.2882703777335984
377d5d88-9cac-4ac5-a9c1-2182c16663f5,505,QL,0.29365079365079366,0.37896825396825395,0.41865079365079366,0.3194444444444444,0.3869047619047619,0.30952380952380953,0.29365079365079366,0.30158730158730157,0.30158730158730157,0.2876984126984127
377d5d88-9cac-4ac5-a9c1-2182c16663f5,506,QL,0.29306930693069305,0.3782178217821782,0.4178217821782178,0.3188118811881188,0.38613861386138615,0.3089108910891089,0.29306930693069305,0.30495049504950494,0.300990099009901,0.2871287128712871
377d5d88-9cac-4ac5-a9c1-2182c16663f5,507,QL,0.2924901185770751,0.3893280632411067,0.41699604743083,0.3181818181818182,0.38537549407114624,0.308300395256917,0.2924901185770751,0.30434782608695654,0.30039525691699603,0.2865612648221344
377d5d88-9cac-4ac5-a9c1-2182c16663f5,508,QL,0.29191321499013806,0.388560157790927,0.4161735700197239,0.3175542406311637,0.38461538461538464,0.3076923076923077,0.30177514792899407,0.3037475345167653,0.29980276134122286,0.2859960552268245
377d5d88-9cac-4ac5-a9c1-2182c16663f5,509,QL,0.29133858267716534,0.38779527559055116,0.4153543307086614,0.3169291338582677,0.3838582677165354,0.30708661417322836,0.30118110236220474,0.3090551181102362,0.2992125984251969,0.2854330708661417
377d5d88-9cac-4ac5-a9c1-2182c16663f5,510,QL,0.2907662082514735,0.38703339882121807,0.41453831041257366,0.3163064833005894,0.3889980353634578,0.30648330058939094,0.3005893909626719,0.30844793713163066,0.29862475442043224,0.28487229862475444
377d5d88-9cac-4ac5-a9c1-2182c16663f5,511,QL,0.2901960784313726,0.3862745098039216,0.4137254901960784,0.3156862745098039,0.38823529411764707,0.3058823529411765,0.3,0.31176470588235294,0.2980392156862745,0.28431372549019607
377d5d88-9cac-4ac5-a9c1-2182c16663f5,512,QL,0.2896281800391389,0.38551859099804303,0.41291585127201563,0.3150684931506849,0.38747553816046965,0.30528375733855184,0.299412915851272,0.3111545988258317,0.30528375733855184,0.2837573385518591
377d5d88-9cac-4ac5-a9c1-2182c16663f5,513,QL,0.2890625,0.384765625,0.412109375,0.314453125,0.38671875,0.30859375,0.298828125,0.310546875,0.3046875,0.283203125
377d5d88-9cac-4ac5-a9c1-2182c16663f5,514,QL,0.2884990253411306,0.3840155945419103,0.41130604288499023,0.3138401559454191,0.38596491228070173,0.3079922027290448,0.2982456140350877,0.30994152046783624,0.31189083820662766,0.2826510721247563
377d5d88-9cac-4ac5-a9c1-2182c16663f5,515,QL,0.28793774319066145,0.3832684824902724,0.41050583657587547,0.3132295719844358,0.39299610894941633,0.30739299610894943,0.29766536964980544,0.3093385214007782,0.311284046692607,0.2821011673151751
377d5d88-9cac-4ac5-a9c1-2182c16663f5,516,QL,0.287378640776699,0.3825242718446602,0.4097087378640777,0.312621359223301,0.39223300970873787,0.3067961165048544,0.2970873786407767,0.31650485436893205,0.3106796116504854,0.2815533980582524
377d5d88-9cac-4ac5-a9c1-2182c16663f5,517,QL,0.2868217054263566,0.3817829457364341,0.40891472868217055,0.312015503875969,0.39728682170542634,0.3062015503875969,0.29651162790697677,0.31589147286821706,0.31007751937984496,0.2810077519379845
377d5d88-9cac-4ac5-a9c1-2182c16663f5,518,QL,0.2862669245647969,0.38104448742746616,0.4081237911025145,0.3114119922630561,0.3965183752417795,0.3056092843326886,0.29593810444874274,0.3152804642166344,0.3152804642166344,0.2804642166344294
377d5d88-9cac-4ac5-a9c1-2182c16663f5,519,QL,0.2857142857142857,0.38996138996138996,0.40733590733590735,0.3108108108108108,0.39575289575289574,0.305019305019305,0.2953667953667954,0.31467181467181465,0.31467181467181465,0.2799227799227799
377d5d88-9cac-4ac5-a9c1-2182c16663f5,520,QL,0.28516377649325625,0.3892100192678227,0.40655105973025046,0.3140655105973025,0.394990366088632,0.3044315992292871,0.2947976878612717,0.3140655105973025,0.3140655105973025,0.279383429672447
377d5d88-9cac-4ac5-a9c1-2182c16663f5,521,QL,0.2846153846153846,0.38846153846153847,0.40576923076923077,0.31346153846153846,0.3942307692307692,0.3038461538461538,0.3038461538461538,0.31346153846153846,0.31346153846153846,0.27884615384615385
377d5d88-9cac-4ac5-a9c1-2182c16663f5,522,QL,0.2840690978886756,0.3877159309021113,0.4049904030710173,0.31477927063339733,0.3934740882917466,0.30326295585412666,0.30326295585412666,0.31285988483685223,0.31285988483685223,0.2783109404990403
377d5d88-9cac-4ac5-a9c1-2182c16663f5,523,QL,0.2835249042145594,0.38697318007662834,0.4042145593869732,0.31417624521072796,0.39272030651340994,0.31226053639846746,0.30268199233716475,0.31226053639846746,0.31226053639846746,0.2777777777777778
377d5d88-9cac-4ac5-a9c1-2182c16663f5,524,QL,0.2829827915869981,0.3862332695984704,0.4110898661567878,0.3135755258126195,0.3919694072657744,0.31166347992351817,0.30210325047801145,0.31166347992351817,0.31166347992351817,0.27724665391969405
377d5d88-9cac-4ac5-a9c1-2182c16663f5,525,QL,0.2824427480916031,0.38549618320610685,0.41030534351145037,0.31297709923664124,0.39122137404580154,0.3110687022900763,0.3015267175572519,0.3110687022900763,0.3110687022900763,0.2786259541984733
377d5d88-9cac-4ac5-a9c1-2182c16663f5,526,QL,0.2819047619047619,0.38476190476190475,0.4095238095238095,0.31238095238095237,0.3904761904761905,0.31047619047619046,0.30095238095238097,0.31047619047619046,0.31047619047619046,0.2780952380952381
377d5d88-9cac-4ac5-a9c1-2182c16663f5,527,QL,0.2813688212927757,0.3840304182509506,0.40874524714828897,0.311787072243346,0.3897338403041825,0.30988593155893535,0.3060836501901141,0.30988593155893535,0.30988593155893535,0.27756653992395436
377d5d88-9cac-4ac5-a9c1-2182c16663f5,528,QL,0.2808349146110057,0.38330170777988615,0.4079696394686907,0.3111954459203036,0.3889943074003795,0.3092979127134725,0.31499051233396586,0.3092979127134725,0.3092979127134725,0.27703984819734345
377d5d88-9cac-4ac5-a9c1-2182c16663f5,529,QL,0.2803030303030303,0.3939393939393939,0.4071969696969697,0.3106060606060606,0.38825757575757575,0.3087121212121212,0.3143939393939394,0.3087121212121212,0.3087121212121212,0.2765151515151515
377d5d88-9cac-4ac5-a9c1-2182c16663f5,530,QL,0.28733459357277885,0.3931947069943289,0.4064272211720227,0.31001890359168244,0.387523629489603,0.30812854442344045,0.31379962192816635,0.30812854442344045,0.30812854442344045,0.27599243856332706
377d5d88-9cac-4ac5-a9c1-2182c16663f5,531,QL,0.28679245283018867,0.39245283018867927,0.4056603773584906,0.30943396226415093,0.3867924528301887,0.30754716981132074,0.3132075471698113,0.3132075471698113,0.30754716981132074,0.27547169811320754
377d5d88-9cac-4ac5-a9c1-2182c16663f5,532,QL,0.2862523540489642,0.391713747645951,0.4048964218455744,0.3088512241054614,0.3879472693032015,0.3069679849340866,0.3126177024482109,0.3126177024482109,0.3069679849340866,0.2749529190207156
377d5d88-9cac-4ac5-a9c1-2182c16663f5,533,QL,0.2857142857142857,0.39097744360902253,0.4041353383458647,0.3082706766917293,0.39097744360902253,0.30639097744360905,0.31203007518796994,0.31203007518796994,0.30639097744360905,0.2744360902255639
377d5d88-9cac-4ac5-a9c1-2182c16663f5,534,QL,0.2851782363977486,0.3902439024390244,0.40337711069418386,0.31144465290806755,0.3902439024390244,0.3058161350844278,0.31144465290806755,0.31144465290806755,0.3058161350844278,0.27392120075046905
377d5d88-9cac-4ac5-a9c1-2182c16663f5,535,QL,0.2846441947565543,0.3895131086142322,0.40262172284644193,0.31086142322097376,0.3895131086142322,0.3052434456928839,0.31086142322097376,0.31086142322097376,0.3052434456928839,0.2808988764044944
377d5d88-9cac-4ac5-a9c1-2182c16663f5,536,QL,0.2841121495327103,0.38878504672897196,0.40186915887850466,0.3102803738317757,0.38878504672897196,0.30467289719626167,0.3102803738317757,0.3102803738317757,0.31588785046728973,0.2803738317757009
377d5d88-9cac-4ac5-a9c1-2182c16663f5,537,QL,0.2835820895522388,0.3880597014925373,0.40111940298507465,0.31343283582089554,0.3880597014925373,0.3041044776119403,0.30970149253731344,0.30970149253731344,0.31529850746268656,0.2798507462686567
377d5d88-9cac-4ac5-a9c1-2182c16663f5,538,QL,0.28305400372439476,0.38733705772811916,0.40782122905027934,0.3128491620111732,0.38733705772811916,0.30353817504655495,0.3091247672253259,0.3091247672253259,0.31471135940409684,0.27932960893854747
377d5d88-9cac-4ac5-a9c1-2182c16663f5,539,QL,0.2825278810408922,0.38661710037174724,0.4070631970260223,0.31226765799256506,0.38661710037174724,0.30297397769516726,0.30855018587360594,0.30855018587360594,0.3215613382899628,0.2788104089219331
377d5d88-9cac-4ac5-a9c1-2182c16663f5,540,QL,0.2820037105751391,0.38589981447124305,0.40630797773654914,0.3116883116883117,0.38589981447124305,0.30241187384044527,0.3079777365491651,0.3079777365491651,0.3209647495361781,0.2857142857142857
377d5d88-9cac-4ac5-a9c1-2182c16663f5,541,QL,0.2814814814814815,0.3888888888888889,0.40555555555555556,0.3111111111111111,0.3851851851851852,0.30185185185185187,0.3074074074074074,0.3074074074074074,0.32037037037037036,0.2851851851851852
377d5d88-9cac-4ac5-a9c1-2182c16663f5,542,QL,0.28835489833641403,0.38817005545286504,0.4048059149722736,0.31053604436229204,0.3844731977818854,0.30129390018484287,0.3068391866913124,0.3068391866913124,0.3197781885397412,0.2846580406654344
377d5d88-9cac-4ac5-a9c1-2182c16663f5,543,QL,0.2878228782287823,0.3874538745387454,0.4040590405904059,0.30996309963099633,0.3837638376383764,0.3007380073800738,0.3062730627306273,0.3118081180811808,0.3191881918819188,0.28413284132841327
377d5d88-9cac-4ac5-a9c1-2182c16663f5,544,QL,0.287292817679558,0.3867403314917127,0.40331491712707185,0.30939226519337015,0.3830570902394107,0.3001841620626151,0.30570902394106814,0.31123388581952116,0.31860036832412525,0.292817679558011
377d5d88-9cac-4ac5-a9c1-2182c16663f5,545,QL,0.2867647058823529,0.3860294117647059,0.4025735294117647,0.3088235294117647,0.38235294117647056,0.3088235294117647,0.30514705882352944,0.31066176470588236,0.3180147058823529,0.2922794117647059
377d5d88-9cac-4ac5-a9c1-2182c16663f5,546,QL,0.28623853211009176,0.3853211009174312,0.4018348623853211,0.30825688073394497,0.381651376146789,0.30825688073394497,0.30458715596330277,0.3100917431192661,0.3174311926605505,0.29541284403669726
377d5d88-9cac-4ac5-a9c1-2182c16663f5,547,QL,0.2857142857142857,0.38644688644688646,0.4010989010989011,0.3076923076923077,0.38095238095238093,0.3076923076923077,0.304029304029304,0.30952380952380953,0.31684981684981683,0.2948717948717949
377d5d88-9cac-4ac5-a9c1-2182c16663f5,548,QL,0.2851919561243144,0.3857404021937843,0.40036563071297987,0.3071297989031079,0.3857404021937843,0.3071297989031079,0.30347349177330896,0.30895795246800734,0.3162705667276051,0.2943327239488117
377d5d88-9cac-4ac5-a9c1-2182c16663f5,549,QL,0.2846715328467153,0.38503649635036497,0.39963503649635035,0.30656934306569344,0.38503649635036497,0.30656934306569344,0.30656934306569344,0.3083941605839416,0.3156934306569343,0.2937956204379562
377d5d88-9cac-4ac5-a9c1-2182c16663f5,550,QL,0.28415300546448086,0.3843351548269581,0.3989071038251366,0.30601092896174864,0.3843351548269581,0.30601092896174864,0.3151183970856102,0.30783242258652094,0.3151183970856102,0.29326047358834245
377d5d88-9cac-4ac5-a9c1-2182c16663f5,551,QL,0.28363636363636363,0.3836363636363636,0.3981818181818182,0.31636363636363635,0.3836363636363636,0.3054545454545455,0.3145454545454546,0.30727272727272725,0.3145454545454546,0.2927272727272727
377d5d88-9cac-4ac5-a9c1-2182c16663f5,552,QL,0.2831215970961887,0.38838475499092556,0.397459165154265,0.3157894736842105,0.38294010889292196,0.30490018148820325,0.3139745916515426,0.30671506352087113,0.3139745916515426,0.29219600725952816
377d5d88-9cac-4ac5-a9c1-2182c16663f5,553,QL,0.2826086956521739,0.38768115942028986,0.3967391304347826,0.31521739130434784,0.3822463768115942,0.30434782608695654,0.3188405797101449,0.3061594202898551,0.3134057971014493,0.2916666666666667
377d5d88-9cac-4ac5-a9c1-2182c16663f5,554,QL,0.2820976491862568,0.38698010849909587,0.4050632911392405,0.31464737793851716,0.38155515370705245,0.3037974683544304,0.3182640144665461,0.30560578661844484,0.3128390596745027,0.2911392405063291
377d5d88-9cac-4ac5-a9c1-2182c16663f5,555,QL,0.2815884476534296,0.3862815884476534,0.4043321299638989,0.3140794223826715,0.38086642599277976,0.30324909747292417,0.3176895306859206,0.30866425992779783,0.31227436823104693,0.29061371841155237
377d5d88-9cac-4ac5-a9c1-2182c16663f5,556,QL,0.2810810810810811,0.3855855855855856,0.4036036036036036,0.31351351351351353,0.3801801801801802,0.3027027027027027,0.3171171171171171,0.3081081081081081,0.3117117117117117,0.29009009009009007
377d5d88-9cac-4ac5-a9c1-2182c16663f5,557,QL,0.2805755395683453,0.38489208633093525,0.4028776978417266,0.3129496402877698,0.37949640287769787,0.302158273381295,0.31654676258992803,0.30935251798561153,0.31115107913669066,0.289568345323741
377d5d88-9cac-4ac5-a9c1-2182c16663f5,558,QL,0.2800718132854578,0.3895870736086176,0.4021543985637343,0.3123877917414722,0.37881508078994613,0.3016157989228007,0.31597845601436264,0.3087971274685817,0.3105924596050269,0.289048473967684
377d5d88-9cac-4ac5-a9c1-2182c16663f5,559,QL,0.27956989247311825,0.3888888888888889,0.4014336917562724,0.3118279569892473,0.3781362007168459,0.3010752688172043,0.31899641577060933,0.30824372759856633,0.3100358422939068,0.2885304659498208
377d5d88-9cac-4ac5-a9c1-2182c16663f5,560,QL,0.27906976744186046,0.3881932021466905,0.4007155635062612,0.3112701252236136,0.38640429338103754,0.3005366726296959,0.3184257602862254,0.3076923076923077,0.3094812164579606,0.2880143112701252
377d5d88-9cac-4ac5-a9c1-2182c16663f5,561,QL,0.2785714285714286,0.3964285714285714,0.4,0.3107142857142857,0.38571428571428573,0.3,0.31785714285714284,0.30714285714285716,0.30892857142857144,0.2875
377d5d88-9cac-4ac5-a9c1-2182c16663f5,562,QL,0.28698752228163993,0.39572192513368987,0.39928698752228164,0.31016042780748665,0.3850267379679144,0.2994652406417112,0.3172905525846702,0.3065953654188948,0.3083778966131907,0.28698752228163993
377d5d88-9cac-4ac5-a9c1-2182c16663f5,563,QL,0.28647686832740216,0.39501779359430605,0.400355871886121,0.3096085409252669,0.38434163701067614,0.298932384341637,0.3167259786476868,0.30604982206405695,0.30782918149466193,0.28647686832740216
377d5d88-9cac-4ac5-a9c1-2182c16663f5,564,QL,0.28596802841918295,0.39431616341030196,0.3996447602131439,0.30905861456483125,0.3836589698046181,0.2984014209591474,0.3197158081705151,0.30550621669627,0.30728241563055064,0.28596802841918295
377d5d88-9cac-4ac5-a9c1-2182c16663f5,565,QL,0.2854609929078014,0.39361702127659576,0.39893617021276595,0.30851063829787234,0.39184397163120566,0.2978723404255319,0.3191489361702128,0.3049645390070922,0.3067375886524823,0.2854609929078014
377d5d88-9cac-4ac5-a9c1-2182c16663f5,566,QL,0.2849557522123894,0.3929203539823009,0.39823008849557523,0.30796460176991153,0.3911504424778761,0.2973451327433628,0.3185840707964602,0.30619469026548674,0.30619469026548674,0.2849557522123894
377d5d88-9cac-4ac5-a9c1-2182c16663f5,567,QL,0.2862190812720848,0.392226148409894,0.39752650176678445,0.30742049469964666,0.39045936395759717,0.2968197879858657,0.31802120141342755,0.30565371024734983,0.30565371024734983,0.284452296819788
377d5d88-9cac-4ac5-a9c1-2182c16663f5,568,QL,0.2857142857142857,0.3915343915343915,0.3968253968253968,0.30687830687830686,0.3897707231040564,0.2962962962962963,0.31746031746031744,0.30511463844797176,0.30511463844797176,0.2927689594356261
377d5d88-9cac-4ac5-a9c1-2182c16663f5,569,QL,0.2852112676056338,0.3908450704225352,0.3961267605633803,0.30633802816901406,0.3890845070422535,0.301056338028169,0.31690140845070425,0.3045774647887324,0.3045774647887324,0.29225352112676056
377d5d88-9cac-4ac5-a9c1-2182c16663f5,570,QL,0.28471001757469244,0.39015817223198596,0.3954305799648506,0.30579964850615116,0.3884007029876977,0.30052724077328646,0.3163444639718805,0.30755711775043937,0.30404217926186294,0.29173989455184535
377d5d88-9cac-4ac5-a9c1-2182c16663f5,571,QL,0.28421052631578947,0.3894736842105263,0.39473684210526316,0.30526315789473685,0.387719298245614,0.3,0.3157894736842105,0.30701754385964913,0.30526315789473685,0.2912280701754386
377d5d88-9cac-4ac5-a9c1-2182c16663f5,572,QL,0.28371278458844135,0.38879159369527144,0.39404553415061294,0.30472854640980734,0.38704028021015763,0.29947460595446584,0.31523642732049034,0.3064798598949212,0.3134851138353765,0.29071803852889666
377d5d88-9cac-4ac5-a9c1-2182c16663f5,573,QL,0.28321678321678323,0.3881118881118881,0.39335664335664333,0.3041958041958042,0.38636363636363635,0.29895104895104896,0.3146853146853147,0.30594405594405594,0.3129370629370629,0.3006993006993007
377d5d88-9cac-4ac5-a9c1-2182c16663f5,574,QL,0.28272251308900526,0.387434554973822,0.39267015706806285,0.3036649214659686,0.38917975567190227,0.29842931937172773,0.31413612565445026,0.3054101221640489,0.31239092495637,0.30017452006980805
377d5d88-9cac-4ac5-a9c1-2182c16663f5,575,QL,0.28222996515679444,0.3867595818815331,0.39198606271777003,0.30313588850174217,0.3885017421602787,0.3048780487804878,0.313588850174216,0.3048780487804878,0.3118466898954704,0.29965156794425085
377d5d88-9cac-4ac5-a9c1-2182c16663f5,576,QL,0.2817391304347826,0.38608695652173913,0.391304347826087,0.3026086956521739,0.38782608695652177,0.30434782608695654,0.3130434782608696,0.30434782608695654,0.3182608695652174,0.2991304347826087
377d5d88-9cac-4ac5-a9c1-2182c16663f5,577,QL,0.28125,0.3854166666666667,0.390625,0.3020833333333333,0.3871527777777778,0.3072916666666667,0.3125,0.3038194444444444,0.3177083333333333,0.2986111111111111
377d5d88-9cac-4ac5-a9c1-2182c16663f5,578,QL,0.2807625649913345,0.3847487001733102,0.389948006932409,0.30329289428076256,0.38648180242634317,0.30675909878682844,0.3119584055459272,0.30329289428076256,0.317157712305026,0.29809358752166376
377d5d88-9cac-4ac5-a9c1-2182c16663f5,579,QL,0.28027681660899656,0.38408304498269896,0.3892733564013841,0.3027681660899654,0.38581314878892736,0.3062283737024221,0.32006920415224915,0.3027681660899654,0.3166089965397924,0.2975778546712803
377d5d88-9cac-4ac5-a9c1-2182c16663f5,580,QL,0.27979274611398963,0.38341968911917096,0.38860103626943004,0.3022452504317789,0.385146804835924,0.30569948186528495,0.31951640759930916,0.3022452504317789,0.31951640759930916,0.2970639032815199
377d5d88-9cac-4ac5-a9c1-2182c16663f5,581,QL,0.2793103448275862,0.3879310344827586,0.3879310344827586,0.3017241379310345,0.38448275862068965,0.30517241379310345,0.31896551724137934,0.3017241379310345,0.31896551724137934,0.296551724137931
377d5d88-9cac-4ac5-a9c1-2182c16663f5,582,QL,0.27882960413080893,0.387263339070568,0.387263339070568,0.30120481927710846,0.3838209982788296,0.31153184165232356,0.31841652323580033,0.30120481927710846,0.31841652323580033,0.29604130808950085
377d5d88-9cac-4ac5-a9c1-2182c16663f5,583,QL,0.27835051546391754,0.3865979381443299,0.3951890034364261,0.3006872852233677,0.38316151202749144,0.31099656357388317,0.3178694158075601,0.3006872852233677,0.3178694158075601,0.29553264604810997
377d5d88-9cac-4ac5-a9c1-2182c16663f5,584,QL,0.28130360205831906,0.38593481989708406,0.39451114922813035,0.30017152658662094,0.38250428816466553,0.31046312178387653,0.31732418524871353,0.30017152658662094,0.31732418524871353,0.2950257289879931
377d5d88-9cac-4ac5-a9c1-2182c16663f5,585,QL,0.2808219178082192,0.3852739726027397,0.3938356164383562,0.2996575342465753,0.3818493150684932,0.3099315068493151,0.3202054794520548,0.2996575342465753,0.3167808219178082,0.2945205479452055
377d5d88-9cac-4ac5-a9c1-2182c16663f5,586,QL,0.28034188034188035,0.38461538461538464,0.39316239316239315,0.29914529914529914,0.38290598290598293,0.3094017094017094,0.31965811965811963,0.29914529914529914,0.3162393162393162,0.294017094017094
377d5d88-9cac-4ac5-a9c1-2182c16663f5,587,QL,0.27986348122866894,0.3839590443686007,0.3993174061433447,0.2986348122866894,0.3822525597269625,0.30887372013651876,0.3191126279863481,0.2986348122866894,0.31569965870307165,0.2935153583617747
377d5d88-9cac-4ac5-a9c1-2182c16663f5,588,QL,0.27938671209540034,0.3833049403747871,0.3986371379897785,0.2981260647359455,0.38160136286201024,0.3083475298126065,0.3185689948892675,0.30153321976149916,0.3151618398637138,0.293015332197615
377d5d88-9cac-4ac5-a9c1-2182c16663f5,589,QL,0.2789115646258503,0.3826530612244898,0.3979591836734694,0.2976190476190476,0.38095238095238093,0.3078231292517007,0.31802721088435376,0.3010204081632653,0.31462585034013607,0.29591836734693877
377d5d88-9cac-4ac5-a9c1-2182c16663f5,590,QL,0.27843803056027167,0.38879456706281834,0.39728353140916806,0.29711375212224106,0.38030560271646857,0.3073005093378608,0.3174872665534805,0.300509337860781,0.3140916808149406,0.29541595925297115
377d5d88-9cac-4ac5-a9c1-2182c16663f5,591,QL,0.27796610169491526,0.38813559322033897,0.39661016949152544,0.2966101694915254,0.37966101694915255,0.30677966101694915,0.3169491525423729,0.3,0.3135593220338983,0.30338983050847457
377d5d88-9cac-4ac5-a9c1-2182c16663f5,592,QL,0.27749576988155666,0.38747884940778343,0.39593908629441626,0.2961082910321489,0.3790186125211506,0.3062605752961083,0.3248730964467005,0.29949238578680204,0.3130287648054145,0.30287648054145516
377d5d88-9cac-4ac5-a9c1-2182c16663f5,593,QL,0.27702702702702703,0.38682432432432434,0.3952702702702703,0.2956081081081081,0.38175675675675674,0.30574324324324326,0.32432432432432434,0.2989864864864865,0.3125,0.30236486486486486
377d5d88-9cac-4ac5-a9c1-2182c16663f5,594,QL,0.2765598650927487,0.38617200674536256,0.3946037099494098,0.2951096121416526,0.3811129848229342,0.30522765598650925,0.32377740303541314,0.2984822934232715,0.31197301854974707,0.30522765598650925
377d5d88-9cac-4ac5-a9c1-2182c16663f5,595,QL,0.2760942760942761,0.38552188552188554,0.3939393939393939,0.2946127946127946,0.38047138047138046,0.3047138047138047,0.32323232323232326,0.29797979797979796,0.32154882154882153,0.3047138047138047
377d5d88-9cac-4ac5-a9c1-2182c16663f5,596,QL,0.27563025210084036,0.38487394957983195,0.39327731092436974,0.29411764705882354,0.3798319327731092,0.3042016806722689,0.3226890756302521,0.30084033613445377,0.32100840336134456,0.3042016806722689
377d5d88-9cac-4ac5-a9c1-2182c16663f5,597,QL,0.2751677852348993,0.38422818791946306,0.3926174496644295,0.2936241610738255,0.37919463087248323,0.3036912751677852,0.3221476510067114,0.30033557046979864,0.3221476510067114,0.3036912751677852
377d5d88-9cac-4ac5-a9c1-2182c16663f5,598,QL,0.2747068676716918,0.38358458961474035,0.39195979899497485,0.2931323283082077,0.3852596314907873,0.30318257956448913,0.32160804020100503,0.2998324958123953,0.32160804020100503,0.30318257956448913
377d5d88-9cac-4ac5-a9c1-2182c16663f5,599,QL,0.27424749163879597,0.38294314381270905,0.391304347826087,0.29264214046822745,0.38461538461538464,0.30267558528428096,0.3210702341137124,0.2993311036789298,0.32274247491638797,0.30267558528428096
377d5d88-9cac-4ac5-a9c1-2182c16663f5,600,QL,0.27378964941569284,0.3823038397328882,0.39065108514190316,0.2921535893155259,0.38397328881469117,0.3055091819699499,0.32053422370617696,0.2988313856427379,0.32220367278797996,0.3021702838063439
377d5d88-9cac-4ac5-a9c1-2182c16663f5,601,QL,0.2733333333333333,0.38166666666666665,0.39,0.2916666666666667,0.38333333333333336,0.31166666666666665,0.32,0.29833333333333334,0.32166666666666666,0.3016666666666667
377d5d88-9cac-4ac5-a9c1-2182c16663f5,602,QL,0.27287853577371046,0.3810316139767055,0.389351081530782,0.2911813643926789,0.3826955074875208,0.31114808652246256,0.3211314475873544,0.2978369384359401,0.3211314475873544,0.3011647254575707
377d5d88-9cac-4ac5-a9c1-2182c16663f5,603,QL,0.2724252491694352,0.38704318936877075,0.38870431893687707,0.29069767441860467,0.38205980066445183,0.3106312292358804,0.32059800664451826,0.2973421926910299,0.32059800664451826,0.30066445182724255
377d5d88-9cac-4ac5-a9c1-2182c16663f5,604,QL,0.27197346600331673,0.3864013266998342,0.38971807628524047,0.2902155887230514,0.3814262023217247,0.3101160862354892,0.3200663349917081,0.296849087893864,0.3200663349917081,0.30016583747927034
377d5d88-9cac-4ac5-a9c1-2182c16663f5,605,QL,0.271523178807947,0.38576158940397354,0.3890728476821192,0.2897350993377483,0.3841059602649007,0.30960264900662254,0.3195364238410596,0.29635761589403975,0.3195364238410596,0.2996688741721854
377d5d88-9cac-4ac5-a9c1-2182c16663f5,606,QL,0.27107438016528923,0.3851239669421488,0.39669421487603307,0.2892561983471074,0.3834710743801653,0.3090909090909091,0.31900826446280994,0.2958677685950413,0.31900826446280994,0.2991735537190083
377d5d88-9cac-4ac5-a9c1-2182c16663f5,607,QL,0.2706270627062706,0.38613861386138615,0.39603960396039606,0.2887788778877888,0.38283828382838286,0.3085808580858086,0.3184818481848185,0.2953795379537954,0.3184818481848185,0.2986798679867987
377d5d88-9cac-4ac5-a9c1-2182c16663f5,608,QL,0.2701812191103789,0.385502471169687,0.3953871499176277,0.2883031301482702,0.38220757825370677,0.30807248764415157,0.31795716639209226,0.3014827018121911,0.31795716639209226,0.2981878088962109
377d5d88-9cac-4ac5-a9c1-2182c16663f5,609,QL,0.26973684210526316,0.38651315789473684,0.39473684210526316,0.2878289473684211,0.3815789473684211,0.30756578947368424,0.31743421052631576,0.30098684210526316,0.31743421052631576,0.29769736842105265
377d5d88-9cac-4ac5-a9c1-2182c16663f5,610,QL,0.26929392446633826,0.38587848932676516,0.39408866995073893,0.28735632183908044,0.38752052545155996,0.3070607553366174,0.3169129720853859,0.30049261083743845,0.3169129720853859,0.29720853858784896
377d5d88-9cac-4ac5-a9c1-2182c16663f5,611,QL,0.26885245901639343,0.38524590163934425,0.39344262295081966,0.28688524590163933,0.38688524590163936,0.30655737704918035,0.3163934426229508,0.3,0.3262295081967213,0.2967213114754098
377d5d88-9cac-4ac5-a9c1-2182c16663f5,612,QL,0.2684124386252046,0.38461538461538464,0.39279869067103107,0.29296235679214405,0.3862520458265139,0.3060556464811784,0.3158756137479542,0.2995090016366612,0.32569558101472995,0.29623567921440264
377d5d88-9cac-4ac5-a9c1-2182c16663f5,613,QL,0.2679738562091503,0.3839869281045752,0.40032679738562094,0.29248366013071897,0.38562091503267976,0.3055555555555556,0.315359477124183,0.29901960784313725,0.32516339869281047,0.2957516339869281
377d5d88-9cac-4ac5-a9c1-2182c16663f5,614,QL,0.26753670473083196,0.3866231647634584,0.399673735725938,0.29200652528548127,0.38499184339314846,0.30505709624796085,0.31484502446982054,0.29853181076672103,0.32463295269168024,0.29526916802610115
377d5d88-9cac-4ac5-a9c1-2182c16663f5,615,QL,0.2671009771986971,0.38599348534201955,0.3990228013029316,0.2931596091205212,0.38436482084690554,0.30456026058631924,0.31433224755700323,0.2980456026058632,0.3241042345276873,0.2947882736156352
377d5d88-9cac-4ac5-a9c1-2182c16663f5,616,QL,0.26666666666666666,0.3853658536585366,0.3983739837398374,0.2991869918699187,0.383739837398374,0.3040650406504065,0.31382113821138213,0.2975609756097561,0.3235772357723577,0.2943089430894309
377d5d88-9cac-4ac5-a9c1-2182c16663f5,617,QL,0.2662337662337662,0.3944805194805195,0.3977272727272727,0.2987012987012987,0.38311688311688313,0.30357142857142855,0.3133116883116883,0.29707792207792205,0.32305194805194803,0.29383116883116883
377d5d88-9cac-4ac5-a9c1-2182c16663f5,618,QL,0.26580226904376014,0.39384116693679094,0.39708265802269044,0.29821717990275526,0.3824959481361426,0.30307941653160453,0.31280388978930307,0.2965964343598055,0.3225283630470016,0.2965964343598055
377d5d88-9cac-4ac5-a9c1-2182c16663f5,619,QL,0.26537216828478966,0.3932038834951456,0.3964401294498382,0.2977346278317152,0.3818770226537217,0.30258899676375406,0.3122977346278317,0.2961165048543689,0.3268608414239482,0.2961165048543689
377d5d88-9cac-4ac5-a9c1-2182c16663f5,620,QL,0.2649434571890145,0.3925686591276252,0.39579967689822293,0.2972536348949919,0.38126009693053314,0.30210016155088854,0.3182552504038772,0.2956381260096931,0.3263327948303716,0.2956381260096931
377d5d88-9cac-4ac5-a9c1-2182c16663f5,621,QL,0.2645161290322581,0.3919354838709677,0.4,0.2967741935483871,0.38064516129032255,0.3016129032258065,0.317741935483871,0.29516129032258065,0.3258064516129032,0.29516129032258065
377d5d88-9cac-4ac5-a9c1-2182c16663f5,622,QL,0.2640901771336554,0.391304347826087,0.3993558776167472,0.2962962962962963,0.38003220611916266,0.30112721417069244,0.3172302737520129,0.30112721417069244,0.3252818035426731,0.2946859903381642
377d5d88-9cac-4ac5-a9c1-2182c16663f5,623,QL,0.26366559485530544,0.39067524115755625,0.40192926045016075,0.2958199356913183,0.37942122186495175,0.30064308681672025,0.3167202572347267,0.30064308681672025,0.3247588424437299,0.2942122186495177
377d5d88-9cac-4ac5-a9c1-2182c16663f5,624,QL,0.26324237560192615,0.3900481540930979,0.4044943820224719,0.2953451043338684,0.37881219903691815,0.3001605136436597,0.3162118780096308,0.3001605136436597,0.32423756019261635,0.29373996789727125
377d5d88-9cac-4ac5-a9c1-2182c16663f5,625,QL,0.26282051282051283,0.3894230769230769,0.40384615384615385,0.2948717948717949,0.3782051282051282,0.29967948717948717,0.3157051282051282,0.29967948717948717,0.32371794871794873,0.2932692307692308
377d5d88-9cac-4ac5-a9c1-2182c16663f5,626,QL,0.2624,0.3888,0.4032,0.2944,0.3776,0.2992,0.3184,0.2992,0.3232,0.2928
377d5d88-9cac-4ac5-a9c1-2182c16663f5,627,QL,0.26517571884984026,0.38817891373801916,0.402555910543131,0.2939297124600639,0.3769968051118211,0.2987220447284345,0.31789137380191695,0.2987220447284345,0.3226837060702875,0.29233226837060705
377d5d88-9cac-4ac5-a9c1-2182c16663f5,628,QL,0.2647527910685805,0.3875598086124402,0.4019138755980861,0.2934609250398724,0.3763955342902711,0.2982456140350877,0.31738437001594894,0.30462519936204147,0.32216905901116427,0.291866028708134
377d5d88-9cac-4ac5-a9c1-2182c16663f5,629,QL,0.2643312101910828,0.3869426751592357,0.4012738853503185,0.2929936305732484,0.37579617834394907,0.29777070063694266,0.31687898089171973,0.3073248407643312,0.321656050955414,0.2914012738853503
377d5d88-9cac-4ac5-a9c1-2182c16663f5,630,QL,0.26391096979332274,0.3863275039745628,0.40063593004769477,0.29252782193958665,0.3751987281399046,0.2972972972972973,0.3163751987281399,0.3068362480127186,0.32591414944356123,0.29093799682034976
377d5d88-9cac-4ac5-a9c1-2182c16663f5,631,QL,0.2634920634920635,0.38571428571428573,0.4,0.2920634920634921,0.3746031746031746,0.30158730158730157,0.31587301587301586,0.30634920634920637,0.3253968253968254,0.2904761904761905
377d5d88-9cac-4ac5-a9c1-2182c16663f5,632,QL,0.2630744849445325,0.38510301109350237,0.3993660855784469,0.29160063391442154,0.37400950871632327,0.3011093502377179,0.32171156893819336,0.3058637083993661,0.3248811410459588,0.2900158478605388
377d5d88-9cac-4ac5-a9c1-2182c16663f5,633,QL,0.2626582278481013,0.38449367088607594,0.40189873417721517,0.2911392405063291,0.37341772151898733,0.30063291139240506,0.3212025316455696,0.30537974683544306,0.32436708860759494,0.28955696202531644
377d5d88-9cac-4ac5-a9c1-2182c16663f5,634,QL,0.26224328593996843,0.38388625592417064,0.40126382306477093,0.29067930489731436,0.37282780410742494,0.3001579778830964,0.320695102685624,0.3048973143759874,0.32385466034755134,0.292259083728278
377d5d88-9cac-4ac5-a9c1-2182c16663f5,635,QL,0.2618296529968454,0.3832807570977918,0.40063091482649843,0.2902208201892745,0.3722397476340694,0.305993690851735,0.32018927444794953,0.30441640378548895,0.32334384858044163,0.2917981072555205
377d5d88-9cac-4ac5-a9c1-2182c16663f5,636,QL,0.2614173228346457,0.3826771653543307,0.4,0.29133858267716534,0.3716535433070866,0.30551181102362207,0.31968503937007875,0.30393700787401573,0.3228346456692913,0.29133858267716534
377d5d88-9cac-4ac5-a9c1-2182c16663f5,637,QL,0.2641509433962264,0.38207547169811323,0.39937106918238996,0.2908805031446541,0.3710691823899371,0.3050314465408805,0.3191823899371069,0.30345911949685533,0.3223270440251572,0.2908805031446541
377d5d88-9cac-4ac5-a9c1-2182c16663f5,638,QL,0.26373626373626374,0.3814756671899529,0.3987441130298273,0.2904238618524333,0.3704866562009419,0.304552590266876,0.32339089481946626,0.3029827315541601,0.3218210361067504,0.2904238618524333
377d5d88-9cac-4ac5-a9c1-2182c16663f5,639,QL,0.26332288401253917,0.38087774294670845,0.3981191222570533,0.28996865203761757,0.36990595611285265,0.30407523510971785,0.3322884012539185,0.30250783699059564,0.3213166144200627,0.28996865203761757
377d5d88-9cac-4ac5-a9c1-2182c16663f5,640,QL,0.26291079812206575,0.38028169014084506,0.3974960876369327,0.2895148669796557,0.37089201877934275,0.30359937402190923,0.3317683881064163,0.30203442879499215,0.3208137715179969,0.2895148669796557
377d5d88-9cac-4ac5-a9c1-2182c16663f5,641,QL,0.2625,0.3796875,0.396875,0.2890625,0.3703125,0.303125,0.334375,0.3015625,0.3203125,0.2890625
377d5d88-9cac-4ac5-a9c1-2182c16663f5,642,QL,0.26521060842433697,0.3790951638065523,0.3962558502340094,0.28861154446177845,0.36973478939157567,0.30265210608424337,0.3338533541341654,0.30109204368174725,0.31981279251170047,0.28861154446177845
377d5d88-9cac-4ac5-a9c1-2182c16663f5,643,QL,0.26479750778816197,0.37850467289719625,0.3956386292834891,0.2881619937694704,0.3691588785046729,0.30218068535825543,0.3333333333333333,0.308411214953271,0.31931464174454827,0.2881619937694704
377d5d88-9cac-4ac5-a9c1-2182c16663f5,644,QL,0.2643856920684292,0.37791601866251945,0.39502332814930013,0.28771384136858474,0.37169517884914466,0.30171073094867806,0.3328149300155521,0.30793157076205285,0.3188180404354588,0.28771384136858474
377d5d88-9cac-4ac5-a9c1-2182c16663f5,645,QL,0.2639751552795031,0.37732919254658387,0.39751552795031053,0.28726708074534163,0.37111801242236025,0.30124223602484473,0.33229813664596275,0.30745341614906835,0.31832298136645965,0.28726708074534163
377d5d88-9cac-4ac5-a9c1-2182c16663f5,646,QL,0.26666666666666666,0.3767441860465116,0.39689922480620154,0.2868217054263566,0.3705426356589147,0.30077519379844964,0.33178294573643413,0.30697674418604654,0.3178294573643411,0.2868217054263566
377d5d88-9cac-4ac5-a9c1-2182c16663f5,647,QL,0.26625386996904027,0.3761609907120743,0.39628482972136225,0.28637770897832815,0.369969040247678,0.30340557275541796,0.33126934984520123,0.3065015479876161,0.3173374613003096,0.28637770897832815
377d5d88-9cac-4ac5-a9c1-2182c16663f5,648,QL,0.26584234930448225,0.3755795981452859,0.3956723338485317,0.28593508500772796,0.3693972179289026,0.3029366306027821,0.33075734157650694,0.30602782071097373,0.321483771251932,0.28593508500772796
377d5d88-9cac-4ac5-a9c1-2182c16663f5,649,QL,0.26697530864197533,0.375,0.3950617283950617,0.2854938271604938,0.36882716049382713,0.30246913580246915,0.33024691358024694,0.3055555555555556,0.32098765432098764,0.2854938271604938
377d5d88-9cac-4ac5-a9c1-2182c16663f5,650,QL,0.2665639445300462,0.37442218798151,0.39445300462249616,0.2850539291217257,0.3682588597842835,0.3081664098613251,0.32973805855161786,0.3050847457627119,0.3204930662557781,0.2850539291217257
377d5d88-9cac-4ac5-a9c1-2182c16663f5,651,QL,0.26615384615384613,0.37384615384615383,0.39384615384615385,0.2846153846153846,0.3676923076923077,0.3123076923076923,0.3292307692307692,0.3046153846153846,0.32,0.2846153846153846
377d5d88-9cac-4ac5-a9c1-2182c16663f5,652,QL,0.26574500768049153,0.37327188940092165,0.3932411674347158,0.28417818740399386,0.3671274961597542,0.3118279569892473,0.32872503840245776,0.30414746543778803,0.3271889400921659,0.28417818740399386
377d5d88-9cac-4ac5-a9c1-2182c16663f5,653,QL,0.26533742331288346,0.3726993865030675,0.39263803680981596,0.2837423312883436,0.37423312883435583,0.3113496932515337,0.3282208588957055,0.30368098159509205,0.3266871165644172,0.2837423312883436
377d5d88-9cac-4ac5-a9c1-2182c16663f5,654,QL,0.2649310872894334,0.3721286370597244,0.39203675344563554,0.2833078101071976,0.37366003062787134,0.3124042879019908,0.327718223583461,0.30321592649310875,0.32618683001531396,0.2833078101071976
377d5d88-9cac-4ac5-a9c1-2182c16663f5,655,QL,0.26452599388379205,0.37155963302752293,0.39143730886850153,0.28287461773700306,0.3730886850152905,0.3119266055045872,0.327217125382263,0.30275229357798167,0.3256880733944954,0.28593272171253825
377d5d88-9cac-4ac5-a9c1-2182c16663f5,656,QL,0.2641221374045801,0.3709923664122137,0.39083969465648855,0.2824427480916031,0.37251908396946565,0.3114503816793893,0.3267175572519084,0.3053435114503817,0.3251908396946565,0.28549618320610687
377d5d88-9cac-4ac5-a9c1-2182c16663f5,657,QL,0.26371951219512196,0.3704268292682927,0.3902439024390244,0.2850609756097561,0.3719512195121951,0.31097560975609756,0.32621951219512196,0.3048780487804878,0.3246951219512195,0.2850609756097561
377d5d88-9cac-4ac5-a9c1-2182c16663f5,658,QL,0.2633181126331811,0.3698630136986301,0.3896499238964992,0.2846270928462709,0.3729071537290715,0.3105022831050228,0.3257229832572298,0.30441400304414,0.3242009132420091,0.2846270928462709
377d5d88-9cac-4ac5-a9c1-2182c16663f5,659,QL,0.2629179331306991,0.36930091185410335,0.3890577507598784,0.29027355623100304,0.3723404255319149,0.3100303951367781,0.3252279635258359,0.303951367781155,0.32370820668693007,0.28419452887537994
377d5d88-9cac-4ac5-a9c1-2182c16663f5,660,QL,0.26251896813353565,0.36874051593323215,0.3884673748103187,0.2898330804248862,0.37177541729893776,0.3110773899848255,0.32473444613050073,0.30349013657056145,0.3232169954476479,0.283763277693475
377d5d88-9cac-4ac5-a9c1-2182c16663f5,661,QL,0.26212121212121214,0.36818181818181817,0.3878787878787879,0.28939393939393937,0.3712121212121212,0.3106060606060606,0.3242424242424242,0.30303030303030304,0.32272727272727275,0.2924242424242424
377d5d88-9cac-4ac5-a9c1-2182c16663f5,662,QL,0.26626323751891073,0.367624810892587,0.38729198184568836,0.28895612708018154,0.37065052950075644,0.3101361573373676,0.3237518910741301,0.30257186081694404,0.32223903177004537,0.291981845688351
377d5d88-9cac-4ac5-a9c1-2182c16663f5,663,QL,0.26586102719033233,0.36706948640483383,0.3867069486404834,0.28851963746223563,0.37009063444108764,0.30966767371601206,0.32326283987915405,0.3021148036253776,0.3293051359516616,0.29154078549848944
377d5d88-9cac-4ac5-a9c1-2182c16663f5,664,QL,0.2654600301659125,0.3665158371040724,0.3861236802413273,0.28808446455505277,0.3770739064856712,0.3092006033182504,0.32277526395173456,0.30165912518853694,0.3288084464555053,0.2911010558069382
377d5d88-9cac-4ac5-a9c1-2182c16663f5,665,QL,0.26506024096385544,0.36596385542168675,0.3855421686746988,0.2876506024096386,0.37650602409638556,0.3102409638554217,0.32228915662650603,0.30120481927710846,0.32831325301204817,0.29066265060240964
377d5d88-9cac-4ac5-a9c1-2182c16663f5,666,QL,0.2646616541353383,0.36541353383458647,0.3849624060150376,0.2887218045112782,0.37593984962406013,0.3097744360902256,0.3218045112781955,0.3007518796992481,0.32781954887218046,0.29022556390977444
377d5d88-9cac-4ac5-a9c1-2182c16663f5,667,QL,0.26426426426426425,0.36786786786786785,0.3843843843843844,0.2882882882882883,0.37537537537537535,0.30930930930930933,0.3213213213213213,0.3003003003003003,0.32732732732732733,0.2897897897897898
377d5d88-9cac-4ac5-a9c1-2182c16663f5,668,QL,0.2638680659670165,0.36731634182908546,0.383808095952024,0.2938530734632684,0.3748125937031484,0.30884557721139433,0.32083958020989506,0.29985007496251875,0.3268365817091454,0.2893553223388306
377d5d88-9cac-4ac5-a9c1-2182c16663f5,669,QL,0.2634730538922156,0.36676646706586824,0.38323353293413176,0.2934131736526946,0.37425149700598803,0.3083832335329341,0.3278443113772455,0.2994011976047904,0.3263473053892216,0.28892215568862273
377d5d88-9cac-4ac5-a9c1-2182c16663f5,670,QL,0.26307922272047835,0.3662182361733931,0.38266068759342303,0.2929745889387145,0.37369207772795215,0.30792227204783257,0.3273542600896861,0.29895366218236175,0.33183856502242154,0.2884902840059791
377d5d88-9cac-4ac5-a9c1-2182c16663f5,671,QL,0.2626865671641791,0.3656716417910448,0.382089552238806,0.29253731343283584,0.3776119402985075,0.3074626865671642,0.32686567164179103,0.29850746268656714,0.33134328358208953,0.2880597014925373
377d5d88-9cac-4ac5-a9c1-2182c16663f5,672,QL,0.26229508196721313,0.3651266766020864,0.38152011922503726,0.29210134128166915,0.38002980625931443,0.30700447093889716,0.3263785394932936,0.29806259314456035,0.33084947839046197,0.28763040238450077
377d5d88-9cac-4ac5-a9c1-2182c16663f5,673,QL,0.2619047619047619,0.3645833333333333,0.38244047619047616,0.2916666666666667,0.3794642857142857,0.30654761904761907,0.32589285714285715,0.2976190476190476,0.33035714285714285,0.28720238095238093
377d5d88-9cac-4ac5-a9c1-2182c16663f5,674,QL,0.26151560178306094,0.3640416047548291,0.3818722139673105,0.2912332838038633,0.3789004457652303,0.3060921248142645,0.3298662704309064,0.2971768202080238,0.3298662704309064,0.2867756315007429
377d5d88-9cac-4ac5-a9c1-2182c16663f5,675,QL,0.26112759643916916,0.36350148367952523,0.38130563798219586,0.29080118694362017,0.38130563798219586,0.3056379821958457,0.3293768545994065,0.29673590504451036,0.3293768545994065,0.28635014836795253
377d5d88-9cac-4ac5-a9c1-2182c16663f5,676,QL,0.2607407407407407,0.362962962962963,0.38074074074074077,0.2962962962962963,0.38074074074074077,0.30518518518518517,0.3288888888888889,0.2962962962962963,0.3288888888888889,0.2859259259259259
377d5d88-9cac-4ac5-a9c1-2182c16663f5,677,QL,0.2603550295857988,0.3624260355029586,0.3801775147928994,0.30029585798816566,0.3801775147928994,0.3047337278106509,0.32840236686390534,0.2958579881656805,0.32840236686390534,0.28550295857988167
377d5d88-9cac-4ac5-a9c1-2182c16663f5,678,QL,0.25997045790251105,0.36779911373707536,0.37961595273264404,0.2998522895125554,0.37961595273264404,0.30428360413589367,0.32791728212703103,0.29542097488921715,0.32791728212703103,0.28508124076809455
377d5d88-9cac-4ac5-a9c1-2182c16663f5,679,QL,0.25958702064896755,0.3672566371681416,0.37905604719764013,0.2994100294985251,0.37905604719764013,0.30383480825958703,0.3303834808259587,0.2949852507374631,0.3274336283185841,0.28466076696165193
377d5d88-9cac-4ac5-a9c1-2182c16663f5,680,QL,0.25920471281296026,0.36671575846833576,0.3784977908689249,0.29896907216494845,0.3784977908689249,0.30338733431516934,0.32989690721649484,0.29455081001472755,0.3269513991163476,0.28865979381443296
377d5d88-9cac-4ac5-a9c1-2182c16663f5,681,QL,0.26176470588235295,0.36617647058823527,0.3779411764705882,0.2985294117647059,0.3779411764705882,0.3029411764705882,0.32941176470588235,0.29411764705882354,0.3264705882352941,0.28823529411764703
377d5d88-9cac-4ac5-a9c1-2182c16663f5,682,QL,0.26138032305433184,0.3656387665198238,0.37738619676945667,0.29809104258443464,0.37738619676945667,0.302496328928047,0.328928046989721,0.2936857562408223,0.33186490455212925,0.2878120411160059
377d5d88-9cac-4ac5-a9c1-2182c16663f5,683,QL,0.26099706744868034,0.3651026392961877,0.37683284457478006,0.29765395894428154,0.37683284457478006,0.3020527859237537,0.3284457478005865,0.2932551319648094,0.34017595307917886,0.2873900293255132
377d5d88-9cac-4ac5-a9c1-2182c16663f5,684,QL,0.26061493411420206,0.3645680819912152,0.3762811127379209,0.2972181551976574,0.3821376281112738,0.30161054172767204,0.3279648609077599,0.29282576866764276,0.3396778916544656,0.2869692532942899
377d5d88-9cac-4ac5-a9c1-2182c16663f5,685,QL,0.260233918128655,0.36403508771929827,0.3757309941520468,0.29678362573099415,0.3815789473684211,0.30116959064327486,0.32748538011695905,0.29239766081871343,0.34210526315789475,0.28654970760233917
377d5d88-9cac-4ac5-a9c1-2182c16663f5,686,QL,0.25985401459854013,0.3635036496350365,0.37518248175182484,0.29635036496350364,0.381021897810219,0.30364963503649633,0.327007299270073,0.291970802919708,0.3416058394160584,0.28613138686131384
377d5d88-9cac-4ac5-a9c1-2182c16663f5,687,QL,0.2594752186588921,0.3629737609329446,0.37900874635568516,0.29591836734693877,0.380466472303207,0.3032069970845481,0.32653061224489793,0.2915451895043732,0.34110787172011664,0.2857142857142857
377d5d88-9cac-4ac5-a9c1-2182c16663f5,688,QL,0.2590975254730713,0.3624454148471616,0.3784570596797671,0.2954876273653566,0.3799126637554585,0.3027656477438137,0.3260553129548763,0.2954876273653566,0.3406113537117904,0.2852983988355167
377d5d88-9cac-4ac5-a9c1-2182c16663f5,689,QL,0.25872093023255816,0.36191860465116277,0.37790697674418605,0.29505813953488375,0.3793604651162791,0.3023255813953488,0.32848837209302323,0.29505813953488375,0.34011627906976744,0.28488372093023256
377d5d88-9cac-4ac5-a9c1-2182c16663f5,690,QL,0.25834542815674894,0.3613933236574746,0.37735849056603776,0.2946298984034833,0.3788098693759071,0.3018867924528302,0.32801161103047893,0.30043541364296084,0.33962264150943394,0.2844702467343977
377d5d88-9cac-4ac5-a9c1-2182c16663f5,691,QL,0.263768115942029,0.36086956521739133,0.37681159420289856,0.2942028985507246,0.3782608695652174,0.30144927536231886,0.32753623188405795,0.3,0.3391304347826087,0.28405797101449276
377d5d88-9cac-4ac5-a9c1-2182c16663f5,692,QL,0.2633863965267728,0.36034732272069464,0.37626628075253254,0.29667149059334297,0.37771345875542695,0.30101302460202606,0.32706222865412443,0.2995658465991317,0.3386396526772793,0.28364688856729375
377d5d88-9cac-4ac5-a9c1-2182c16663f5,693,QL,0.2630057803468208,0.3598265895953757,0.37572254335260113,0.29624277456647397,0.37716763005780346,0.30346820809248554,0.3265895953757225,0.2991329479768786,0.33815028901734107,0.2832369942196532
377d5d88-9cac-4ac5-a9c1-2182c16663f5,694,QL,0.26262626262626265,0.3593073593073593,0.37518037518037517,0.2958152958152958,0.37662337662337664,0.30303030303030304,0.329004329004329,0.2987012987012987,0.33766233766233766,0.2828282828282828
377d5d88-9cac-4ac5-a9c1-2182c16663f5,695,QL,0.2622478386167147,0.35878962536023057,0.3746397694524496,0.2953890489913545,0.37896253602305474,0.3025936599423631,0.3285302593659942,0.29827089337175794,0.3371757925072046,0.2824207492795389
377d5d88-9cac-4ac5-a9c1-2182c16663f5,696,QL,0.26187050359712233,0.35827338129496406,0.37985611510791367,0.2949640287769784,0.37841726618705035,0.302158273381295,0.32805755395683456,0.29784172661870506,0.3366906474820144,0.2820143884892086
377d5d88-9cac-4ac5-a9c1-2182c16663f5,697,QL,0.2614942528735632,0.3577586206896552,0.3793103448275862,0.29454022988505746,0.37787356321839083,0.3017241379310345,0.3275862068965517,0.2974137931034483,0.33764367816091956,0.28160919540229884
377d5d88-9cac-4ac5-a9c1-2182c16663f5,698,QL,0.2611190817790531,0.35724533715925394,0.3787661406025825,0.29411764705882354,0.37733142037302725,0.30703012912482064,0.32711621233859395,0.296987087517934,0.33715925394548063,0.2812051649928264
377d5d88-9cac-4ac5-a9c1-2182c16663f5,699,QL,0.2636103151862464,0.35673352435530087,0.37822349570200575,0.29369627507163326,0.37679083094555876,0.30659025787965616,0.32664756446991405,0.29656160458452724,0.336676217765043,0.2808022922636103
377d5d88-9cac-4ac5-a9c1-2182c16663f5,700,QL,0.2632331902718169,0.3562231759656652,0.3776824034334764,0.2932761087267525,0.37625178826895567,0.3090128755364807,0.3261802575107296,0.296137339055794,0.3361945636623748,0.2804005722460658
377d5d88-9cac-4ac5-a9c1-2182c16663f5,701,QL,0.26285714285714284,0.3557142857142857,0.38571428571428573,0.29285714285714287,0.3757142857142857,0.30857142857142855,0.32571428571428573,0.2957142857142857,0.3357142857142857,0.28
377d5d88-9cac-4ac5-a9c1-2182c16663f5,702,QL,0.2624821683309558,0.35520684736091296,0.38516405135520687,0.29243937232524964,0.3751783166904422,0.30813124108416545,0.3252496433666191,0.29529243937232524,0.33808844507845937,0.2796005706134094
377d5d88-9cac-4ac5-a9c1-2182c16663f5,703,QL,0.2621082621082621,0.3547008547008547,0.38461538461538464,0.292022792022792,0.37464387464387466,0.3091168091168091,0.3247863247863248,0.2948717948717949,0.33760683760683763,0.2792022792022792
377d5d88-9cac-4ac5-a9c1-2182c16663f5,704,QL,0.26173541963015645,0.3541963015647226,0.3840682788051209,0.29160739687055476,0.3783783783783784,0.30867709815078237,0.32432432432432434,0.29445234708392604,0.33712660028449504,0.27880512091038406
377d5d88-9cac-4ac5-a9c1-2182c16663f5,705,QL,0.26136363636363635,0.3536931818181818,0.39204545454545453,0.2911931818181818,0.3778409090909091,0.30823863636363635,0.32386363636363635,0.2940340909090909,0.3366477272727273,0.2784090909090909
377d5d88-9cac-4ac5-a9c1-2182c16663f5,706,QL,0.26099290780141843,0.35319148936170214,0.39148936170212767,0.2907801418439716,0.3773049645390071,0.3078014184397163,0.3276595744680851,0.2936170212765957,0.33617021276595743,0.27801418439716313
377d5d88-9cac-4ac5-a9c1-2182c16663f5,707,QL,0.26062322946175637,0.358356940509915,0.3909348441926346,0.29036827195467424,0.37677053824362605,0.3073654390934844,0.3271954674220963,0.29320113314447593,0.3356940509915014,0.2776203966005666
377d5d88-9cac-4ac5-a9c1-2182c16663f5,708,QL,0.26025459688826025,0.3620933521923621,0.39038189533239037,0.28995756718529,0.37623762376237624,0.3069306930693069,0.32673267326732675,0.2927864214992928,0.3352192362093352,0.27722772277227725
377d5d88-9cac-4ac5-a9c1-2182c16663f5,709,QL,0.2598870056497175,0.3615819209039548,0.3898305084745763,0.2895480225988701,0.3757062146892655,0.3064971751412429,0.326271186440678,0.2923728813559322,0.3347457627118644,0.2782485875706215
377d5d88-9cac-4ac5-a9c1-2182c16663f5,710,QL,0.2623413258110014,0.3610719322990127,0.38928067700987307,0.28913963328631875,0.3751763046544429,0.306064880112835,0.32581100141043723,0.2919605077574048,0.3342736248236953,0.2778561354019746
377d5d88-9cac-4ac5-a9c1-2182c16663f5,711,QL,0.2619718309859155,0.36056338028169016,0.38873239436619716,0.2887323943661972,0.37464788732394366,0.3056338028169014,0.32535211267605635,0.2915492957746479,0.33380281690140845,0.2802816901408451
377d5d88-9cac-4ac5-a9c1-2182c16663f5,712,QL,0.2616033755274262,0.360056258790436,0.3881856540084388,0.2939521800281294,0.37412095639943743,0.30520393811533053,0.32489451476793246,0.2911392405063291,0.3333333333333333,0.279887482419128
377d5d88-9cac-4ac5-a9c1-2182c16663f5,713,QL,0.2612359550561798,0.3595505617977528,0.38764044943820225,0.29353932584269665,0.37359550561797755,0.3047752808988764,0.324438202247191,0.2907303370786517,0.3356741573033708,0.2794943820224719
377d5d88-9cac-4ac5-a9c1-2182c16663f5,714,QL,0.2608695652173913,0.3590462833099579,0.3870967741935484,0.29312762973352036,0.37307152875175315,0.30575035063113604,0.32398316970546986,0.2903225806451613,0.33520336605890605,0.2791023842917251
377d5d88-9cac-4ac5-a9c1-2182c16663f5,715,QL,0.2605042016806723,0.3585434173669468,0.3865546218487395,0.29551820728291317,0.37254901960784315,0.30532212885154064,0.3235294117647059,0.28991596638655465,0.33473389355742295,0.27871148459383754
377d5d88-9cac-4ac5-a9c1-2182c16663f5,716,QL,0.2601398601398601,0.35804195804195804,0.386013986013986,0.2951048951048951,0.37202797202797205,0.3048951048951049,0.3230769230769231,0.2895104895104895,0.33426573426573425,0.2811188811188811
377d5d88-9cac-4ac5-a9c1-2182c16663f5,717,QL,0.25977653631284914,0.3575418994413408,0.3854748603351955,0.2946927374301676,0.3743016759776536,0.30446927374301674,0.3226256983240223,0.28910614525139666,0.33379888268156427,0.2807262569832402
377d5d88-9cac-4ac5-a9c1-2182c16663f5,718,QL,0.2594142259414226,0.35704323570432356,0.38493723849372385,0.29428172942817293,0.3737796373779637,0.30404463040446306,0.3263598326359833,0.28870292887029286,0.3333333333333333,0.2803347280334728
377d5d88-9cac-4ac5-a9c1-2182c16663f5,719,QL,0.2590529247910863,0.3565459610027855,0.38579387186629527,0.2938718662952646,0.3732590529247911,0.30362116991643456,0.32590529247910865,0.2883008356545961,0.3328690807799443,0.2799442896935933
377d5d88-9cac-4ac5-a9c1-2182c16663f5,720,QL,0.25869262865090403,0.3560500695410292,0.38803894297635605,0.29346314325452016,0.37273991655076494,0.3031988873435327,0.325452016689847,0.28789986091794156,0.33240611961057026,0.2795549374130737
377d5d88-9cac-4ac5-a9c1-2182c16663f5,721,QL,0.25833333333333336,0.35555555555555557,0.3875,0.2986111111111111,0.37222222222222223,0.30277777777777776,0.325,0.2875,0.33194444444444443,0.2791666666666667
377d5d88-9cac-4ac5-a9c1-2182c16663f5,722,QL,0.260748959778086,0.3550624133148405,0.3869625520110957,0.29819694868238555,0.37170596393897365,0.30235783633841884,0.3245492371705964,0.2871012482662968,0.3314840499306519,0.2787794729542302
377d5d88-9cac-4ac5-a9c1-2182c16663f5,723,QL,0.26038781163434904,0.3545706371191136,0.3864265927977839,0.29778393351800553,0.37119113573407203,0.30193905817174516,0.32409972299168976,0.2867036011080332,0.33102493074792244,0.278393351800554
377d5d88-9cac-4ac5-a9c1-2182c16663f5,724,QL,0.2600276625172891,0.35408022130013833,0.38589211618257263,0.29737206085753803,0.3706777316735823,0.301521438450899,0.3236514522821577,0.2863070539419087,0.330567081604426,0.2821576763485477
377d5d88-9cac-4ac5-a9c1-2182c16663f5,725,QL,0.2596685082872928,0.35359116022099446,0.38535911602209943,0.3011049723756906,0.3701657458563536,0.3011049723756906,0.32320441988950277,0.28591160220994477,0.3301104972375691,0.281767955801105
377d5d88-9cac-4ac5-a9c1-2182c16663f5,726,QL,0.2593103448275862,0.35310344827586204,0.38482758620689655,0.3006896551724138,0.3696551724137931,0.3006896551724138,0.32275862068965516,0.28551724137931034,0.33241379310344826,0.2813793103448276
377d5d88-9cac-4ac5-a9c1-2182c16663f5,727,QL,0.25895316804407714,0.3526170798898072,0.384297520661157,0.3002754820936639,0.3691460055096419,0.3002754820936639,0.32231404958677684,0.28512396694214875,0.3319559228650138,0.2892561983471074
377d5d88-9cac-4ac5-a9c1-2182c16663f5,728,QL,0.2585969738651995,0.35213204951856947,0.38651994497936726,0.2998624484181568,0.3686382393397524,0.2998624484181568,0.3218707015130674,0.28473177441540576,0.3314993122420908,0.28885832187070154
377d5d88-9cac-4ac5-a9c1-2182c16663f5,729,QL,0.25824175824175827,0.3516483516483517,0.385989010989011,0.29945054945054944,0.36813186813186816,0.29945054945054944,0.32142857142857145,0.28983516483516486,0.33104395604395603,0.28846153846153844
377d5d88-9cac-4ac5-a9c1-2182c16663f5,730,QL,0.2578875171467764,0.3511659807956104,0.38545953360768176,0.299039780521262,0.3676268861454047,0.299039780521262,0.32098765432098764,0.2935528120713306,0.33058984910836764,0.2880658436213992
377d5d88-9cac-4ac5-a9c1-2182c16663f5,731,QL,0.25753424657534246,0.3506849315068493,0.38493150684931504,0.30273972602739724,0.36712328767123287,0.29863013698630136,0.32054794520547947,0.29315068493150687,0.33013698630136984,0.2876712328767123
377d5d88-9cac-4ac5-a9c1-2182c16663f5,732,QL,0.25718194254445964,0.35020519835841313,0.3844049247606019,0.3023255813953488,0.36662106703146374,0.2982216142270862,0.32421340629274964,0.292749658002736,0.32968536251709984,0.2872777017783858
377d5d88-9cac-4ac5-a9c1-2182c16663f5,733,QL,0.2568306010928962,0.34972677595628415,0.383879781420765,0.30191256830601093,0.366120218579235,0.2978142076502732,0.3237704918032787,0.2923497267759563,0.3333333333333333,0.28688524590163933
377d5d88-9cac-4ac5-a9c1-2182c16663f5,734,QL,0.25648021828103684,0.34924965893587995,0.38335607094133695,0.3015006821282401,0.3669849931787176,0.29740791268758526,0.32332878581173263,0.29195088676671216,0.3328785811732606,0.286493860845839
377d5d88-9cac-4ac5-a9c1-2182c16663f5,735,QL,0.2561307901907357,0.34877384196185285,0.38283378746594005,0.3010899182561308,0.36648501362397823,0.2970027247956403,0.3228882833787466,0.2956403269754768,0.33242506811989103,0.28610354223433243
377d5d88-9cac-4ac5-a9c1-2182c16663f5,736,QL,0.25578231292517006,0.34829931972789113,0.38231292517006804,0.3006802721088435,0.3659863945578231,0.2965986394557823,0.3224489795918367,0.29523809523809524,0.33197278911564626,0.2857142857142857
377d5d88-9cac-4ac5-a9c1-2182c16663f5,737,QL,0.2554347826086957,0.34782608695652173,0.38179347826086957,0.30027173913043476,0.3654891304347826,0.3016304347826087,0.3220108695652174,0.29483695652173914,0.33152173913043476,0.28532608695652173
377d5d88-9cac-4ac5-a9c1-2182c16663f5,738,QL,0.25508819538670285,0.3473541383989145,0.3812754409769335,0.29986431478968795,0.3649932157394844,0.3012211668928087,0.32157394843962006,0.2971506105834464,0.3310719131614654,0.28493894165535955
377d5d88-9cac-4ac5-a9c1-2182c16663f5,739,QL,0.25474254742547425,0.34959349593495936,0.3807588075880759,0.2994579945799458,0.36449864498644985,0.3008130081300813,0.32113821138211385,0.2967479674796748,0.33062330623306235,0.2845528455284553
377d5d88-9cac-4ac5-a9c1-2182c16663f5,740,QL,0.2543978349120433,0.3491204330175913,0.38024357239512857,0.29905277401894453,0.36400541271989173,0.30311231393775373,0.32070365358592695,0.2963464140730717,0.3301759133964817,0.28416779431664413
377d5d88-9cac-4ac5-a9c1-2182c16663f5,741,QL,0.25405405405405407,0.34864864864864864,0.37972972972972974,0.29864864864864865,0.3662162162162162,0.3027027027027027,0.3202702702702703,0.2959459459459459,0.32972972972972975,0.28378378378378377
377d5d88-9cac-4ac5-a9c1-2182c16663f5,742,QL,0.25371120107962214,0.3481781376518219,0.3792172739541161,0.2982456140350877,0.3684210526315789,0.30229419703103916,0.31983805668016196,0.29554655870445345,0.3292847503373819,0.2834008097165992
377d5d88-9cac-4ac5-a9c1-2182c16663f5,743,QL,0.25336927223719674,0.3477088948787062,0.37870619946091644,0.29784366576819404,0.36792452830188677,0.3018867924528302,0.3194070080862534,0.29514824797843664,0.3288409703504043,0.2857142857142857
377d5d88-9cac-4ac5-a9c1-2182c16663f5,744,QL,0.253028263795424,0.3472409152086137,0.3781965006729475,0.297442799461642,0.3674293405114401,0.3041722745625841,0.3189771197846568,0.29475100942126514,0.3283983849259758,0.2853297442799462
377d5d88-9cac-4ac5-a9c1-2182c16663f5,745,QL,0.25268817204301075,0.3467741935483871,0.37768817204301075,0.2970430107526882,0.36693548387096775,0.30376344086021506,0.3185483870967742,0.29435483870967744,0.3279569892473118,0.2916666666666667
377d5d88-9cac-4ac5-a9c1-2182c16663f5,746,QL,0.2550335570469799,0.34630872483221475,0.37718120805369126,0.2966442953020134,0.36644295302013424,0.30335570469798656,0.3181208053691275,0.29395973154362415,0.3275167785234899,0.2912751677852349
377d5d88-9cac-4ac5-a9c1-2182c16663f5,747,QL,0.2546916890080429,0.34584450402144773,0.37667560321715815,0.3002680965147453,0.36595174262734587,0.30294906166219837,0.31769436997319034,0.2935656836461126,0.32707774798927614,0.29088471849865954
377d5d88-9cac-4ac5-a9c1-2182c16663f5,748,QL,0.2543507362784471,0.3453815261044177,0.37617135207496655,0.2998661311914324,0.3654618473895582,0.30254350736278446,0.3172690763052209,0.2971887550200803,0.32663989290495316,0.29049531459170014
377d5d88-9cac-4ac5-a9c1-2182c16663f5,749,QL,0.2540106951871658,0.3449197860962567,0.37566844919786097,0.2994652406417112,0.3649732620320856,0.30213903743315507,0.31684491978609625,0.3048128342245989,0.32620320855614976,0.29010695187165775
377d5d88-9cac-4ac5-a9c1-2182c16663f5,750,QL,0.253671562082777,0.3444592790387183,0.3751668891855808,0.29906542056074764,0.3644859813084112,0.30173564753004006,0.3164218958611482,0.30440587449933243,0.32843791722296395,0.2897196261682243
377d5d88-9cac-4ac5-a9c1-2182c16663f5,751,QL,0.25733333333333336,0.344,0.37466666666666665,0.2986666666666667,0.364,0.30133333333333334,0.316,0.304,0.328,0.28933333333333333
377d5d88-9cac-4ac5-a9c1-2182c16663f5,752,QL,0.2569906790945406,0.34354194407456723,0.37683089214380827,0.2982689747003995,0.36351531291611183,0.3009320905459387,0.3155792276964048,0.303595206391478,0.32756324900133155,0.28894806924101196
377d5d88-9cac-4ac5-a9c1-2182c16663f5,753,QL,0.2566489361702128,0.34308510638297873,0.37632978723404253,0.2978723404255319,0.363031914893617,0.300531914893617,0.3151595744680851,0.30319148936170215,0.32978723404255317,0.28856382978723405
377d5d88-9cac-4ac5-a9c1-2182c16663f5,754,QL,0.25630810092961487,0.3426294820717131,0.3758300132802125,0.29747675962815406,0.36254980079681276,0.300132802124834,0.3147410358565737,0.30278884462151395,0.3293492695883134,0.2908366533864542
377d5d88-9cac-4ac5-a9c1-2182c16663f5,755,QL,0.25596816976127323,0.3421750663129973,0.3753315649867374,0.29708222811671087,0.3620689655172414,0.29973474801061006,0.3169761273209549,0.30238726790450926,0.32891246684350134,0.29045092838196285
377d5d88-9cac-4ac5-a9c1-2182c16663f5,756,QL,0.2556291390728477,0.34172185430463575,0.3748344370860927,0.29668874172185433,0.3615894039735099,0.2993377483443709,0.3165562913907285,0.3019867549668874,0.32847682119205296,0.29403973509933773
377d5d88-9cac-4ac5-a9c1-2182c16663f5,757,QL,0.2552910052910053,0.3412698412698413,0.37433862433862436,0.2962962962962963,0.3611111111111111,0.3029100529100529,0.31613756613756616,0.30158730158730157,0.328042328042328,0.29365079365079366
377d5d88-9cac-4ac5-a9c1-2182c16663f5,758,QL,0.25495376486129456,0.34081902245706736,0.37384412153236457,0.29590488771466317,0.3606340819022457,0.30250990752972257,0.32100396301188905,0.3011889035667107,0.3276089828269485,0.29326287978863935
377d5d88-9cac-4ac5-a9c1-2182c16663f5,759,QL,0.2546174142480211,0.3403693931398417,0.3759894459102902,0.2955145118733509,0.36015831134564646,0.3021108179419525,0.32058047493403696,0.3007915567282322,0.32717678100263853,0.2928759894459103
377d5d88-9cac-4ac5-a9c1-2182c16663f5,760,QL,0.25428194993412384,0.3425559947299078,0.37549407114624506,0.2951251646903821,0.35968379446640314,0.30171277997364954,0.3201581027667984,0.30039525691699603,0.32674571805006586,0.2924901185770751
377d5d88-9cac-4ac5-a9c1-2182c16663f5,761,QL,0.25526315789473686,0.34210526315789475,0.375,0.29473684210526313,0.3592105263157895,0.3013157894736842,0.31973684210526315,0.3,0.3263157894736842,0.29210526315789476
377d5d88-9cac-4ac5-a9c1-2182c16663f5,762,QL,0.25492772667542707,0.3416557161629435,0.3745072273324573,0.2996057818659658,0.3587385019710907,0.3009198423127464,0.3193166885676741,0.2996057818659658,0.32588699080157685,0.29172141918528255
377d5d88-9cac-4ac5-a9c1-2182c16663f5,763,QL,0.2545931758530184,0.34120734908136485,0.3779527559055118,0.2992125984251969,0.35826771653543305,0.3005249343832021,0.3188976377952756,0.2992125984251969,0.32545931758530183,0.29133858267716534
377d5d88-9cac-4ac5-a9c1-2182c16663f5,764,QL,0.254259501965924,0.34076015727391873,0.37745740498034075,0.29882044560943644,0.3617300131061599,0.30013106159895153,0.31847968545216254,0.29882044560943644,0.32503276539973786,0.290956749672346
377d5d88-9cac-4ac5-a9c1-2182c16663f5,765,QL,0.25392670157068065,0.3403141361256545,0.3769633507853403,0.29842931937172773,0.3612565445026178,0.299738219895288,0.3219895287958115,0.29842931937172773,0.32460732984293195,0.2905759162303665
377d5d88-9cac-4ac5-a9c1-2182c16663f5,766,QL,0.25359477124183005,0.33986928104575165,0.3803921568627451,0.2980392156862745,0.3607843137254902,0.29934640522875816,0.3215686274509804,0.2980392156862745,0.3241830065359477,0.2901960784313726
377d5d88-9cac-4ac5-a9c1-2182c16663f5,767,QL,0.25326370757180156,0.3394255874673629,0.37989556135770236,0.29765013054830286,0.360313315926893,0.2989556135770235,0.32114882506527415,0.30156657963446476,0.3237597911227154,0.2898172323759791
377d5d88-9cac-4ac5-a9c1-2182c16663f5,768,QL,0.2529335071707953,0.3389830508474576,0.3833116036505867,0.29726205997392435,0.35984354628422427,0.2985658409387223,0.32073011734028684,0.3011734028683181,0.32333767926988266,0.2894393741851369
377d5d88-9cac-4ac5-a9c1-2182c16663f5,769,QL,0.2526041666666667,0.3385416666666667,0.3828125,0.296875,0.359375,0.2981770833333333,0.3216145833333333,0.30078125,0.3229166666666667,0.2890625
377d5d88-9cac-4ac5-a9c1-2182c16663f5,770,QL,0.25227568270481143,0.3381014304291287,0.3823146944083225,0.3016905071521456,0.3589076723016905,0.2977893368010403,0.3211963589076723,0.30039011703511054,0.32249674902470743,0.2886866059817945
377d5d88-9cac-4ac5-a9c1-2182c16663f5,771,QL,0.2597402597402597,0.33766233766233766,0.38181818181818183,0.3012987012987013,0.35844155844155845,0.2974025974025974,0.3207792207792208,0.3,0.3220779220779221,0.2883116883116883
377d5d88-9cac-4ac5-a9c1-2182c16663f5,772,QL,0.2594033722438392,0.3437094682230869,0.38132295719844356,0.3009079118028534,0.35797665369649806,0.29701686121919585,0.3203631647211414,0.29961089494163423,0.3216601815823606,0.28793774319066145
377d5d88-9cac-4ac5-a9c1-2182c16663f5,773,QL,0.2616580310880829,0.3432642487046632,0.38082901554404147,0.3005181347150259,0.35751295336787564,0.2966321243523316,0.31994818652849744,0.29922279792746115,0.32124352331606215,0.28756476683937826
377d5d88-9cac-4ac5-a9c1-2182c16663f5,774,QL,0.2613195342820181,0.3428201811125485,0.38033635187580855,0.3001293661060802,0.35705045278137126,0.296248382923674,0.3208279430789133,0.2988357050452781,0.3208279430789133,0.2871927554980595
377d5d88-9cac-4ac5-a9c1-2182c16663f5,775,QL,0.26098191214470284,0.3423772609819121,0.3798449612403101,0.2997416020671835,0.35658914728682173,0.2958656330749354,0.32041343669250644,0.3023255813953488,0.32041343669250644,0.2868217054263566
377d5d88-9cac-4ac5-a9c1-2182c16663f5,776,QL,0.26064516129032256,0.3419354838709677,0.3793548387096774,0.29935483870967744,0.3561290322580645,0.2954838709677419,0.32,0.30193548387096775,0.32,0.28774193548387095
377d5d88-9cac-4ac5-a9c1-2182c16663f5,777,QL,0.2603092783505155,0.34149484536082475,0.3788659793814433,0.29896907216494845,0.3556701030927835,0.29510309278350516,0.31958762886597936,0.3015463917525773,0.31958762886597936,0.28737113402061853
377d5d88-9cac-4ac5-a9c1-2182c16663f5,778,QL,0.26383526383526384,0.3410553410553411,0.3783783783783784,0.2985842985842986,0.3552123552123552,0.2947232947232947,0.31917631917631917,0.30115830115830117,0.31917631917631917,0.287001287001287
377d5d88-9cac-4ac5-a9c1-2182c16663f5,779,QL,0.2634961439588689,0.34061696658097684,0.37789203084832906,0.2982005141388175,0.35475578406169667,0.2943444730077121,0.3213367609254499,0.30077120822622105,0.31876606683804626,0.2866323907455013
377d5d88-9cac-4ac5-a9c1-2182c16663f5,780,QL,0.2631578947368421,0.34017971758664955,0.3774069319640565,0.30166880616174585,0.35430038510911427,0.2939666238767651,0.3209242618741977,0.30038510911424904,0.31835686777920413,0.2862644415917843
377d5d88-9cac-4ac5-a9c1-2182c16663f5,781,QL,0.26282051282051283,0.33974358974358976,0.3769230769230769,0.30512820512820515,0.35384615384615387,0.2935897435897436,0.32051282051282054,0.3,0.31794871794871793,0.2858974358974359
377d5d88-9cac-4ac5-a9c1-2182c16663f5,782,QL,0.26248399487836105,0.3393085787451985,0.3764404609475032,0.3060179257362356,0.353393085787452,0.293213828425096,0.3201024327784891,0.29961587708066584,0.3175416133162612,0.2855313700384123
377d5d88-9cac-4ac5-a9c1-2182c16663f5,783,QL,0.26214833759590794,0.3388746803069054,0.38107416879795397,0.30562659846547313,0.35294117647058826,0.2928388746803069,0.319693094629156,0.29923273657289,0.3171355498721228,0.2851662404092072
377d5d88-9cac-4ac5-a9c1-2182c16663f5,784,QL,0.26181353767560667,0.3384418901660281,0.38058748403575987,0.3052362707535121,0.3524904214559387,0.29757343550446996,0.31928480204342274,0.2988505747126437,0.3167305236270754,0.2848020434227331
377d5d88-9cac-4ac5-a9c1-2182c16663f5,785,QL,0.2614795918367347,0.3380102040816326,0.38010204081632654,0.3112244897959184,0.3520408163265306,0.2971938775510204,0.31887755102040816,0.29846938775510207,0.3163265306122449,0.2844387755102041
377d5d88-9cac-4ac5-a9c1-2182c16663f5,786,QL,0.2611464968152866,0.34267515923566877,0.3796178343949045,0.310828025477707,0.35159235668789807,0.2968152866242038,0.3184713375796178,0.2980891719745223,0.3159235668789809,0.2840764331210191
377d5d88-9cac-4ac5-a9c1-2182c16663f5,787,QL,0.2608142493638677,0.3422391857506361,0.3791348600508906,0.3104325699745547,0.3511450381679389,0.2964376590330789,0.31806615776081426,0.29770992366412213,0.3155216284987277,0.2875318066157761
377d5d88-9cac-4ac5-a9c1-2182c16663f5,788,QL,0.2604828462515883,0.3468869123252859,0.3786531130876747,0.31003811944091486,0.35069885641677256,0.2960609911054638,0.3176620076238882,0.29733163913595934,0.31512071156289706,0.28716645489199494
377d5d88-9cac-4ac5-a9c1-2182c16663f5,789,QL,0.26015228426395937,0.3464467005076142,0.37817258883248733,0.3096446700507614,0.350253807106599,0.2982233502538071,0.31725888324873097,0.2969543147208122,0.3147208121827411,0.2868020304568528
377d5d88-9cac-4ac5-a9c1-2182c16663f5,790,QL,0.2598225602027883,0.34600760456273766,0.38022813688212925,0.30925221799746516,0.34980988593155893,0.29784537389100124,0.31685678073510776,0.2965779467680608,0.31432192648922685,0.2864385297845374
377d5d88-9cac-4ac5-a9c1-2182c16663f5,791,QL,0.25949367088607594,0.34556962025316457,0.379746835443038,0.30886075949367087,0.3493670886075949,0.30253164556962026,0.31645569620253167,0.29620253164556964,0.3139240506329114,0.28607594936708863
377d5d88-9cac-4ac5-a9c1-2182c16663f5,792,QL,0.25916561314791403,0.34513274336283184,0.37926675094816686,0.3084702907711757,0.34892541087231355,0.30214917825537296,0.31605562579013907,0.2996207332490518,0.31352718078381797,0.2857142857142857
377d5d88-9cac-4ac5-a9c1-2182c16663f5,793,QL,0.26641414141414144,0.3446969696969697,0.3787878787878788,0.30808080808080807,0.3484848484848485,0.30176767676767674,0.31565656565656564,0.29924242424242425,0.31313131313131315,0.28535353535353536
377d5d88-9cac-4ac5-a9c1-2182c16663f5,794,QL,0.266078184110971,0.3467843631778058,0.37831021437578816,0.3076923076923077,0.3480453972257251,0.30138713745271123,0.31525851197982346,0.2988650693568726,0.31273644388398486,0.2849936948297604
377d5d88-9cac-4ac5-a9c1-2182c16663f5,795,QL,0.26574307304785894,0.34634760705289674,0.3778337531486146,0.30982367758186397,0.34760705289672544,0.30100755667506296,0.3148614609571788,0.29848866498740556,0.3123425692695214,0.28463476070528965
377d5d88-9cac-4ac5-a9c1-2182c16663f5,796,QL,0.26540880503144654,0.34591194968553457,0.37735849056603776,0.30943396226415093,0.3471698113207547,0.30062893081761005,0.32075471698113206,0.2981132075471698,0.3119496855345912,0.2842767295597484
377d5d88-9cac-4ac5-a9c1-2182c16663f5,797,QL,0.2650753768844221,0.3454773869346734,0.3768844221105528,0.30904522613065327,0.34673366834170855,0.30025125628140703,0.3203517587939699,0.30025125628140703,0.31155778894472363,0.28391959798994976
377d5d88-9cac-4ac5-a9c1-2182c16663f5,798,QL,0.26474278544542035,0.3450439146800502,0.37641154328732745,0.3086574654956085,0.3462986198243413,0.2998745294855709,0.3199498117942284,0.2998745294855709,0.3161856963613551,0.2835633626097867
377d5d88-9cac-4ac5-a9c1-2182c16663f5,799,QL,0.2644110275689223,0.34461152882205515,0.37719298245614036,0.3082706766917293,0.3458646616541353,0.29949874686716793,0.31954887218045114,0.29949874686716793,0.3157894736842105,0.2832080200501253
377d5d88-9cac-4ac5-a9c1-2182c16663f5,800,QL,0.2640801001251564,0.344180225281602,0.376720901126408,0.3078848560700876,0.3454317897371715,0.29912390488110135,0.3191489361702128,0.30287859824780977,0.31539424280350437,0.2828535669586984
377d5d88-9cac-4ac5-a9c1-2182c16663f5,801,QL,0.26375,0.35,0.37625,0.3075,0.345,0.29875,0.31875,0.3025,0.315,0.2825
377d5d88-9cac-4ac5-a9c1-2182c16663f5,802,QL,0.2634207240948814,0.3495630461922597,0.3757802746566791,0.30711610486891383,0.3495630461922597,0.2983770287141074,0.31835205992509363,0.3021223470661673,0.3146067415730337,0.28214731585518105
377d5d88-9cac-4ac5-a9c1-2182c16663f5,803,QL,0.2630922693266833,0.3491271820448878,0.37531172069825436,0.3092269326683292,0.3491271820448878,0.29800498753117205,0.3179551122194514,0.30174563591022446,0.314214463840399,0.2817955112219451
377d5d88-9cac-4ac5-a9c1-2182c16663f5,804,QL,0.2627646326276463,0.34869240348692404,0.37484433374844334,0.30884184308841844,0.34869240348692404,0.29763387297633875,0.3175591531755915,0.3013698630136986,0.3138231631382316,0.28144458281444584
377d5d88-9cac-4ac5-a9c1-2182c16663f5,805,QL,0.26243781094527363,0.3482587064676617,0.376865671641791,0.30845771144278605,0.3482587064676617,0.2972636815920398,0.31716417910447764,0.3009950248756219,0.31343283582089554,0.2810945273631841
377d5d88-9cac-4ac5-a9c1-2182c16663f5,806,QL,0.26211180124223604,0.34782608695652173,0.3763975155279503,0.30807453416149067,0.34782608695652173,0.30062111801242236,0.3167701863354037,0.30062111801242236,0.3130434782608696,0.28074534161490683
377d5d88-9cac-4ac5-a9c1-2182c16663f5,807,QL,0.2617866004962779,0.34739454094292804,0.3759305210918114,0.3076923076923077,0.34739454094292804,0.303970223325062,0.3163771712158809,0.3002481389578164,0.31265508684863524,0.2803970223325062
377d5d88-9cac-4ac5-a9c1-2182c16663f5,808,QL,0.2614622057001239,0.3469640644361834,0.3754646840148699,0.3073110285006196,0.3469640644361834,0.30359355638166047,0.3159851301115242,0.29987608426270135,0.31226765799256506,0.28004956629491945
377d5d88-9cac-4ac5-a9c1-2182c16663f5,809,QL,0.26113861386138615,0.3465346534653465,0.375,0.3069306930693069,0.35148514851485146,0.3032178217821782,0.3155940594059406,0.2995049504950495,0.3118811881188119,0.27970297029702973
377d5d88-9cac-4ac5-a9c1-2182c16663f5,810,QL,0.26081582200247216,0.34610630407911,0.37453646477132263,0.3065512978986403,0.3510506798516687,0.3065512978986403,0.315203955500618,0.29913473423980225,0.311495673671199,0.27935723114956734
377d5d88-9cac-4ac5-a9c1-2182c16663f5,811,QL,0.26666666666666666,0.345679012345679,0.37407407407407406,0.30617283950617286,0.3506172839506173,0.30617283950617286,0.3148148148148148,0.29876543209876544,0.3111111111111111,0.27901234567901234
377d5d88-9cac-4ac5-a9c1-2182c16663f5,812,QL,0.26633785450061653,0.34525277435265106,0.37361282367447596,0.30579531442663377,0.35018495684340323,0.31072749691738594,0.31442663378545005,0.29839704069050554,0.31072749691738594,0.2786683107274969
377d5d88-9cac-4ac5-a9c1-2182c16663f5,813,QL,0.2660098522167488,0.3448275862068966,0.3731527093596059,0.3054187192118227,0.3497536945812808,0.3103448275862069,0.31403940886699505,0.29802955665024633,0.3103448275862069,0.28078817733990147
377d5d88-9cac-4ac5-a9c1-2182c16663f5,814,QL,0.2656826568265683,0.34440344403444034,0.3726937269372694,0.3050430504305043,0.34932349323493234,0.30996309963099633,0.3161131611316113,0.2976629766297663,0.30996309963099633,0.28044280442804426
377d5d88-9cac-4ac5-a9c1-2182c16663f5,815,QL,0.26535626535626533,0.343980343980344,0.37223587223587223,0.3046683046683047,0.3488943488943489,0.3095823095823096,0.3230958230958231,0.2972972972972973,0.3095823095823096,0.2800982800982801
377d5d88-9cac-4ac5-a9c1-2182c16663f5,816,QL,0.2650306748466258,0.34846625766871164,0.3717791411042945,0.3042944785276074,0.34846625766871164,0.30920245398773005,0.3226993865030675,0.2969325153374233,0.30920245398773005,0.27975460122699386
377d5d88-9cac-4ac5-a9c1-2182c16663f5,817,QL,0.2647058823529412,0.3480392156862745,0.3713235294117647,0.30392156862745096,0.3480392156862745,0.3112745098039216,0.32230392156862747,0.2965686274509804,0.3088235294117647,0.27941176470588236
377d5d88-9cac-4ac5-a9c1-2182c16663f5,818,QL,0.26438188494492043,0.34761321909424725,0.3708690330477356,0.30354957160342716,0.34761321909424725,0.3108935128518972,0.3219094247246022,0.2962056303549572,0.3084455324357405,0.2802937576499388
377d5d88-9cac-4ac5-a9c1-2182c16663f5,819,QL,0.26405867970660146,0.3471882640586797,0.3704156479217604,0.30317848410757947,0.3508557457212714,0.3105134474327628,0.3215158924205379,0.29584352078239606,0.3080684596577017,0.27995110024449876
377d5d88-9cac-4ac5-a9c1-2182c16663f5,820,QL,0.26373626373626374,0.34676434676434675,0.36996336996337,0.3028083028083028,0.3553113553113553,0.31013431013431014,0.32112332112332115,0.2954822954822955,0.3076923076923077,0.2796092796092796
377d5d88-9cac-4ac5-a9c1-2182c16663f5,821,QL,0.2634146341463415,0.3463414634146341,0.37073170731707317,0.3024390243902439,0.3548780487804878,0.3097560975609756,0.3207317073170732,0.2951219512195122,0.3073170731707317,0.27926829268292686
377d5d88-9cac-4ac5-a9c1-2182c16663f5,822,QL,0.2630937880633374,0.3507917174177832,0.3702801461632156,0.3020706455542022,0.35444579780755175,0.3093788063337393,0.32034104750304504,0.29476248477466505,0.30694275274056027,0.2789281364190012
377d5d88-9cac-4ac5-a9c1-2182c16663f5,823,QL,0.26277372262773724,0.35036496350364965,0.36982968369829683,0.30170316301703165,0.354014598540146,0.30900243309002434,0.3199513381995134,0.2944038929440389,0.30656934306569344,0.2822384428223844
377d5d88-9cac-4ac5-a9c1-2182c16663f5,824,QL,0.2624544349939247,0.34993924665856624,0.36938031591737547,0.30133657351154314,0.353584447144593,0.3110571081409477,0.3195625759416768,0.29404617253948967,0.30619684082624543,0.2818955042527339
377d5d88-9cac-4ac5-a9c1-2182c16663f5,825,QL,0.2621359223300971,0.34951456310679613,0.36893203883495146,0.30097087378640774,0.35315533980582525,0.3106796116504854,0.3191747572815534,0.2936893203883495,0.3058252427184466,0.28398058252427183
377d5d88-9cac-4ac5-a9c1-2182c16663f5,826,QL,0.26181818181818184,0.3490909090909091,0.36848484848484847,0.3006060606060606,0.3527272727272727,0.3103030303030303,0.3187878787878788,0.29333333333333333,0.3090909090909091,0.28363636363636363
377d5d88-9cac-4ac5-a9c1-2182c16663f5,827,QL,0.26150121065375304,0.3486682808716707,0.36803874092009686,0.30024213075060535,0.3523002421307506,0.3099273607748184,0.324455205811138,0.2929782082324455,0.30871670702179177,0.28329297820823246
377d5d88-9cac-4ac5-a9c1-2182c16663f5,828,QL,0.2660217654171705,0.3482466747279323,0.3675937122128174,0.2998790810157195,0.3518742442563482,0.309552599758162,0.32406287787182586,0.2926239419588875,0.3083434099153567,0.282950423216445
377d5d88-9cac-4ac5-a9c1-2182c16663f5,829,QL,0.26570048309178745,0.34782608695652173,0.3671497584541063,0.2995169082125604,0.3538647342995169,0.30917874396135264,0.32367149758454106,0.2922705314009662,0.3079710144927536,0.2826086956521739
377d5d88-9cac-4ac5-a9c1-2182c16663f5,830,QL,0.26537997587454765,0.3474065138721351,0.36670687575392036,0.2991556091676719,0.353437876960193,0.3088057901085645,0.3232810615199035,0.29191797346200243,0.30759951749095293,0.28468033775633295
377d5d88-9cac-4ac5-a9c1-2182c16663f5,831,QL,0.26506024096385544,0.3469879518072289,0.36626506024096384,0.2987951807228916,0.35903614457831323,0.30843373493975906,0.3228915662650602,0.29156626506024097,0.3072289156626506,0.28433734939759037
377d5d88-9cac-4ac5-a9c1-2182c16663f5,832,QL,0.2647412755716005,0.34657039711191334,0.3658243080625752,0.29843561973525873,0.358604091456077,0.30806257521058966,0.32731648616125153,0.29121540312876054,0.30685920577617326,0.28399518652226236
377d5d88-9cac-4ac5-a9c1-2182c16663f5,833,QL,0.265625,0.34615384615384615,0.36538461538461536,0.2980769230769231,0.3581730769230769,0.3076923076923077,0.3269230769230769,0.29086538461538464,0.30649038461538464,0.28365384615384615
377d5d88-9cac-4ac5-a9c1-2182c16663f5,834,QL,0.2653061224489796,0.3457382953181273,0.36494597839135656,0.297719087635054,0.36014405762304924,0.30732292917166865,0.32653061224489793,0.290516206482593,0.30612244897959184,0.28331332533013204
377d5d88-9cac-4ac5-a9c1-2182c16663f5,835,QL,0.26498800959232616,0.34532374100719426,0.3645083932853717,0.2973621103117506,0.3597122302158273,0.30935251798561153,0.3261390887290168,0.290167865707434,0.3057553956834532,0.2829736211031175
377d5d88-9cac-4ac5-a9c1-2182c16663f5,836,QL,0.26467065868263473,0.3449101796407186,0.36407185628742517,0.2970059880239521,0.362874251497006,0.3089820359281437,0.325748502994012,0.2898203592814371,0.30538922155688625,0.28263473053892213
377d5d88-9cac-4ac5-a9c1-2182c16663f5,837,QL,0.26435406698564595,0.35167464114832536,0.36363636363636365,0.2966507177033493,0.3624401913875598,0.30861244019138756,0.3253588516746411,0.2894736842105263,0.3050239234449761,0.2822966507177033
377d5d88-9cac-4ac5-a9c1-2182c16663f5,838,QL,0.2640382317801673,0.35125448028673834,0.3632019115890084,0.2998805256869773,0.36200716845878134,0.30824372759856633,0.3249701314217443,0.2891278375149343,0.3046594982078853,0.2819593787335723
377d5d88-9cac-4ac5-a9c1-2182c16663f5,839,QL,0.2637231503579952,0.35083532219570407,0.3627684964200477,0.29952267303102625,0.3615751789976134,0.30787589498806683,0.324582338902148,0.28878281622911695,0.3042959427207637,0.2863961813842482
377d5d88-9cac-4ac5-a9c1-2182c16663f5,840,QL,0.2634088200238379,0.3504171632896305,0.36233611442193087,0.29916567342073896,0.36114421930870083,0.3075089392133492,0.32419547079856975,0.28843861740166865,0.30870083432657924,0.2860548271752086
377d5d88-9cac-4ac5-a9c1-2182c16663f5,841,QL,0.2630952380952381,0.35,0.3619047619047619,0.2988095238095238,0.3607142857142857,0.30714285714285716,0.3238095238095238,0.29285714285714287,0.30833333333333335,0.2857142857142857
377d5d88-9cac-4ac5-a9c1-2182c16663f5,842,QL,0.262782401902497,0.34958382877526756,0.36504161712247324,0.2984542211652794,0.36028537455410226,0.30677764565992865,0.3234244946492271,0.2925089179548157,0.3079667063020214,0.2853745541022592
377d5d88-9cac-4ac5-a9c1-2182c16663f5,843,QL,0.26247030878859856,0.3491686460807601,0.3693586698337292,0.2980997624703088,0.35985748218527314,0.30641330166270786,0.32304038004750596,0.2921615201900237,0.30760095011876487,0.2850356294536817
377d5d88-9cac-4ac5-a9c1-2182c16663f5,844,QL,0.26215895610913403,0.3487544483985765,0.36892052194543296,0.2977461447212337,0.3594306049822064,0.3107947805456702,0.32265717674970346,0.2918149466192171,0.30723606168446027,0.2846975088967972
377d5d88-9cac-4ac5-a9c1-2182c16663f5,845,QL,0.2618483412322275,0.34834123222748814,0.3684834123222749,0.29739336492890994,0.3590047393364929,0.3104265402843602,0.3222748815165877,0.29265402843601895,0.3068720379146919,0.2843601895734597
377d5d88-9cac-4ac5-a9c1-2182c16663f5,846,QL,0.26153846153846155,0.3479289940828402,0.3680473372781065,0.29704142011834317,0.3633136094674556,0.31005917159763313,0.32189349112426036,0.2923076923076923,0.30650887573964497,0.28402366863905326
377d5d88-9cac-4ac5-a9c1-2182c16663f5,847,QL,0.26122931442080377,0.3475177304964539,0.367612293144208,0.2966903073286052,0.3628841607565012,0.3132387706855792,0.3215130023640662,0.2919621749408983,0.3061465721040189,0.28368794326241137
377d5d88-9cac-4ac5-a9c1-2182c16663f5,848,QL,0.2632821723730815,0.34710743801652894,0.36717827626918537,0.29634002361275086,0.3624557260920897,0.31286894923258557,0.32113341204250295,0.29161747343565525,0.30578512396694213,0.2833530106257379
377d5d88-9cac-4ac5-a9c1-2182c16663f5,849,QL,0.26297169811320753,0.3466981132075472,0.36674528301886794,0.2959905660377358,0.36556603773584906,0.3125,0.32075471698113206,0.29127358490566035,0.30542452830188677,0.2830188679245283
377d5d88-9cac-4ac5-a9c1-2182c16663f5,850,QL,0.2626619552414605,0.3510011778563015,0.3663133097762073,0.2956419316843345,0.3651354534746761,0.3121319199057715,0.32037691401649,0.29093050647820967,0.3050647820965842,0.2826855123674912
377d5d88-9cac-4ac5-a9c1-2182c16663f5,851,QL,0.26235294117647057,0.35058823529411764,0.3658823529411765,0.2952941176470588,0.36470588235294116,0.31176470588235294,0.32,0.29294117647058826,0.30470588235294116,0.2823529411764706
377d5d88-9cac-4ac5-a9c1-2182c16663f5,852,QL,0.2620446533490012,0.3501762632197415,0.3654524089306698,0.29494712103407755,0.36427732079905994,0.31139835487661577,0.3196239717978848,0.29612220916568743,0.30434782608695654,0.282021151586369
377d5d88-9cac-4ac5-a9c1-2182c16663f5,853,QL,0.26173708920187794,0.34976525821596244,0.36502347417840375,0.29460093896713613,0.36384976525821594,0.31103286384976525,0.3215962441314554,0.29577464788732394,0.3039906103286385,0.28169014084507044
377d5d88-9cac-4ac5-a9c1-2182c16663f5,854,QL,0.2661195779601407,0.3493552168815944,0.3645955451348183,0.29425556858147717,0.3634232121922626,0.3106682297772567,0.3212192262602579,0.2954279015240328,0.30363423212192264,0.2813599062133646
377d5d88-9cac-4ac5-a9c1-2182c16663f5,855,QL,0.265807962529274,0.34894613583138173,0.36416861826697894,0.2939110070257611,0.36533957845433257,0.31030444964871196,0.32084309133489464,0.29508196721311475,0.30327868852459017,0.2810304449648712
377d5d88-9cac-4ac5-a9c1-2182c16663f5,856,QL,0.2654970760233918,0.3485380116959064,0.36374269005847953,0.2935672514619883,0.3649122807017544,0.30994152046783624,0.32046783625730996,0.29473684210526313,0.3064327485380117,0.2807017543859649
377d5d88-9cac-4ac5-a9c1-2182c16663f5,857,QL,0.2651869158878505,0.34813084112149534,0.3633177570093458,0.2932242990654206,0.3644859813084112,0.30957943925233644,0.3247663551401869,0.29439252336448596,0.3060747663551402,0.2803738317757009
377d5d88-9cac-4ac5-a9c1-2182c16663f5,858,QL,0.26487747957992996,0.34772462077012833,0.3628938156359393,0.2928821470245041,0.36406067677946324,0.30921820303383896,0.32438739789964993,0.294049008168028,0.3080513418903151,0.28004667444574094
377d5d88-9cac-4ac5-a9c1-2182c16663f5,859,QL,0.26456876456876455,0.3473193473193473,0.36247086247086246,0.29953379953379955,0.36363636363636365,0.30885780885780884,0.32400932400932403,0.2937062937062937,0.3076923076923077,0.27972027972027974
377d5d88-9cac-4ac5-a9c1-2182c16663f5,860,QL,0.26426076833527357,0.3469150174621653,0.36437718277066355,0.2991850989522701,0.36321303841676367,0.3084982537834691,0.32363213038416766,0.29336437718277064,0.3073341094295693,0.27939464493597205
377d5d88-9cac-4ac5-a9c1-2182c16663f5,861,QL,0.26395348837209304,0.34651162790697676,0.363953488372093,0.2988372093023256,0.3627906976744186,0.3081395348837209,0.32325581395348835,0.2930232558139535,0.3127906976744186,0.27906976744186046
377d5d88-9cac-4ac5-a9c1-2182c16663f5,862,QL,0.26364692218350755,0.34959349593495936,0.3635307781649245,0.29849012775842043,0.3623693379790941,0.3077816492450639,0.3228803716608595,0.2926829268292683,0.3124274099883856,0.2787456445993031
377d5d88-9cac-4ac5-a9c1-2182c16663f5,863,QL,0.2633410672853828,0.3491879350348028,0.36310904872389793,0.29814385150812067,0.3619489559164733,0.3074245939675174,0.3225058004640371,0.2923433874709977,0.31206496519721577,0.28306264501160094
377d5d88-9cac-4ac5-a9c1-2182c16663f5,864,QL,0.2630359212050985,0.3487833140208575,0.3626882966396292,0.29779837775202783,0.3650057937427578,0.3070683661645423,0.32213209733487835,0.29200463499420626,0.31170336037079954,0.2827346465816918
377d5d88-9cac-4ac5-a9c1-2182c16663f5,865,QL,0.26273148148148145,0.34837962962962965,0.36226851851851855,0.2974537037037037,0.3645833333333333,0.30671296296296297,0.3263888888888889,0.2916666666666667,0.3113425925925926,0.2824074074074074
377d5d88-9cac-4ac5-a9c1-2182c16663f5,866,QL,0.26242774566473986,0.34797687861271676,0.36184971098265895,0.3017341040462428,0.36416184971098264,0.3063583815028902,0.3260115606936416,0.29132947976878615,0.3109826589595376,0.28208092485549136
377d5d88-9cac-4ac5-a9c1-2182c16663f5,867,QL,0.26212471131639725,0.34988452655889146,0.36143187066974597,0.30138568129330257,0.36374133949191684,0.30600461893764436,0.325635103926097,0.2909930715935335,0.31062355658198615,0.2817551963048499
377d5d88-9cac-4ac5-a9c1-2182c16663f5,868,QL,0.2618223760092272,0.3494809688581315,0.36101499423298733,0.30103806228373703,0.3633217993079585,0.3091118800461361,0.32525951557093424,0.2906574394463668,0.3102652825836217,0.28143021914648214
377d5d88-9cac-4ac5-a9c1-2182c16663f5,869,QL,0.26152073732718895,0.3490783410138249,0.36059907834101385,0.30069124423963134,0.3629032258064516,0.3087557603686636,0.3248847926267281,0.2960829493087558,0.3099078341013825,0.28110599078341014
377d5d88-9cac-4ac5-a9c1-2182c16663f5,870,QL,0.2612197928653625,0.35097813578826237,0.36018411967779057,0.3003452243958573,0.3624856156501726,0.3084004602991945,0.3245109321058688,0.2957422324510932,0.3095512082853855,0.2807825086306099
377d5d88-9cac-4ac5-a9c1-2182c16663f5,871,QL,0.26091954022988506,0.3505747126436782,0.3620689655172414,0.3,0.3620689655172414,0.3080459770114943,0.32413793103448274,0.29540229885057473,0.30919540229885056,0.28045977011494255
377d5d88-9cac-4ac5-a9c1-2182c16663f5,872,QL,0.2606199770378875,0.3559127439724455,0.3616532721010333,0.29965556831228474,0.3616532721010333,0.3076923076923077,0.3237657864523536,0.29506314580941445,0.30884041331802525,0.2801377726750861
377d5d88-9cac-4ac5-a9c1-2182c16663f5,873,QL,0.2603211009174312,0.3555045871559633,0.36123853211009177,0.2993119266055046,0.36123853211009177,0.3084862385321101,0.32339449541284404,0.2947247706422018,0.3084862385321101,0.2798165137614679
377d5d88-9cac-4ac5-a9c1-2182c16663f5,874,QL,0.2600229095074456,0.3550973654066438,0.36082474226804123,0.29896907216494845,0.36082474226804123,0.30813287514318444,0.3230240549828179,0.29782359679266895,0.30813287514318444,0.27949599083619703
377d5d88-9cac-4ac5-a9c1-2182c16663f5,875,QL,0.2597254004576659,0.35926773455377575,0.36041189931350115,0.2986270022883295,0.36041189931350115,0.30778032036613273,0.32265446224256294,0.2974828375286041,0.30778032036613273,0.2791762013729977
377d5d88-9cac-4ac5-a9c1-2182c16663f5,876,QL,0.25942857142857145,0.3588571428571429,0.36,0.29828571428571427,0.36,0.30742857142857144,0.3222857142857143,0.29828571428571427,0.30742857142857144,0.27885714285714286
377d5d88-9cac-4ac5-a9c1-2182c16663f5,877,QL,0.2591324200913242,0.3584474885844749,0.3595890410958904,0.2979452054794521,0.3641552511415525,0.3070776255707763,0.3219178082191781,0.2979452054794521,0.3070776255707763,0.2785388127853881
377d5d88-9cac-4ac5-a9c1-2182c16663f5,878,QL,0.2588369441277081,0.3580387685290764,0.35917901938426455,0.2976054732041049,0.3637400228050171,0.30672748004561,0.3215507411630559,0.3010262257696693,0.30672748004561,0.2782212086659065
377d5d88-9cac-4ac5-a9c1-2182c16663f5,879,QL,0.25854214123006836,0.357630979498861,0.35876993166287013,0.2972665148063781,0.36332574031890663,0.30637813211845105,0.3211845102505695,0.30068337129840544,0.30637813211845105,0.28018223234624146
377d5d88-9cac-4ac5-a9c1-2182c16663f5,880,QL,0.2582480091012514,0.3572241183162685,0.3583617747440273,0.29692832764505117,0.36291240045506257,0.30602957906712175,0.32081911262798635,0.3003412969283277,0.30602957906712175,0.2844141069397042
377d5d88-9cac-4ac5-a9c1-2182c16663f5,881,QL,0.25795454545454544,0.3568181818181818,0.35795454545454547,0.29659090909090907,0.3625,0.30568181818181817,0.32045454545454544,0.3068181818181818,0.30568181818181817,0.2840909090909091
377d5d88-9cac-4ac5-a9c1-2182c16663f5,882,QL,0.2576617480136209,0.3564131668558456,0.35754824063564133,0.29625425652667425,0.3620885357548241,0.30533484676503975,0.32009080590238365,0.3064699205448354,0.3087400681044268,0.28376844494892167
377d5d88-9cac-4ac5-a9c1-2182c16663f5,883,QL,0.25736961451247165,0.35600907029478457,0.35714285714285715,0.29591836734693877,0.36167800453514737,0.30498866213151926,0.3231292517006803,0.30612244897959184,0.30839002267573695,0.2834467120181406
377d5d88-9cac-4ac5-a9c1-2182c16663f5,884,QL,0.2570781426953567,0.3556058890147225,0.3567383918459796,0.2955832389580974,0.3635334088335221,0.304643261608154,0.32276330690826727,0.3057757644394111,0.30804077010192527,0.28312570781426954
377d5d88-9cac-4ac5-a9c1-2182c16663f5,885,QL,0.25678733031674206,0.3574660633484163,0.3563348416289593,0.29524886877828055,0.36312217194570134,0.3042986425339366,0.3223981900452489,0.3054298642533937,0.3076923076923077,0.2828054298642534
377d5d88-9cac-4ac5-a9c1-2182c16663f5,886,QL,0.25649717514124293,0.36045197740112994,0.3559322033898305,0.29491525423728815,0.36271186440677966,0.303954802259887,0.3220338983050847,0.3050847457627119,0.3073446327683616,0.2824858757062147
377d5d88-9cac-4ac5-a9c1-2182c16663f5,887,QL,0.2595936794582393,0.3600451467268623,0.35553047404063204,0.2945823927765237,0.3623024830699774,0.3036117381489842,0.3216704288939052,0.3047404063205418,0.30699774266365687,0.28216704288939054
377d5d88-9cac-4ac5-a9c1-2182c16663f5,888,QL,0.2593010146561443,0.36302142051860203,0.3551296505073281,0.294250281848929,0.36189402480270577,0.3032694475760992,0.32130777903043967,0.3043968432919955,0.30665163472378804,0.2818489289740699
377d5d88-9cac-4ac5-a9c1-2182c16663f5,889,QL,0.25900900900900903,0.36261261261261263,0.3547297297297297,0.2939189189189189,0.3614864864864865,0.30292792792792794,0.32319819819819817,0.30405405405405406,0.3063063063063063,0.28153153153153154
377d5d88-9cac-4ac5-a9c1-2182c16663f5,890,QL,0.25871766029246346,0.36220472440944884,0.3565804274465692,0.29358830146231724,0.3610798650168729,0.3025871766029246,0.3228346456692913,0.30371203599550056,0.3059617547806524,0.281214848143982
377d5d88-9cac-4ac5-a9c1-2182c16663f5,891,QL,0.2606741573033708,0.36179775280898874,0.3561797752808989,0.2932584269662921,0.36067415730337077,0.302247191011236,0.32247191011235954,0.30337078651685395,0.3056179775280899,0.2808988764044944
377d5d88-9cac-4ac5-a9c1-2182c16663f5,892,QL,0.26038159371492703,0.3613916947250281,0.3557800224466891,0.29741863075196406,0.3602693602693603,0.30190796857463525,0.3221099887766554,0.30303030303030304,0.3052749719416386,0.28058361391694725
377d5d88-9cac-4ac5-a9c1-2182c16663f5,893,QL,0.2600896860986547,0.3609865470852018,0.35538116591928254,0.3004484304932735,0.3598654708520179,0.3015695067264574,0.3217488789237668,0.30269058295964124,0.30493273542600896,0.2802690582959641
377d5d88-9cac-4ac5-a9c1-2182c16663f5,894,QL,0.2597984322508399,0.36058230683090703,0.35498320268757,0.30011198208286677,0.3594624860022396,0.3012318029115342,0.3213885778275476,0.3023516237402016,0.3068309070548712,0.2799552071668533
377d5d88-9cac-4ac5-a9c1-2182c16663f5,895,QL,0.2595078299776286,0.36017897091722595,0.354586129753915,0.30313199105145416,0.35906040268456374,0.30089485458612975,0.32102908277404923,0.30201342281879195,0.30648769574944074,0.2796420581655481
377d5d88-9cac-4ac5-a9c1-2182c16663f5,896,QL,0.25921787709497207,0.36312849162011174,0.3541899441340782,0.3027932960893855,0.358659217877095,0.3005586592178771,0.3206703910614525,0.3016759776536313,0.30614525139664805,0.27932960893854747
377d5d88-9cac-4ac5-a9c1-2182c16663f5,897,QL,0.25892857142857145,0.3627232142857143,0.35379464285714285,0.30245535714285715,0.35825892857142855,0.30245535714285715,0.3203125,0.3013392857142857,0.30580357142857145,0.27901785714285715
377d5d88-9cac-4ac5-a9c1-2182c16663f5,898,QL,0.25863991081382387,0.36231884057971014,0.35674470457079155,0.30211817168338906,0.35785953177257523,0.30211817168338906,0.31995540691192864,0.3010033444816054,0.3054626532887402,0.2787068004459309
377d5d88-9cac-4ac5-a9c1-2182c16663f5,899,QL,0.2583518930957684,0.3619153674832962,0.35634743875278396,0.30178173719376394,0.36302895322939865,0.30178173719376394,0.3195991091314031,0.30066815144766146,0.3051224944320713,0.27839643652561247
377d5d88-9cac-4ac5-a9c1-2182c16663f5,900,QL,0.25806451612903225,0.3615127919911012,0.3559510567296997,0.30589543937708563,0.36262513904338156,0.3014460511679644,0.3192436040044494,0.3003337041156841,0.3047830923248053,0.27808676307007785
377d5d88-9cac-4ac5-a9c1-2182c16663f5,901,QL,0.2577777777777778,0.3611111111111111,0.35555555555555557,0.3055555555555556,0.3622222222222222,0.3055555555555556,0.3188888888888889,0.3,0.30444444444444446,0.2777777777777778
377d5d88-9cac-4ac5-a9c1-2182c16663f5,902,QL,0.25749167591564925,0.3607103218645949,0.3551609322974473,0.3052164261931188,0.36182019977802443,0.3052164261931188,0.31853496115427304,0.29966703662597116,0.30410654827968925,0.27746947835738067
377d5d88-9cac-4ac5-a9c1-2182c16663f5,903,QL,0.2638580931263858,0.360310421286031,0.35476718403547675,0.3048780487804878,0.3614190687361419,0.3048780487804878,0.3181818181818182,0.29933481152993346,0.30376940133037694,0.2771618625277162
377d5d88-9cac-4ac5-a9c1-2182c16663f5,904,QL,0.26356589147286824,0.3599114064230343,0.35437430786268,0.30454042081949056,0.3610188261351052,0.30454042081949056,0.3178294573643411,0.301218161683278,0.3034330011074197,0.2768549280177187
377d5d88-9cac-4ac5-a9c1-2182c16663f5,905,QL,0.2665929203539823,0.35951327433628316,0.35398230088495575,0.30420353982300885,0.3606194690265487,0.30420353982300885,0.3174778761061947,0.3008849557522124,0.3030973451327434,0.27654867256637167
377d5d88-9cac-4ac5-a9c1-2182c16663f5,906,QL,0.2662983425414365,0.35911602209944754,0.35359116022099446,0.30386740331491713,0.3602209944751381,0.3082872928176796,0.31712707182320443,0.3005524861878453,0.3027624309392265,0.27624309392265195
377d5d88-9cac-4ac5-a9c1-2182c16663f5,907,QL,0.26600441501103755,0.358719646799117,0.35320088300220753,0.30353200883002207,0.3598233995584989,0.3079470198675497,0.31677704194260486,0.30022075055187636,0.3057395143487859,0.27593818984547464
377d5d88-9cac-4ac5-a9c1-2182c16663f5,908,QL,0.2657111356119074,0.35832414553472985,0.3528114663726571,0.3031973539140022,0.3627342888643881,0.30760749724366043,0.3164277839029768,0.29988974641675853,0.3054024255788313,0.2756339581036384
377d5d88-9cac-4ac5-a9c1-2182c16663f5,909,QL,0.2654185022026432,0.3579295154185022,0.3524229074889868,0.30726872246696035,0.3623348017621145,0.30726872246696035,0.31607929515418504,0.29955947136563876,0.30506607929515417,0.2753303964757709
377d5d88-9cac-4ac5-a9c1-2182c16663f5,910,QL,0.26512651265126513,0.35753575357535755,0.35203520352035206,0.3069306930693069,0.3619361936193619,0.3124312431243124,0.31573157315731576,0.2992299229922992,0.3047304730473047,0.27502750275027504
377d5d88-9cac-4ac5-a9c1-2182c16663f5,911,QL,0.26483516483516484,0.35934065934065934,0.3516483516483517,0.3065934065934066,0.36153846153846153,0.3120879120879121,0.3153846153846154,0.2989010989010989,0.30439560439560437,0.27472527472527475
377d5d88-9cac-4ac5-a9c1-2182c16663f5,912,QL,0.2667398463227223,0.3589462129527991,0.3512623490669594,0.3062568605927552,0.3611416026344676,0.31174533479692645,0.3150384193194292,0.29857299670691545,0.3040614709110867,0.27442371020856204
377d5d88-9cac-4ac5-a9c1-2182c16663f5,913,QL,0.26644736842105265,0.35855263157894735,0.35526315789473684,0.3059210526315789,0.3607456140350877,0.31140350877192985,0.31469298245614036,0.2982456140350877,0.30372807017543857,0.2741228070175439
377d5d88-9cac-4ac5-a9c1-2182c16663f5,914,QL,0.2661555312157722,0.35815991237677985,0.3548740416210296,0.30558598028477546,0.36363636363636365,0.31106243154435925,0.3143483023001095,0.29791894852135814,0.30339539978094193,0.2738225629791895
377d5d88-9cac-4ac5-a9c1-2182c16663f5,915,QL,0.2658643326039387,0.35776805251641136,0.3544857768052516,0.3052516411378556,0.3676148796498906,0.31072210065645517,0.31400437636761486,0.2975929978118162,0.30306345733041573,0.2735229759299781
377d5d88-9cac-4ac5-a9c1-2182c16663f5,916,QL,0.26557377049180325,0.35737704918032787,0.35628415300546445,0.30491803278688523,0.36721311475409835,0.3103825136612022,0.31366120218579235,0.2972677595628415,0.30273224043715846,0.273224043715847
377d5d88-9cac-4ac5-a9c1-2182c16663f5,917,QL,0.2652838427947598,0.3569868995633188,0.3558951965065502,0.30458515283842796,0.37117903930131,0.31004366812227074,0.3133187772925764,0.29694323144104806,0.30240174672489084,0.27292576419213976
377d5d88-9cac-4ac5-a9c1-2182c16663f5,918,QL,0.2649945474372955,0.35659760087241005,0.35877862595419846,0.3042529989094875,0.3707742639040349,0.30970556161395857,0.31297709923664124,0.2966194111232279,0.302071973827699,0.27262813522355506
377d5d88-9cac-4ac5-a9c1-2182c16663f5,919,QL,0.2647058823529412,0.3562091503267974,0.35838779956427014,0.30392156862745096,0.37037037037037035,0.3093681917211329,0.31263616557734203,0.2962962962962963,0.3017429193899782,0.27450980392156865
377d5d88-9cac-4ac5-a9c1-2182c16663f5,920,QL,0.264417845484222,0.3558215451577802,0.35799782372143635,0.30359085963003263,0.36996735582154516,0.30903155603917304,0.31229597388465724,0.2959738846572361,0.3057671381936888,0.27421109902067464
377d5d88-9cac-4ac5-a9c1-2182c16663f5,921,QL,0.266304347826087,0.35543478260869565,0.3576086956521739,0.3032608695652174,0.3695652173913043,0.30869565217391304,0.3119565217391304,0.2956521739130435,0.30543478260869567,0.27391304347826084
377d5d88-9cac-4ac5-a9c1-2182c16663f5,922,QL,0.26601520086862107,0.3550488599348534,0.36047774158523344,0.30293159609120524,0.3691639522258415,0.30836047774158526,0.3116178067318133,0.2953311617806732,0.30510314875135724,0.2736156351791531
377d5d88-9cac-4ac5-a9c1-2182c16663f5,923,QL,0.26572668112798264,0.3546637744034707,0.3600867678958785,0.30260303687635576,0.368763557483731,0.3080260303687636,0.31127982646420826,0.2950108459869848,0.3080260303687636,0.27331887201735355
377d5d88-9cac-4ac5-a9c1-2182c16663f5,924,QL,0.26543878656554715,0.3542795232936078,0.35969664138678226,0.30227518959913324,0.36836403033586135,0.3076923076923077,0.31094257854821233,0.29469122426868904,0.3076923076923077,0.27518959913326113
377d5d88-9cac-4ac5-a9c1-2182c16663f5,925,QL,0.26515151515151514,0.3538961038961039,0.3593073593073593,0.30194805194805197,0.36796536796536794,0.30735930735930733,0.3106060606060606,0.3008658008658009,0.30735930735930733,0.2748917748917749
377d5d88-9cac-4ac5-a9c1-2182c16663f5,926,QL,0.2648648648648649,0.3535135135135135,0.3589189189189189,0.3016216216216216,0.3675675675675676,0.307027027027027,0.31027027027027027,0.30486486486486486,0.307027027027027,0.2745945945945946
377d5d88-9cac-4ac5-a9c1-2182c16663f5,927,QL,0.26457883369330454,0.3531317494600432,0.35853131749460043,0.30129589632829373,0.367170626349892,0.30669546436285094,0.3099352051835853,0.3045356371490281,0.30669546436285094,0.27645788336933047
377d5d88-9cac-4ac5-a9c1-2182c16663f5,928,QL,0.26429341963322545,0.35275080906148865,0.3581445523193096,0.30097087378640774,0.3710895361380798,0.3063646170442287,0.30960086299892126,0.3042071197411003,0.3063646170442287,0.2761596548004315
377d5d88-9cac-4ac5-a9c1-2182c16663f5,929,QL,0.2640086206896552,0.35237068965517243,0.3577586206896552,0.30064655172413796,0.3706896551724138,0.30603448275862066,0.30926724137931033,0.30387931034482757,0.30926724137931033,0.27586206896551724
377d5d88-9cac-4ac5-a9c1-2182c16663f5,930,QL,0.263724434876211,0.3519913885898816,0.3606027987082885,0.30032292787944026,0.37029063509149623,0.30570505920344454,0.30893433799784714,0.30355220667384286,0.30893433799784714,0.2755651237890204
377d5d88-9cac-4ac5-a9c1-2182c16663f5,931,QL,0.26344086021505375,0.35161290322580646,0.3602150537634409,0.3,0.36989247311827955,0.3053763440860215,0.3086021505376344,0.3053763440860215,0.3086021505376344,0.2752688172043011
377d5d88-9cac-4ac5-a9c1-2182c16663f5,932,QL,0.2631578947368421,0.35123523093447906,0.359828141783029,0.2996777658431794,0.3694951664876477,0.3050483351235231,0.3082706766917293,0.3050483351235231,0.3082706766917293,0.2781954887218045
377d5d88-9cac-4ac5-a9c1-2182c16663f5,933,QL,0.26716738197424894,0.35085836909871243,0.3594420600858369,0.29935622317596566,0.36909871244635195,0.30472103004291845,0.30793991416309013,0.30472103004291845,0.30793991416309013,0.2778969957081545
377d5d88-9cac-4ac5-a9c1-2182c16663f5,934,QL,0.26688102893890675,0.3504823151125402,0.3590568060021436,0.2990353697749196,0.3687031082529475,0.30439442658092175,0.30760986066452306,0.30439442658092175,0.30760986066452306,0.28188638799571275
377d5d88-9cac-4ac5-a9c1-2182c16663f5,935,QL,0.2708779443254818,0.3501070663811563,0.35867237687366166,0.2987152034261242,0.3683083511777302,0.30406852248394006,0.30728051391862954,0.30406852248394006,0.30728051391862954,0.2815845824411135
377d5d88-9cac-4ac5-a9c1-2182c16663f5,936,QL,0.27058823529411763,0.3497326203208556,0.3582887700534759,0.2983957219251337,0.3679144385026738,0.3037433155080214,0.31016042780748665,0.3037433155080214,0.306951871657754,0.2812834224598931
377d5d88-9cac-4ac5-a9c1-2182c16663f5,937,QL,0.2702991452991453,0.3547008547008547,0.3579059829059829,0.2980769230769231,0.36752136752136755,0.3034188034188034,0.30982905982905984,0.3034188034188034,0.30662393162393164,0.280982905982906
377d5d88-9cac-4ac5-a9c1-2182c16663f5,938,QL,0.2700106723585913,0.35432230522945574,0.3575240128068303,0.29775880469583776,0.3671291355389541,0.3030949839914621,0.3094983991462113,0.3030949839914621,0.3062966915688367,0.2838847385272145
377d5d88-9cac-4ac5-a9c1-2182c16663f5,939,QL,0.2697228144989339,0.35394456289978676,0.35714285714285715,0.2974413646055437,0.36673773987206826,0.302771855010661,0.3091684434968017,0.30597014925373134,0.30597014925373134,0.2835820895522388
377d5d88-9cac-4ac5-a9c1-2182c16663f5,940,QL,0.26943556975505856,0.35356762513312034,0.35676251331203407,0.2971246006389776,0.3663471778487753,0.30670926517571884,0.308839190628328,0.30564430244941426,0.30564430244941426,0.2832800851970181
377d5d88-9cac-4ac5-a9c1-2182c16663f5,941,QL,0.2691489361702128,0.35319148936170214,0.3595744680851064,0.2968085106382979,0.3659574468085106,0.30638297872340425,0.30851063829787234,0.30531914893617024,0.30531914893617024,0.28297872340425534
377d5d88-9cac-4ac5-a9c1-2182c16663f5,942,QL,0.2688629117959617,0.3528161530286929,0.359192348565356,0.2964930924548353,0.3655685441020191,0.30818278427205104,0.30818278427205104,0.30499468650371947,0.30499468650371947,0.2826780021253985
377d5d88-9cac-4ac5-a9c1-2182c16663f5,943,QL,0.26857749469214437,0.3524416135881104,0.35881104033970274,0.2961783439490446,0.3651804670912951,0.3078556263269639,0.3078556263269639,0.3046709129511677,0.3057324840764331,0.2823779193205945
377d5d88-9cac-4ac5-a9c1-2182c16663f5,944,QL,0.26935312831389185,0.352067868504772,0.3584305408271474,0.295864262990456,0.3647932131495228,0.3075291622481442,0.3075291622481442,0.30434782608695654,0.3054082714740191,0.28207847295864263
377d5d88-9cac-4ac5-a9c1-2182c16663f5,945,QL,0.2690677966101695,0.3516949152542373,0.3580508474576271,0.2955508474576271,0.3644067796610169,0.3103813559322034,0.3072033898305085,0.3040254237288136,0.3050847457627119,0.2817796610169492
377d5d88-9cac-4ac5-a9c1-2182c16663f5,946,QL,0.2687830687830688,0.3513227513227513,0.3576719576719577,0.29523809523809524,0.3671957671957672,0.3100529100529101,0.30687830687830686,0.3037037037037037,0.3047619047619048,0.2814814814814815
377d5d88-9cac-4ac5-a9c1-2182c16663f5,947,QL,0.26849894291754756,0.35095137420718814,0.3572938689217759,0.2949260042283298,0.3668076109936575,0.3097251585623679,0.30655391120507397,0.3033826638477801,0.3044397463002114,0.28752642706131076
377d5d88-9cac-4ac5-a9c1-2182c16663f5,948,QL,0.2682154171066526,0.3505807814149947,0.3600844772967265,0.2946145723336853,0.36642027455121434,0.3093980992608237,0.30623020063357975,0.30306230200633577,0.3041182682154171,0.28722280887011614
377d5d88-9cac-4ac5-a9c1-2182c16663f5,949,QL,0.2679324894514768,0.350210970464135,0.35970464135021096,0.29430379746835444,0.36603375527426163,0.31329113924050633,0.3059071729957806,0.3027426160337553,0.3037974683544304,0.2869198312236287
377d5d88-9cac-4ac5-a9c1-2182c16663f5,950,QL,0.26765015806111697,0.3498419388830348,0.35932560590094836,0.2939936775553214,0.3656480505795574,0.3129610115911486,0.3055848261327713,0.30242360379346683,0.303477344573235,0.2897787144362487
377d5d88-9cac-4ac5-a9c1-2182c16663f5,951,QL,0.2673684210526316,0.3494736842105263,0.3589473684210526,0.29368421052631577,0.36526315789473685,0.31473684210526315,0.30526315789473685,0.3021052631578947,0.3031578947368421,0.2894736842105263
377d5d88-9cac-4ac5-a9c1-2182c16663f5,952,QL,0.26708727655099895,0.3491062039957939,0.35856992639327023,0.29337539432176657,0.3669821240799159,0.31440588853838064,0.3049421661409043,0.3017875920084122,0.3028391167192429,0.2891692954784437
377d5d88-9cac-4ac5-a9c1-2182c16663f5,953,QL,0.2668067226890756,0.3487394957983193,0.3581932773109244,0.2930672268907563,0.37184873949579833,0.31407563025210083,0.30462184873949577,0.3014705882352941,0.3025210084033613,0.28886554621848737
377d5d88-9cac-4ac5-a9c1-2182c16663f5,954,QL,0.2696747114375656,0.3483735571878279,0.3578174186778594,0.29275970619097585,0.37145855194123817,0.31374606505771246,0.304302203567681,0.3011542497376705,0.30220356768100737,0.2885624344176285
377d5d88-9cac-4ac5-a9c1-2182c16663f5,955,QL,0.2693920335429769,0.3480083857442348,0.35744234800838576,0.29245283018867924,0.3710691823899371,0.31341719077568136,0.3039832285115304,0.3029350104821803,0.3018867924528302,0.2882599580712788
377d5d88-9cac-4ac5-a9c1-2182c16663f5,956,QL,0.26910994764397905,0.34764397905759165,0.35706806282722514,0.29214659685863875,0.3706806282722513,0.31308900523560207,0.3089005235602094,0.30261780104712044,0.30157068062827225,0.2879581151832461
377d5d88-9cac-4ac5-a9c1-2182c16663f5,957,QL,0.2688284518828452,0.3472803347280335,0.35669456066945604,0.2918410041841004,0.3702928870292887,0.3127615062761506,0.30857740585774057,0.3043933054393305,0.301255230125523,0.28765690376569036
377d5d88-9cac-4ac5-a9c1-2182c16663f5,958,QL,0.26854754440961337,0.34691745036572624,0.3563218390804598,0.29153605015673983,0.36990595611285265,0.31452455590386624,0.30825496342737724,0.30407523510971785,0.30094043887147337,0.28735632183908044
377d5d88-9cac-4ac5-a9c1-2182c16663f5,959,QL,0.26826722338204595,0.3465553235908142,0.3559498956158664,0.29123173277661796,0.3695198329853862,0.31419624217118997,0.3079331941544885,0.3037578288100209,0.30062630480167013,0.28914405010438415
377d5d88-9cac-4ac5-a9c1-2182c16663f5,960,QL,0.26798748696558916,0.3461939520333681,0.3555787278415016,0.2909280500521376,0.3691345151199166,0.3180396246089677,0.30761209593326383,0.3034410844629823,0.30031282586027114,0.28884254431699685
377d5d88-9cac-4ac5-a9c1-2182c16663f5,961,QL,0.2677083333333333,0.3458333333333333,0.35520833333333335,0.290625,0.36875,0.3177083333333333,0.3072916666666667,0.303125,0.3,0.2916666666666667
377d5d88-9cac-4ac5-a9c1-2182c16663f5,962,QL,0.26742976066597296,0.34547346514047866,0.3548387096774194,0.2903225806451613,0.368366285119667,0.3173777315296566,0.30697190426638915,0.3028095733610822,0.29968782518210196,0.2934443288241415
377d5d88-9cac-4ac5-a9c1-2182c16663f5,963,QL,0.26715176715176714,0.34511434511434513,0.35446985446985446,0.29002079002079,0.367983367983368,0.31704781704781704,0.30665280665280664,0.3024948024948025,0.30457380457380456,0.29313929313929316
377d5d88-9cac-4ac5-a9c1-2182c16663f5,964,QL,0.26687435098650053,0.34475597092419524,0.3541017653167186,0.29387331256490135,0.367601246105919,0.31671858774662515,0.3063343717549325,0.30218068535825543,0.304257528556594,0.29283489096573206
377d5d88-9cac-4ac5-a9c1-2182c16663f5,965,QL,0.266597510373444,0.34439834024896265,0.3537344398340249,0.29356846473029047,0.36721991701244816,0.3163900414937759,0.30601659751037347,0.30186721991701243,0.3070539419087137,0.2925311203319502
377d5d88-9cac-4ac5-a9c1-2182c16663f5,966,QL,0.2683937823834197,0.34404145077720205,0.3533678756476684,0.2932642487046632,0.36683937823834195,0.3160621761658031,0.30569948186528495,0.3015544041450777,0.3067357512953368,0.2922279792746114
377d5d88-9cac-4ac5-a9c1-2182c16663f5,967,QL,0.26811594202898553,0.34368530020703936,0.3530020703933747,0.29296066252587993,0.36645962732919257,0.31573498964803315,0.3053830227743271,0.30124223602484473,0.30952380952380953,0.2919254658385093
377d5d88-9cac-4ac5-a9c1-2182c16663f5,968,QL,0.27197518097207857,0.34332988624612204,0.35263702171664946,0.29265770423991727,0.36608066184074456,0.3154084798345398,0.3050672182006205,0.30093071354705275,0.30920372285418823,0.29162357807652534
377d5d88-9cac-4ac5-a9c1-2182c16663f5,969,QL,0.27169421487603307,0.34297520661157027,0.3522727272727273,0.29235537190082644,0.365702479338843,0.31508264462809915,0.3047520661157025,0.3006198347107438,0.30888429752066116,0.2975206611570248
377d5d88-9cac-4ac5-a9c1-2182c16663f5,970,QL,0.2714138286893705,0.34262125902992774,0.35190918472652216,0.29721362229102166,0.3653250773993808,0.31475748194014447,0.304437564499484,0.30030959752321984,0.30856553147574817,0.29721362229102166
377d5d88-9cac-4ac5-a9c1-2182c16663f5,971,QL,0.2711340206185567,0.3422680412371134,0.3515463917525773,0.29690721649484536,0.3649484536082474,0.31443298969072164,0.30412371134020616,0.3,0.3082474226804124,0.3
377d5d88-9cac-4ac5-a9c1-2182c16663f5,972,QL,0.2708547888774459,0.3419155509783728,0.35118434603501547,0.29660144181256437,0.364572605561277,0.31822863027806386,0.3038105046343975,0.2996910401647786,0.3079299691040165,0.2996910401647786
377d5d88-9cac-4ac5-a9c1-2182c16663f5,973,QL,0.2705761316872428,0.34156378600823045,0.3508230452674897,0.2962962962962963,0.36419753086419754,0.31790123456790126,0.30349794238683125,0.301440329218107,0.30761316872427985,0.2993827160493827
377d5d88-9cac-4ac5-a9c1-2182c16663f5,974,QL,0.27029804727646456,0.34121274409044194,0.35046248715313466,0.2959917780061665,0.36382322713257964,0.3175745118191161,0.30318602261048305,0.3011305241521069,0.30729701952723537,0.30318602261048305
377d5d88-9cac-4ac5-a9c1-2182c16663f5,975,QL,0.27002053388090347,0.3408624229979466,0.35010266940451745,0.29568788501026694,0.36344969199178645,0.31724845995893225,0.3059548254620123,0.3008213552361396,0.3069815195071869,0.3028747433264887
377d5d88-9cac-4ac5-a9c1-2182c16663f5,976,QL,0.26974358974358975,0.3435897435897436,0.34974358974358977,0.2953846153846154,0.3630769230769231,0.3169230769230769,0.30564102564102563,0.3005128205128205,0.30666666666666664,0.30256410256410254
377d5d88-9cac-4ac5-a9c1-2182c16663f5,977,QL,0.2694672131147541,0.3432377049180328,0.34938524590163933,0.29508196721311475,0.36270491803278687,0.3176229508196721,0.305327868852459,0.30020491803278687,0.30635245901639346,0.30225409836065575
377d5d88-9cac-4ac5-a9c1-2182c16663f5,978,QL,0.2691914022517912,0.3428863868986694,0.3490276356192426,0.2947799385875128,0.3623336745138178,0.3203684749232344,0.30501535312180145,0.2998976458546571,0.3060388945752303,0.30194472876151485
377d5d88-9cac-4ac5-a9c1-2182c16663f5,979,QL,0.2689161554192229,0.3425357873210634,0.35276073619631904,0.294478527607362,0.3619631901840491,0.32004089979550104,0.3047034764826176,0.2995910020449898,0.3057259713701431,0.3016359918200409
377d5d88-9cac-4ac5-a9c1-2182c16663f5,980,QL,0.2686414708886619,0.3421859039836568,0.35240040858018384,0.2941777323799796,0.3615934627170582,0.31971399387129723,0.30745658835546474,0.2992849846782431,0.3054136874361593,0.30132788559754853
377d5d88-9cac-4ac5-a9c1-2182c16663f5,981,QL,0.2683673469387755,0.34183673469387754,0.3520408163265306,0.2938775510204082,0.36122448979591837,0.3193877551020408,0.30714285714285716,0.29897959183673467,0.3051020408163265,0.3051020408163265
377d5d88-9cac-4ac5-a9c1-2182c16663f5,982,QL,0.26809378185524974,0.3414882772680938,0.3516819571865443,0.29357798165137616,0.36085626911314983,0.31906218144750254,0.3068297655453619,0.29867482161060144,0.30479102956167176,0.308868501529052
377d5d88-9cac-4ac5-a9c1-2182c16663f5,983,QL,0.26782077393075354,0.3411405295315682,0.3513238289205703,0.29633401221995925,0.3604887983706721,0.31873727087576376,0.3065173116089613,0.2983706720977597,0.3044806517311609,0.3085539714867617
377d5d88-9cac-4ac5-a9c1-2182c16663f5,984,QL,0.26754832146490337,0.340793489318413,0.35096642929806715,0.2960325534079349,0.36012207527975587,0.31841302136317395,0.306205493387589,0.2980671414038657,0.3072227873855544,0.3082400813835198
377d5d88-9cac-4ac5-a9c1-2182c16663f5,985,QL,0.26727642276422764,0.3404471544715447,0.35365853658536583,0.29573170731707316,0.3597560975609756,0.31808943089430897,0.30589430894308944,0.29776422764227645,0.30691056910569103,0.3079268292682927
377d5d88-9cac-4ac5-a9c1-2182c16663f5,986,QL,0.2700507614213198,0.3401015228426396,0.3532994923857868,0.2954314720812183,0.35939086294416245,0.3177664974619289,0.30558375634517765,0.29746192893401013,0.3065989847715736,0.30761421319796955
377d5d88-9cac-4ac5-a9c1-2182c16663f5,987,QL,0.2697768762677485,0.33975659229208927,0.3539553752535497,0.295131845841785,0.359026369168357,0.3174442190669371,0.3052738336713996,0.2971602434077079,0.30628803245436104,0.30730223123732253
377d5d88-9cac-4ac5-a9c1-2182c16663f5,988,QL,0.2695035460992908,0.3394123606889564,0.353596757852077,0.2948328267477204,0.3586626139817629,0.3171225937183384,0.3049645390070922,0.2978723404255319,0.3059777102330294,0.3069908814589666
377d5d88-9cac-4ac5-a9c1-2182c16663f5,989,QL,0.2732793522267207,0.3390688259109312,0.3532388663967611,0.29453441295546556,0.3582995951417004,0.3168016194331984,0.30465587044534415,0.2975708502024291,0.305668016194332,0.3066801619433198
377d5d88-9cac-4ac5-a9c1-2182c16663f5,990,QL,0.2730030333670374,0.33872598584428715,0.3528816986855409,0.2942366026289181,0.3579373104145602,0.31648129423660265,0.3063700707785642,0.2972699696663296,0.30535894843276035,0.3063700707785642
377d5d88-9cac-4ac5-a9c1-2182c16663f5,991,QL,0.2727272727272727,0.3383838383838384,0.3525252525252525,0.29393939393939394,0.3575757575757576,0.31616161616161614,0.31212121212121213,0.296969696969697,0.30505050505050507,0.30606060606060603
377d5d88-9cac-4ac5-a9c1-2182c16663f5,992,QL,0.272452068617558,0.33804238143289606,0.3521695257315843,0.29364278506559033,0.35721493440968716,0.31886982845610495,0.31180625630676084,0.2966700302724521,0.30474268415741673,0.3057517658930373
377d5d88-9cac-4ac5-a9c1-2182c16663f5,993,QL,0.2721774193548387,0.3377016129032258,0.35181451612903225,0.2933467741935484,0.35685483870967744,0.3185483870967742,0.31451612903225806,0.2963709677419355,0.30443548387096775,0.30544354838709675
377d5d88-9cac-4ac5-a9c1-2182c16663f5,994,QL,0.2719033232628399,0.337361530715005,0.351460221550856,0.2930513595166163,0.3564954682779456,0.31822759315206445,0.31419939577039274,0.29607250755287007,0.3081570996978852,0.30513595166163143
377d5d88-9cac-4ac5-a9c1-2182c16663f5,995,QL,0.2716297786720322,0.33702213279678067,0.35110663983903423,0.29275653923541245,0.3561368209255533,0.317907444668008,0.3158953722334004,0.29577464788732394,0.30784708249496984,0.30482897384305835
377d5d88-9cac-4ac5-a9c1-2182c16663f5,996,QL,0.271356783919598,0.3407035175879397,0.3507537688442211,0.29246231155778896,0.35577889447236183,0.31758793969849247,0.3155778894472362,0.29547738693467335,0.3075376884422111,0.30452261306532663
377d5d88-9cac-4ac5-a9c1-2182c16663f5,997,QL,0.2710843373493976,0.34036144578313254,0.35040160642570284,0.2921686746987952,0.35542168674698793,0.3172690763052209,0.32028112449799195,0.29518072289156627,0.3072289156626506,0.3042168674698795
377d5d88-9cac-4ac5-a9c1-2182c16663f5,998,QL,0.2708124373119358,0.34002006018054165,0.35005015045135407,0.29187562688064195,0.35807422266800404,0.316950852557673,0.31995987963891676,0.2948846539618857,0.3069207622868606,0.3039117352056169
377d5d88-9cac-4ac5-a9c1-2182c16663f5,999,QL,0.27054108216432865,0.3396793587174349,0.3496993987975952,0.29158316633266534,0.35771543086172347,0.3166332665330661,0.3196392785571142,0.29458917835671344,0.30861723446893785,0.30360721442885774
377d5d88-9cac-4ac5-a9c1-2182c16663f5,1000,QL,0.2702702702702703,0.33933933933933935,0.34934934934934936,0.2912912912912913,0.35735735735735735,0.3163163163163163,0.31931931931931934,0.29429429429429427,0.3083083083083083,0.3073073073073073
377d5d88-9cac-4ac5-a9c1-2182c16663f5,1001,QL,0.27,0.339,0.349,0.291,0.357,0.316,0.319,0.299,0.308,0.307
377d5d88-9cac-4ac5-a9c1-2182c16663f5,1002,QL,0.26973026973026976,0.3386613386613387,0.34865134865134867,0.2907092907092907,0.35664335664335667,0.3156843156843157,0.31868131868131866,0.3036963036963037,0.3076923076923077,0.3066933066933067
377d5d88-9cac-4ac5-a9c1-2182c16663f5,1003,QL,0.2694610778443114,0.3383233532934132,0.34830339321357284,0.2904191616766467,0.3562874251497006,0.3153692614770459,0.3193612774451098,0.3033932135728543,0.3073852295409182,0.3063872255489022
377d5d88-9cac-4ac5-a9c1-2182c16663f5,1004,QL,0.2691924227318046,0.33798604187437686,0.34795613160518446,0.2901296111665005,0.357926221335992,0.3150548354935194,0.3190428713858425,0.30309072781655033,0.3070787637088734,0.30608175473579263
377d5d88-9cac-4ac5-a9c1-2182c16663f5,1005,QL,0.2689243027888446,0.3376494023904382,0.34760956175298807,0.2898406374501992,0.35756972111553786,0.3147410358565737,0.32171314741035856,0.30278884462151395,0.30677290836653387,0.3057768924302789
377d5d88-9cac-4ac5-a9c1-2182c16663f5,1006,QL,0.26865671641791045,0.34129353233830845,0.3472636815920398,0.28955223880597014,0.3572139303482587,0.3144278606965174,0.32139303482587067,0.3024875621890547,0.30646766169154227,0.3054726368159204
377d5d88-9cac-4ac5-a9c1-2182c16663f5,1007,QL,0.268389662027833,0.34095427435387676,0.34691848906560635,0.28926441351888665,0.35685884691848907,0.31709741550695825,0.3210735586481113,0.30218687872763417,0.3061630218687873,0.305168986083499
377d5d88-9cac-4ac5-a9c1-2182c16663f5,1008,QL,0.26812313803376364,0.34061569016881826,0.34657398212512414,0.2899702085402185,0.35650446871896724,0.31678252234359483,0.32075471698113206,0.3018867924528302,0.3058589870903674,0.30486593843098314
377d5d88-9cac-4ac5-a9c1-2182c16663f5,1009,QL,0.26785714285714285,0.3402777777777778,0.3462301587301587,0.2896825396825397,0.35615079365079366,0.31845238095238093,0.32043650793650796,0.30158730158730157,0.3055555555555556,0.30456349206349204
377d5d88-9cac-4ac5-a9c1-2182c16663f5,1010,QL,0.267591674925669,0.3399405351833499,0.3458870168483647,0.2893954410307235,0.3587710604558969,0.31813676907829536,0.3201189296333003,0.3012884043607532,0.30525272547076315,0.30426164519326065
377d5d88-9cac-4ac5-a9c1-2182c16663f5,1011,QL,0.26732673267326734,0.3435643564356436,0.3455445544554455,0.2891089108910891,0.3584158415841584,0.3178217821782178,0.3198019801980198,0.300990099009901,0.30495049504950494,0.30396039603960395
377d5d88-9cac-4ac5-a9c1-2182c16663f5,1012,QL,0.26706231454005935,0.34322453016815035,0.34520276953511375,0.2888229475766568,0.3580613254203759,0.31750741839762614,0.31948565776458954,0.3006923837784372,0.304648862512364,0.3066271018793274
377d5d88-9cac-4ac5-a9c1-2182c16663f5,1013,QL,0.26679841897233203,0.34288537549407117,0.35079051383399207,0.2885375494071146,0.3577075098814229,0.31719367588932806,0.3191699604743083,0.30039525691699603,0.30434782608695654,0.30632411067193677
377d5d88-9cac-4ac5-a9c1-2182c16663f5,1014,QL,0.2665350444225074,0.3425468904244817,0.3504442250740375,0.2882527147087858,0.35735439289239884,0.3168805528134255,0.3188548864758144,0.30009871668311944,0.3089832181638697,0.3060217176702863
377d5d88-9cac-4ac5-a9c1-2182c16663f5,1015,QL,0.26627218934911245,0.3422090729783038,0.35009861932938857,0.2879684418145957,0.35700197238658776,0.3165680473372781,0.3185404339250493,0.3047337278106509,0.3086785009861933,0.3057199211045365
377d5d88-9cac-4ac5-a9c1-2182c16663f5,1016,QL,0.2660098522167488,0.341871921182266,0.35467980295566504,0.2876847290640394,0.3566502463054187,0.316256157635468,0.31822660098522165,0.3044334975369458,0.3083743842364532,0.3054187192118227
377d5d88-9cac-4ac5-a9c1-2182c16663f5,1017,QL,0.265748031496063,0.3464566929133858,0.3543307086614173,0.2874015748031496,0.3562992125984252,0.3159448818897638,0.31791338582677164,0.30413385826771655,0.3080708661417323,0.3051181102362205
377d5d88-9cac-4ac5-a9c1-2182c16663f5,1018,QL,0.26548672566371684,0.34611602753195675,0.35398230088495575,0.2871189773844641,0.3559488692232055,0.31563421828908556,0.3176007866273353,0.3077679449360865,0.3077679449360865,0.3048180924287119
377d5d88-9cac-4ac5-a9c1-2182c16663f5,1019,QL,0.26522593320235754,0.34577603143418467,0.35363457760314343,0.2868369351669941,0.3555992141453831,0.3153241650294695,0.32023575638506874,0.3074656188605108,0.3074656188605108,0.3045186640471513
377d5d88-9cac-4ac5-a9c1-2182c16663f5,1020,QL,0.2649656526005888,0.34543670264965654,0.35328753680078506,0.2875368007850834,0.35525024533856725,0.3150147203140334,0.3199214916584887,0.3071638861629048,0.3071638861629048,0.3042198233562316
377d5d88-9cac-4ac5-a9c1-2182c16663f5,1021,QL,0.2647058823529412,0.34509803921568627,0.35294117647058826,0.2872549019607843,0.35490196078431374,0.31470588235294117,0.3196078431372549,0.3088235294117647,0.30686274509803924,0.30392156862745096
377d5d88-9cac-4ac5-a9c1-2182c16663f5,1022,QL,0.2644466209598433,0.34476003917727716,0.3525954946131244,0.28697355533790403,0.3545543584720862,0.3143976493633692,0.31929480901077373,0.31341821743388837,0.30656219392752204,0.3036238981390793
377d5d88-9cac-4ac5-a9c1-2182c16663f5,1023,QL,0.26418786692759294,0.34442270058708413,0.3522504892367906,0.28669275929549903,0.3542074363992172,0.31409001956947163,0.31898238747553814,0.3150684931506849,0.3062622309197652,0.30332681017612523
377d5d88-9cac-4ac5-a9c1-2182c16663f5,1024,QL,0.26392961876832843,0.34408602150537637,0.3519061583577713,0.28641251221896386,0.35386119257087,0.31378299120234604,0.3196480938416422,0.3147605083088954,0.30596285434995113,0.30303030303030304
377d5d88-9cac-4ac5-a9c1-2182c16663f5,1025,QL,0.263671875,0.34375,0.3515625,0.2861328125,0.357421875,0.3134765625,0.3193359375,0.314453125,0.3056640625,0.302734375
377d5d88-9cac-4ac5-a9c1-2182c16663f5,1026,QL,0.26634146341463416,0.3434146341463415,0.35121951219512193,0.28585365853658534,0.3570731707317073,0.3131707317073171,0.31902439024390244,0.31414634146341464,0.3053658536585366,0.3024390243902439
377d5d88-9cac-4ac5-a9c1-2182c16663f5,1027,QL,0.26608187134502925,0.34307992202729043,0.3508771929824561,0.2894736842105263,0.3567251461988304,0.3128654970760234,0.31871345029239767,0.3138401559454191,0.3050682261208577,0.30214424951267055
377d5d88-9cac-4ac5-a9c1-2182c16663f5,1028,QL,0.26582278481012656,0.34469328140214217,0.3505355404089581,0.2891918208373905,0.3563777994157741,0.31256085686465435,0.3184031158714703,0.31353456669912366,0.3047711781888997,0.3018500486854917
377d5d88-9cac-4ac5-a9c1-2182c16663f5,1029,QL,0.26556420233463035,0.3443579766536965,0.35019455252918286,0.2928015564202335,0.3560311284046693,0.3122568093385214,0.31809338521400776,0.3132295719844358,0.3044747081712062,0.301556420233463
377d5d88-9cac-4ac5-a9c1-2182c16663f5,1030,QL,0.2653061224489796,0.34402332361516036,0.3498542274052478,0.2925170068027211,0.3595724003887269,0.3119533527696793,0.3177842565597668,0.3129251700680272,0.304178814382896,0.3012633624878523
377d5d88-9cac-4ac5-a9c1-2182c16663f5,1031,QL,0.2650485436893204,0.34368932038834954,0.34951456310679613,0.2922330097087379,0.3592233009708738,0.3116504854368932,0.3174757281553398,0.31844660194174756,0.30388349514563107,0.30097087378640774
377d5d88-9cac-4ac5-a9c1-2182c16663f5,1032,QL,0.26479146459747815,0.3433559650824442,0.34917555771096026,0.29194956353055285,0.3588748787584869,0.3113482056256062,0.3171677982541222,0.32104752667313285,0.30358874878758485,0.3006789524733269
377d5d88-9cac-4ac5-a9c1-2182c16663f5,1033,QL,0.26453488372093026,0.3430232558139535,0.3488372093023256,0.2916666666666667,0.35852713178294576,0.311046511627907,0.3168604651162791,0.3236434108527132,0.30329457364341084,0.3003875968992248
377d5d88-9cac-4ac5-a9c1-2182c16663f5,1034,QL,0.26427879961277834,0.3426911907066796,0.34849951597289447,0.29138431752178123,0.35818005808325265,0.3107454017424976,0.31752178121974833,0.3233301064859632,0.30300096805421106,0.30009680542110356
377d5d88-9cac-4ac5-a9c1-2182c16663f5,1035,QL,0.269825918762089,0.34235976789168276,0.3481624758220503,0.2911025145067698,0.3578336557059961,0.3104448742746615,0.31721470019342357,0.3230174081237911,0.3027079303675048,0.29980657640232106
377d5d88-9cac-4ac5-a9c1-2182c16663f5,1036,QL,0.26956521739130435,0.34202898550724636,0.34782608695652173,0.29082125603864734,0.357487922705314,0.3101449275362319,0.3169082125603865,0.32270531400966185,0.30628019323671496,0.2995169082125604
377d5d88-9cac-4ac5-a9c1-2182c16663f5,1037,QL,0.2693050193050193,0.34459459459459457,0.3474903474903475,0.2905405405405405,0.35714285714285715,0.30984555984555984,0.3166023166023166,0.3223938223938224,0.305984555984556,0.29922779922779924
377d5d88-9cac-4ac5-a9c1-2182c16663f5,1038,QL,0.2690453230472517,0.3442622950819672,0.3471552555448409,0.29026036644165865,0.35679845708775315,0.3095467695274831,0.3162970106075217,0.32208293153326906,0.3056894889103182,0.29990356798457085
377d5d88-9cac-4ac5-a9c1-2182c16663f5,1039,QL,0.2726396917148362,0.3439306358381503,0.3468208092485549,0.28998073217726394,0.35645472061657035,0.3092485549132948,0.3159922928709056,0.3217726396917148,0.30539499036608864,0.2996146435452794
377d5d88-9cac-4ac5-a9c1-2182c16663f5,1040,QL,0.27237728585178056,0.343599615014437,0.34648700673724736,0.2897016361886429,0.35611164581328203,0.3089509143407122,0.3156881616939365,0.32146294513955725,0.3060635226179018,0.2993262752646776
377d5d88-9cac-4ac5-a9c1-2182c16663f5,1041,QL,0.2721153846153846,0.34326923076923077,0.34615384615384615,0.28942307692307695,0.3596153846153846,0.30865384615384617,0.3153846153846154,0.3211538461538462,0.3057692307692308,0.29903846153846153
377d5d88-9cac-4ac5-a9c1-2182c16663f5,1042,QL,0.27185398655139287,0.34293948126801155,0.345821325648415,0.28914505283381364,0.35926993275696445,0.30835734870317005,0.3150816522574448,0.3227665706051873,0.30547550432276654,0.2987512007684918
377d5d88-9cac-4ac5-a9c1-2182c16663f5,1043,QL,0.2715930902111324,0.34261036468330136,0.345489443378119,0.2888675623800384,0.35892514395393477,0.30806142034548945,0.31477927063339733,0.32245681381957775,0.30806142034548945,0.29846449136276393
377d5d88-9cac-4ac5-a9c1-2182c16663f5,1044,QL,0.2722914669223394,0.3422818791946309,0.3451581975071908,0.28859060402684567,0.3585810162991371,0.3077660594439118,0.3144774688398849,0.3221476510067114,0.3077660594439118,0.2981783317353787
377d5d88-9cac-4ac5-a9c1-2182c16663f5,1045,QL,0.2720306513409962,0.34195402298850575,0.3457854406130268,0.2883141762452107,0.35823754789272033,0.3074712643678161,0.31417624521072796,0.3218390804597701,0.3074712643678161,0.2978927203065134
377d5d88-9cac-4ac5-a9c1-2182c16663f5,1046,QL,0.27177033492822966,0.3416267942583732,0.34545454545454546,0.2880382775119617,0.35789473684210527,0.31100478468899523,0.3138755980861244,0.3215311004784689,0.307177033492823,0.2976076555023923
377d5d88-9cac-4ac5-a9c1-2182c16663f5,1047,QL,0.27151051625239003,0.34130019120458893,0.3451242829827916,0.28776290630975143,0.3575525812619503,0.31261950286806883,0.3135755258126195,0.32122370936902483,0.3068833652007648,0.29732313575525815
377d5d88-9cac-4ac5-a9c1-2182c16663f5,1048,QL,0.271251193887297,0.34097421203438394,0.3447946513849093,0.2903533906399236,0.35721107927411655,0.3123209169054441,0.3132760267430755,0.3209169054441261,0.30659025787965616,0.29703915950334286
377d5d88-9cac-4ac5-a9c1-2182c16663f5,1049,QL,0.27099236641221375,0.34064885496183206,0.34446564885496184,0.2900763358778626,0.3568702290076336,0.31202290076335876,0.31583969465648853,0.32061068702290074,0.3062977099236641,0.2967557251908397
377d5d88-9cac-4ac5-a9c1-2182c16663f5,1050,QL,0.27073403241182076,0.342230695900858,0.34413727359389895,0.2897998093422307,0.3565300285986654,0.3117254528122021,0.31553860819828405,0.3203050524308866,0.3060057197330791,0.29647283126787416
377d5d88-9cac-4ac5-a9c1-2182c16663f5,1051,QL,0.2704761904761905,0.3419047619047619,0.3438095238095238,0.2895238095238095,0.35619047619047617,0.31142857142857144,0.31523809523809526,0.32,0.3057142857142857,0.29714285714285715
377d5d88-9cac-4ac5-a9c1-2182c16663f5,1052,QL,0.2702188392007612,0.34157944814462415,0.3434823977164605,0.28924833491912466,0.3558515699333968,0.3111322549952426,0.3149381541389153,0.3196955280685062,0.3054234062797336,0.29971455756422455
377d5d88-9cac-4ac5-a9c1-2182c16663f5,1053,QL,0.26996197718631176,0.34125475285171103,0.3431558935361217,0.29182509505703425,0.35551330798479086,0.3108365019011407,0.314638783269962,0.3193916349809886,0.3051330798479088,0.2994296577946768
377d5d88-9cac-4ac5-a9c1-2182c16663f5,1054,QL,0.26970560303893637,0.3409306742640076,0.34283000949667614,0.29154795821462487,0.35517568850902187,0.31054131054131057,0.3143399810066477,0.3190883190883191,0.30484330484330485,0.29914529914529914
377d5d88-9cac-4ac5-a9c1-2182c16663f5,1055,QL,0.269449715370019,0.340607210626186,0.3425047438330171,0.29127134724857684,0.3548387096774194,0.31024667931688804,0.31404174573055027,0.3187855787476281,0.30740037950664134,0.29886148007590135
377d5d88-9cac-4ac5-a9c1-2182c16663f5,1056,QL,0.26919431279620853,0.3402843601895735,0.34218009478672984,0.2909952606635071,0.35450236966824644,0.30995260663507107,0.3165876777251185,0.3184834123222749,0.3071090047393365,0.2985781990521327
377d5d88-9cac-4ac5-a9c1-2182c16663f5,1057,QL,0.2689393939393939,0.3456439393939394,0.3418560606060606,0.29071969696969696,0.3541666666666667,0.3096590909090909,0.3162878787878788,0.3181818181818182,0.3068181818181818,0.29829545454545453
377d5d88-9cac-4ac5-a9c1-2182c16663f5,1058,QL,0.2686849574266793,0.34531693472090824,0.34626300851466413,0.2904446546830653,0.35383159886471144,0.3093661305581835,0.31598864711447494,0.31788079470198677,0.3065279091769158,0.2980132450331126
377d5d88-9cac-4ac5-a9c1-2182c16663f5,1059,QL,0.2684310018903592,0.3449905482041588,0.34782608695652173,0.29017013232514177,0.3534971644612476,0.30907372400756145,0.31568998109640833,0.31758034026465026,0.30623818525519847,0.29773156899810965
377d5d88-9cac-4ac5-a9c1-2182c16663f5,1060,QL,0.27101038715769593,0.34466477809254015,0.34749763928234184,0.2898961284230406,0.35316336166194523,0.3087818696883853,0.3153918791312559,0.31728045325779036,0.3059490084985836,0.29745042492917845
377d5d88-9cac-4ac5-a9c1-2182c16663f5,1061,QL,0.27075471698113207,0.3443396226415094,0.3471698113207547,0.28962264150943395,0.35283018867924526,0.30849056603773584,0.3150943396226415,0.3169811320754717,0.30566037735849055,0.3009433962264151
377d5d88-9cac-4ac5-a9c1-2182c16663f5,1062,QL,0.2704995287464656,0.34401508011310084,0.3468426013195099,0.28934967012252594,0.352497643732328,0.3081998114985862,0.31479736098020733,0.3166823751178134,0.3072573044297832,0.3006597549481621
377d5d88-9cac-4ac5-a9c1-2182c16663f5,1063,QL,0.2702448210922787,0.3436911487758945,0.3465160075329567,0.2890772128060264,0.352165725047081,0.307909604519774,0.3145009416195857,0.3163841807909605,0.3069679849340866,0.3022598870056497
377d5d88-9cac-4ac5-a9c1-2182c16663f5,1064,QL,0.2699905926622766,0.3433678269049859,0.34619002822201317,0.2888052681091251,0.35183443085606775,0.31138287864534336,0.3142050799623706,0.3160865475070555,0.3066792097836312,0.3019755409219191
377d5d88-9cac-4ac5-a9c1-2182c16663f5,1065,QL,0.26973684210526316,0.3430451127819549,0.3458646616541353,0.28853383458646614,0.35150375939849626,0.31109022556390975,0.31390977443609025,0.3157894736842105,0.30639097744360905,0.30545112781954886
377d5d88-9cac-4ac5-a9c1-2182c16663f5,1066,QL,0.27417840375586855,0.3427230046948357,0.3455399061032864,0.28826291079812205,0.3511737089201878,0.3107981220657277,0.3136150234741784,0.3154929577464789,0.3061032863849765,0.3051643192488263
377d5d88-9cac-4ac5-a9c1-2182c16663f5,1067,QL,0.2767354596622889,0.3424015009380863,0.3452157598499062,0.2879924953095685,0.350844277673546,0.31050656660412757,0.3133208255159475,0.3151969981238274,0.3058161350844278,0.3048780487804878
377d5d88-9cac-4ac5-a9c1-2182c16663f5,1068,QL,0.27647610121836924,0.34208059981255856,0.344892221180881,0.28772258669165884,0.35051546391752575,0.31021555763823805,0.31302717900656046,0.3149015932521087,0.3055295220243674,0.3064667291471415
377d5d88-9cac-4ac5-a9c1-2182c16663f5,1069,QL,0.2762172284644195,0.34176029962546817,0.34925093632958804,0.28745318352059923,0.350187265917603,0.3099250936329588,0.31273408239700373,0.3146067415730337,0.3052434456928839,0.3061797752808989
377d5d88-9cac-4ac5-a9c1-2182c16663f5,1070,QL,0.27595884003741816,0.3414405986903648,0.3489242282507016,0.2899906454630496,0.3498596819457437,0.30963517305893357,0.3124415341440599,0.31431244153414406,0.3049579045837231,0.3058933582787652
377d5d88-9cac-4ac5-a9c1-2182c16663f5,1071,QL,0.2757009345794392,0.3411214953271028,0.3485981308411215,0.2897196261682243,0.3514018691588785,0.30934579439252335,0.3121495327102804,0.31401869158878504,0.30467289719626167,0.305607476635514
377d5d88-9cac-4ac5-a9c1-2182c16663f5,1072,QL,0.2754435107376284,0.3445378151260504,0.34827264239028943,0.28944911297852477,0.3510737628384687,0.30905695611577966,0.3118580765639589,0.3137254901960784,0.30438842203548083,0.30532212885154064
377d5d88-9cac-4ac5-a9c1-2182c16663f5,1073,QL,0.2751865671641791,0.3460820895522388,0.34794776119402987,0.2891791044776119,0.35074626865671643,0.3087686567164179,0.31156716417910446,0.31343283582089554,0.3041044776119403,0.3050373134328358
377d5d88-9cac-4ac5-a9c1-2182c16663f5,1074,QL,0.2749301025163094,0.34575955265610436,0.34762348555452005,0.28890959925442683,0.3504193849021435,0.3084808946877912,0.31127679403541475,0.3131407269338304,0.3038210624417521,0.3084808946877912
377d5d88-9cac-4ac5-a9c1-2182c16663f5,1075,QL,0.2746741154562384,0.34543761638733705,0.3472998137802607,0.2886405959031657,0.3500931098696462,0.30819366852886404,0.31098696461824954,0.3128491620111732,0.30353817504655495,0.3100558659217877
377d5d88-9cac-4ac5-a9c1-2182c16663f5,1076,QL,0.2744186046511628,0.347906976744186,0.3469767441860465,0.28837209302325584,0.3497674418604651,0.30790697674418605,0.31069767441860463,0.3125581395348837,0.3032558139534884,0.3097674418604651
377d5d88-9cac-4ac5-a9c1-2182c16663f5,1077,QL,0.2741635687732342,0.3475836431226766,0.3466542750929368,0.2899628252788104,0.34944237918215615,0.3076208178438662,0.3104089219330855,0.31226765799256506,0.30297397769516726,0.30947955390334575
377d5d88-9cac-4ac5-a9c1-2182c16663f5,1078,QL,0.27390900649953576,0.34726090993500464,0.3463324048282266,0.2906220984215413,0.3491179201485608,0.3073351903435469,0.31012070566388117,0.31197771587743733,0.30269266480965645,0.30919220055710306
377d5d88-9cac-4ac5-a9c1-2182c16663f5,1079,QL,0.27365491651205937,0.3525046382189239,0.3460111317254174,0.29035250463821893,0.34879406307977734,0.3070500927643785,0.3098330241187384,0.3116883116883117,0.30241187384044527,0.30890538033395176
377d5d88-9cac-4ac5-a9c1-2182c16663f5,1080,QL,0.27340129749768305,0.35217794253938833,0.3456904541241891,0.29008341056533826,0.3484708063021316,0.30676552363299353,0.31047265987025024,0.3113994439295644,0.30213160333642264,0.3086190917516219
377d5d88-9cac-4ac5-a9c1-2182c16663f5,1081,QL,0.2777777777777778,0.35185185185185186,0.3453703703703704,0.2898148148148148,0.34814814814814815,0.30648148148148147,0.3101851851851852,0.3111111111111111,0.30185185185185187,0.30833333333333335
377d5d88-9cac-4ac5-a9c1-2182c16663f5,1082,QL,0.27752081406105455,0.3515263644773358,0.3450508788159112,0.2895467160037003,0.34782608695652173,0.30619796484736356,0.31174838112858466,0.3108233117483811,0.301572617946346,0.3080481036077706
377d5d88-9cac-4ac5-a9c1-2182c16663f5,1083,QL,0.27726432532347506,0.3512014787430684,0.34473197781885395,0.28927911275415896,0.34750462107208874,0.30591497227356745,0.31146025878003697,0.31053604436229204,0.30129390018484287,0.31053604436229204
377d5d88-9cac-4ac5-a9c1-2182c16663f5,1084,QL,0.2770083102493075,0.3508771929824561,0.3444136657433056,0.28901200369344415,0.3471837488457987,0.30840258541089566,0.31117266851338876,0.31024930747922436,0.3010156971375808,0.31024930747922436
377d5d88-9cac-4ac5-a9c1-2182c16663f5,1085,QL,0.2767527675276753,0.3505535055350554,0.3440959409594096,0.2887453874538745,0.34686346863468637,0.3081180811808118,0.31088560885608857,0.30996309963099633,0.3007380073800738,0.30996309963099633
377d5d88-9cac-4ac5-a9c1-2182c16663f5,1086,QL,0.2764976958525346,0.35023041474654376,0.343778801843318,0.2912442396313364,0.34654377880184334,0.30783410138248846,0.3105990783410138,0.3096774193548387,0.30046082949308756,0.3096774193548387
377d5d88-9cac-4ac5-a9c1-2182c16663f5,1087,QL,0.27624309392265195,0.34990791896869244,0.3434622467771639,0.2918968692449355,0.3462246777163904,0.30755064456721914,0.31031307550644566,0.30939226519337015,0.3001841620626151,0.30939226519337015
377d5d88-9cac-4ac5-a9c1-2182c16663f5,1088,QL,0.27598896044158233,0.34958601655933763,0.34314627414903404,0.29162833486660533,0.34590616375344985,0.3091076356945722,0.31002759889604414,0.3091076356945722,0.2999080036798528,0.3091076356945722
377d5d88-9cac-4ac5-a9c1-2182c16663f5,1089,QL,0.2757352941176471,0.3492647058823529,0.34558823529411764,0.2913602941176471,0.34558823529411764,0.3088235294117647,0.30974264705882354,0.3088235294117647,0.29963235294117646,0.3088235294117647
377d5d88-9cac-4ac5-a9c1-2182c16663f5,1090,QL,0.27548209366391185,0.34894398530762166,0.34527089072543615,0.2910927456382002,0.34527089072543615,0.310376492194674,0.30945821854912764,0.3085399449035813,0.29935720844811753,0.3085399449035813
377d5d88-9cac-4ac5-a9c1-2182c16663f5,1091,QL,0.27522935779816515,0.3486238532110092,0.344954128440367,0.29357798165137616,0.344954128440367,0.3100917431192661,0.3091743119266055,0.30825688073394497,0.29908256880733947,0.30825688073394497
377d5d88-9cac-4ac5-a9c1-2182c16663f5,1092,QL,0.27497708524289644,0.3483043079743355,0.3473877176901925,0.2933088909257562,0.3446379468377635,0.30980751604032997,0.308890925756187,0.307974335472044,0.29880843263061413,0.307974335472044
377d5d88-9cac-4ac5-a9c1-2182c16663f5,1093,QL,0.27472527472527475,0.34798534798534797,0.34706959706959706,0.2948717948717949,0.3443223443223443,0.30952380952380953,0.3086080586080586,0.3076923076923077,0.29853479853479853,0.3076923076923077
377d5d88-9cac-4ac5-a9c1-2182c16663f5,1094,QL,0.2744739249771272,0.3504117108874657,0.3467520585544373,0.2946020128087832,0.34400731930466605,0.3092406221408966,0.3083257090576395,0.3074107959743824,0.2982616651418115,0.3074107959743824
377d5d88-9cac-4ac5-a9c1-2182c16663f5,1095,QL,0.2742230347349177,0.35283363802559414,0.34643510054844606,0.2943327239488117,0.3436928702010969,0.30895795246800734,0.3080438756855576,0.3071297989031079,0.2979890310786106,0.3071297989031079
377d5d88-9cac-4ac5-a9c1-2182c16663f5,1096,QL,0.27671232876712326,0.35251141552511417,0.3461187214611872,0.29406392694063926,0.34337899543378997,0.308675799086758,0.30776255707762556,0.30684931506849317,0.29771689497716897,0.30684931506849317
377d5d88-9cac-4ac5-a9c1-2182c16663f5,1097,QL,0.27645985401459855,0.35492700729927007,0.3458029197080292,0.2937956204379562,0.34306569343065696,0.3083941605839416,0.3074817518248175,0.30656934306569344,0.29744525547445255,0.30656934306569344
377d5d88-9cac-4ac5-a9c1-2182c16663f5,1098,QL,0.27620783956244305,0.35551504102096626,0.3454876937101185,0.2935278030993619,0.34275296262534183,0.3081130355515041,0.3072014585232452,0.3062898814949863,0.29717411121239745,0.3062898814949863
377d5d88-9cac-4ac5-a9c1-2182c16663f5,1099,QL,0.27595628415300544,0.3551912568306011,0.3451730418943534,0.29326047358834245,0.3442622950819672,0.30783242258652094,0.3069216757741348,0.30601092896174864,0.29690346083788705,0.30601092896174864
377d5d88-9cac-4ac5-a9c1-2182c16663f5,1100,QL,0.275705186533212,0.3548680618744313,0.3475887170154686,0.2929936305732484,0.34394904458598724,0.3075523202911738,0.30664240218380345,0.3057324840764331,0.2966333030027298,0.3057324840764331
377d5d88-9cac-4ac5-a9c1-2182c16663f5,1101,QL,0.27545454545454545,0.35454545454545455,0.3472727272727273,0.2927272727272727,0.34363636363636363,0.30727272727272725,0.30636363636363634,0.3054545454545455,0.2963636363636364,0.3109090909090909
377d5d88-9cac-4ac5-a9c1-2182c16663f5,1102,QL,0.27520435967302453,0.3542234332425068,0.3469573115349682,0.2924613987284287,0.34332425068119893,0.3069936421435059,0.3060853769300636,0.30517711171662126,0.296094459582198,0.31607629427792916
377d5d88-9cac-4ac5-a9c1-2182c16663f5,1103,QL,0.2749546279491833,0.35390199637023595,0.35208711433756806,0.29219600725952816,0.3430127041742287,0.30671506352087113,0.3058076225045372,0.30490018148820325,0.2958257713248639,0.3157894736842105
377d5d88-9cac-4ac5-a9c1-2182c16663f5,1104,QL,0.2747053490480508,0.3535811423390752,0.35176790571169536,0.29193109700815956,0.34270172257479603,0.30643699002719854,0.3109700815956482,0.3046237533998187,0.2955575702629193,0.3155031731640979
377d5d88-9cac-4ac5-a9c1-2182c16663f5,1105,QL,0.27445652173913043,0.3532608695652174,0.35144927536231885,0.2916666666666667,0.3423913043478261,0.3061594202898551,0.31068840579710144,0.30978260869565216,0.29528985507246375,0.31521739130434784
377d5d88-9cac-4ac5-a9c1-2182c16663f5,1106,QL,0.2742081447963801,0.35294117647058826,0.351131221719457,0.2914027149321267,0.34751131221719456,0.3058823529411765,0.31040723981900453,0.3095022624434389,0.29502262443438915,0.31493212669683257
377d5d88-9cac-4ac5-a9c1-2182c16663f5,1107,QL,0.2739602169981917,0.352622061482821,0.3508137432188065,0.2911392405063291,0.3471971066907776,0.30560578661844484,0.310126582278481,0.31464737793851716,0.29475587703435807,0.31464737793851716
377d5d88-9cac-4ac5-a9c1-2182c16663f5,1108,QL,0.27371273712737126,0.3523035230352303,0.35049683830171635,0.2908762420957543,0.34688346883468835,0.3053297199638663,0.3152664859981933,0.3143631436314363,0.2944896115627823,0.3143631436314363
377d5d88-9cac-4ac5-a9c1-2182c16663f5,1109,QL,0.27346570397111913,0.351985559566787,0.35018050541516244,0.29061371841155237,0.34657039711191334,0.30505415162454874,0.3203971119133574,0.3140794223826715,0.29422382671480146,0.3140794223826715
377d5d88-9cac-4ac5-a9c1-2182c16663f5,1110,QL,0.2732191163210099,0.35166816952209196,0.3552750225428314,0.29035166816952207,0.3462578899909829,0.3047790802524797,0.3201082055906222,0.31379621280432823,0.2939585211902615,0.31379621280432823
377d5d88-9cac-4ac5-a9c1-2182c16663f5,1111,QL,0.27297297297297296,0.35135135135135137,0.35495495495495494,0.29009009009009007,0.34594594594594597,0.3045045045045045,0.31981981981981983,0.31351351351351353,0.2936936936936937,0.31891891891891894
377d5d88-9cac-4ac5-a9c1-2182c16663f5,1112,QL,0.2727272727272727,0.35103510351035105,0.3546354635463546,0.28982898289828984,0.35103510351035105,0.30423042304230424,0.3195319531953195,0.3132313231323132,0.2934293429342934,0.31863186318631864
377d5d88-9cac-4ac5-a9c1-2182c16663f5,1113,QL,0.27248201438848924,0.35071942446043164,0.35431654676258995,0.289568345323741,0.35071942446043164,0.3039568345323741,0.32464028776978415,0.3129496402877698,0.2931654676258993,0.3183453237410072
377d5d88-9cac-4ac5-a9c1-2182c16663f5,1114,QL,0.2722371967654987,0.3504043126684636,0.35399820305480684,0.29469901168014373,0.3504043126684636,0.3036837376460018,0.3243486073674753,0.31266846361185985,0.29290206648697215,0.31805929919137466
377d5d88-9cac-4ac5-a9c1-2182c16663f5,1115,QL,0.2719928186714542,0.3500897666068223,0.35368043087971274,0.29443447037701975,0.3500897666068223,0.30341113105924594,0.32944344703770195,0.3123877917414722,0.2926391382405745,0.3177737881508079
377d5d88-9cac-4ac5-a9c1-2182c16663f5,1116,QL,0.2717488789237668,0.34977578475336324,0.35336322869955156,0.29417040358744395,0.34977578475336324,0.30852017937219733,0.3291479820627803,0.31210762331838565,0.29237668161434976,0.31748878923766816
377d5d88-9cac-4ac5-a9c1-2182c16663f5,1117,QL,0.271505376344086,0.34946236559139787,0.35304659498207885,0.2939068100358423,0.3548387096774194,0.30824372759856633,0.3288530465949821,0.3118279569892473,0.2921146953405018,0.3172043010752688
377d5d88-9cac-4ac5-a9c1-2182c16663f5,1118,QL,0.2712623097582811,0.34914950760966873,0.35273052820053713,0.2936436884512086,0.35989256938227393,0.3079677708146822,0.3285586392121755,0.3115487914055506,0.2918531781557744,0.3169203222918532
377d5d88-9cac-4ac5-a9c1-2182c16663f5,1119,QL,0.2710196779964222,0.3488372093023256,0.35241502683363146,0.29338103756708406,0.3595706618962433,0.3076923076923077,0.3336314847942755,0.3112701252236136,0.29159212880143115,0.31663685152057247
377d5d88-9cac-4ac5-a9c1-2182c16663f5,1120,QL,0.2707774798927614,0.3485254691689008,0.3521000893655049,0.29848078641644327,0.35924932975871315,0.30741733690795353,0.3333333333333333,0.3109919571045576,0.291331546023235,0.3163538873994638
377d5d88-9cac-4ac5-a9c1-2182c16663f5,1121,QL,0.27053571428571427,0.3482142857142857,0.3517857142857143,0.2982142857142857,0.35892857142857143,0.30714285714285716,0.33303571428571427,0.3107142857142857,0.29642857142857143,0.31607142857142856
377d5d88-9cac-4ac5-a9c1-2182c16663f5,1122,QL,0.27029438001784123,0.3479036574487065,0.3568242640499554,0.29794826048171275,0.3586083853702052,0.3068688670829616,0.3327386262265834,0.31043710972346117,0.296164139161463,0.3157894736842105
377d5d88-9cac-4ac5-a9c1-2182c16663f5,1123,QL,0.2700534759358289,0.34759358288770054,0.35650623885918004,0.2976827094474153,0.3582887700534759,0.3065953654188948,0.3324420677361854,0.3155080213903743,0.29590017825311943,0.3155080213903743
377d5d88-9cac-4ac5-a9c1-2182c16663f5,1124,QL,0.26981300089047194,0.3472840605520926,0.3561887800534283,0.29741763134461263,0.3579697239536955,0.30632235084594833,0.3321460373998219,0.31522707034728403,0.3009795191451469,0.31522707034728403
377d5d88-9cac-4ac5-a9c1-2182c16663f5,1125,QL,0.2695729537366548,0.3469750889679715,0.3612099644128114,0.297153024911032,0.35765124555160144,0.30604982206405695,0.3318505338078292,0.31494661921708184,0.30071174377224197,0.31494661921708184
377d5d88-9cac-4ac5-a9c1-2182c16663f5,1126,QL,0.2693333333333333,0.3466666666666667,0.3662222222222222,0.29688888888888887,0.35733333333333334,0.30577777777777776,0.33155555555555555,0.31466666666666665,0.30044444444444446,0.31466666666666665
377d5d88-9cac-4ac5-a9c1-2182c16663f5,1127,QL,0.2690941385435169,0.3463587921847247,0.36589698046181174,0.2966252220248668,0.35701598579040855,0.30550621669627,0.33126110124333924,0.31438721136767317,0.30550621669627,0.31438721136767317
377d5d88-9cac-4ac5-a9c1-2182c16663f5,1128,QL,0.2688553682342502,0.3513753327417924,0.36557231588287487,0.2963620230700976,0.3566992014196983,0.3052351375332742,0.33096716947648624,0.31410825199645076,0.3052351375332742,0.31410825199645076
377d5d88-9cac-4ac5-a9c1-2182c16663f5,1129,QL,0.26861702127659576,0.35106382978723405,0.37056737588652483,0.29609929078014185,0.35638297872340424,0.3049645390070922,0.33067375886524825,0.31382978723404253,0.3049645390070922,0.31382978723404253
377d5d88-9cac-4ac5-a9c1-2182c16663f5,1130,QL,0.2683790965456156,0.3507528786536758,0.37023914968999116,0.295837023914969,0.36138175376439324,0.3046944198405669,0.3303808680248007,0.31355181576616475,0.3046944198405669,0.31355181576616475
377d5d88-9cac-4ac5-a9c1-2182c16663f5,1131,QL,0.268141592920354,0.3504424778761062,0.36991150442477877,0.29557522123893804,0.36106194690265486,0.30442477876106194,0.33008849557522124,0.31327433628318585,0.30442477876106194,0.3185840707964602
377d5d88-9cac-4ac5-a9c1-2182c16663f5,1132,QL,0.26790450928381965,0.35013262599469497,0.3695844385499558,0.2953138815207781,0.3660477453580902,0.3041556145004421,0.3297966401414677,0.3129973474801061,0.3041556145004421,0.3183023872679045
377d5d88-9cac-4ac5-a9c1-2182c16663f5,1133,QL,0.2676678445229682,0.3498233215547703,0.36925795053003535,0.2950530035335689,0.3657243816254417,0.303886925795053,0.33480565371024734,0.3127208480565371,0.303886925795053,0.31802120141342755
377d5d88-9cac-4ac5-a9c1-2182c16663f5,1134,QL,0.2674315975286849,0.35481023830538394,0.36893203883495146,0.294792586054722,0.36540158870255957,0.3036187113857017,0.33451015004413065,0.3124448367166814,0.3036187113857017,0.3177405119152692
377d5d88-9cac-4ac5-a9c1-2182c16663f5,1135,QL,0.2671957671957672,0.3544973544973545,0.36860670194003525,0.2945326278659612,0.36507936507936506,0.30864197530864196,0.3342151675485009,0.31216931216931215,0.30335097001763667,0.31746031746031744
377d5d88-9cac-4ac5-a9c1-2182c16663f5,1136,QL,0.2669603524229075,0.3541850220264317,0.373568281938326,0.29427312775330394,0.36475770925110135,0.30837004405286345,0.333920704845815,0.3118942731277533,0.3030837004405286,0.31718061674008813
377d5d88-9cac-4ac5-a9c1-2182c16663f5,1137,QL,0.26672535211267606,0.3538732394366197,0.3732394366197183,0.29401408450704225,0.36971830985915494,0.30809859154929575,0.3336267605633803,0.31161971830985913,0.3028169014084507,0.31690140845070425
377d5d88-9cac-4ac5-a9c1-2182c16663f5,1138,QL,0.26649076517150394,0.35356200527704484,0.3729111697449428,0.2937554969217238,0.36939313984168864,0.30782761653474056,0.3386103781882146,0.3113456464379947,0.30255057167985927,0.316622691292876
377d5d88-9cac-4ac5-a9c1-2182c16663f5,1139,QL,0.2662565905096661,0.3532513181019332,0.37258347978910367,0.29349736379613356,0.36906854130052724,0.31282952548330406,0.3383128295254833,0.3110720562390158,0.3022847100175747,0.3163444639718805
377d5d88-9cac-4ac5-a9c1-2182c16663f5,1140,QL,0.2660228270412643,0.35294117647058826,0.3722563652326602,0.2932396839332748,0.3687445127304653,0.3125548726953468,0.33801580333625986,0.3107989464442493,0.30728709394205445,0.3160667251975417
377d5d88-9cac-4ac5-a9c1-2182c16663f5,1141,QL,0.2657894736842105,0.3526315789473684,0.37719298245614036,0.2929824561403509,0.3684210526315789,0.312280701754386,0.33771929824561403,0.3105263157894737,0.30701754385964913,0.3157894736842105
377d5d88-9cac-4ac5-a9c1-2182c16663f5,1142,QL,0.26555652936021035,0.3523225241016652,0.38212094653812445,0.2927256792287467,0.36809815950920244,0.31200701139351444,0.3374233128834356,0.3102541630148992,0.3067484662576687,0.31551270815074495
377d5d88-9cac-4ac5-a9c1-2182c16663f5,1143,QL,0.26532399299474607,0.3520140105078809,0.38178633975481613,0.29246935201401053,0.36777583187390545,0.3117338003502627,0.3371278458844133,0.30998248686514884,0.3064798598949212,0.3204903677758319
377d5d88-9cac-4ac5-a9c1-2182c16663f5,1144,QL,0.2650918635170604,0.35170603674540685,0.38145231846019245,0.2922134733158355,0.3674540682414698,0.31671041119860016,0.336832895888014,0.30971128608923887,0.30621172353455817,0.32020997375328086
377d5d88-9cac-4ac5-a9c1-2182c16663f5,1145,QL,0.26486013986013984,0.3513986013986014,0.3811188811188811,0.291958041958042,0.36713286713286714,0.31643356643356646,0.33653846153846156,0.3094405594405594,0.3111888111888112,0.31993006993006995
377d5d88-9cac-4ac5-a9c1-2182c16663f5,1146,QL,0.2698689956331878,0.35109170305676857,0.3807860262008734,0.29170305676855895,0.36681222707423583,0.31615720524017465,0.33624454148471616,0.3091703056768559,0.3109170305676856,0.31965065502183404
377d5d88-9cac-4ac5-a9c1-2182c16663f5,1147,QL,0.2696335078534031,0.3507853403141361,0.38045375218150085,0.2914485165794066,0.36649214659685864,0.3158813263525305,0.3411867364746946,0.3089005235602094,0.3106457242582897,0.3193717277486911
377d5d88-9cac-4ac5-a9c1-2182c16663f5,1148,QL,0.26939843068875324,0.35047951176983433,0.3801220575414124,0.2911944202266783,0.36617262423714037,0.32083696599825634,0.34088927637314737,0.3086312118570183,0.31037489102005233,0.3190932868352223
377d5d88-9cac-4ac5-a9c1-2182c16663f5,1149,QL,0.2691637630662021,0.3501742160278746,0.3797909407665505,0.29094076655052264,0.36585365853658536,0.3205574912891986,0.3405923344947735,0.3083623693379791,0.3153310104529617,0.31881533101045295
377d5d88-9cac-4ac5-a9c1-2182c16663f5,1150,QL,0.2689295039164491,0.34986945169712796,0.37946040034812883,0.2906875543951262,0.370757180156658,0.3202785030461271,0.34029590948651,0.30809399477806787,0.31505657093124456,0.3185378590078329
377d5d88-9cac-4ac5-a9c1-2182c16663f5,1151,QL,0.27391304347826084,0.34956521739130436,0.3791304347826087,0.29043478260869565,0.37043478260869567,0.32,0.34,0.30782608695652175,0.31478260869565217,0.3182608695652174
377d5d88-9cac-4ac5-a9c1-2182c16663f5,1152,QL,0.2736750651607298,0.35447437011294525,0.3788010425716768,0.2901824500434405,0.37011294526498695,0.3197219808861859,0.33970460469157254,0.30755864465682015,0.314509122502172,0.317984361424848
377d5d88-9cac-4ac5-a9c1-2182c16663f5,1153,QL,0.2734375,0.3541666666666667,0.3836805555555556,0.2899305555555556,0.3697916666666667,0.3194444444444444,0.3394097222222222,0.3072916666666667,0.3142361111111111,0.3177083333333333
377d5d88-9cac-4ac5-a9c1-2182c16663f5,1154,QL,0.2732003469210755,0.3538594969644406,0.383347788378144,0.2896790980052038,0.3746747614917606,0.3191673894189072,0.3391153512575889,0.3070251517779705,0.3139635732870772,0.31743278404163056
377d5d88-9cac-4ac5-a9c1-2182c16663f5,1155,QL,0.2729636048526863,0.3535528596187175,0.3830155979202773,0.28942807625649913,0.37435008665511266,0.3188908145580589,0.33882149046793764,0.30675909878682844,0.31369150779896016,0.3223570190641248
377d5d88-9cac-4ac5-a9c1-2182c16663f5,1156,QL,0.2727272727272727,0.35324675324675325,0.3826839826839827,0.2891774891774892,0.37402597402597404,0.3238095238095238,0.3385281385281385,0.3064935064935065,0.31341991341991343,0.3220779220779221
377d5d88-9cac-4ac5-a9c1-2182c16663f5,1157,QL,0.27249134948096887,0.35294117647058826,0.38235294117647056,0.2889273356401384,0.3737024221453287,0.3235294117647059,0.3382352941176471,0.3062283737024221,0.31314878892733566,0.32698961937716264
377d5d88-9cac-4ac5-a9c1-2182c16663f5,1158,QL,0.2722558340535869,0.3526361279170268,0.38202247191011235,0.28867761452031115,0.37337942955920483,0.3232497839239412,0.337942955920484,0.3059636992221262,0.3180639585133967,0.3267070008643042
377d5d88-9cac-4ac5-a9c1-2182c16663f5,1159,QL,0.27202072538860106,0.35233160621761656,0.38169257340241797,0.28842832469775476,0.37305699481865284,0.3281519861830743,0.3376511226252159,0.30569948186528495,0.3177892918825561,0.32642487046632124
377d5d88-9cac-4ac5-a9c1-2182c16663f5,1160,QL,0.271786022433132,0.35202761000862814,0.3813632441760138,0.28817946505608283,0.37791199309749784,0.32786885245901637,0.3373597929249353,0.30543572044866263,0.3175150992234685,0.3261432269197584
377d5d88-9cac-4ac5-a9c1-2182c16663f5,1161,QL,0.27155172413793105,0.35172413793103446,0.3810344827586207,0.28793103448275864,0.3775862068965517,0.3275862068965517,0.3422413793103448,0.30517241379310345,0.31724137931034485,0.3258620689655172
377d5d88-9cac-4ac5-a9c1-2182c16663f5,1162,QL,0.2713178294573643,0.35142118863049093,0.3807062876830319,0.2876830318690784,0.3772609819121447,0.3273040482342808,0.34194659776055125,0.3049095607235142,0.3169681309216193,0.330749354005168
377d5d88-9cac-4ac5-a9c1-2182c16663f5,1163,QL,0.2710843373493976,0.35111876075731496,0.3803786574870912,0.2874354561101549,0.3769363166953528,0.3270223752151463,0.346815834767642,0.3046471600688468,0.31669535283993117,0.3304647160068847
377d5d88-9cac-4ac5-a9c1-2182c16663f5,1164,QL,0.2708512467755804,0.35081685296646603,0.38005159071367156,0.2871883061049011,0.3766122098022356,0.32674118658641443,0.34651762682717113,0.30438521066208085,0.32158211521926056,0.3301805674978504
377d5d88-9cac-4ac5-a9c1-2182c16663f5,1165,QL,0.2706185567010309,0.35051546391752575,0.3797250859106529,0.2920962199312715,0.37628865979381443,0.32646048109965636,0.34621993127147765,0.30412371134020616,0.32130584192439865,0.32989690721649484
377d5d88-9cac-4ac5-a9c1-2182c16663f5,1166,QL,0.2703862660944206,0.3502145922746781,0.37939914163090127,0.2918454935622318,0.3759656652360515,0.3313304721030043,0.3459227467811159,0.303862660944206,0.32103004291845494,0.3296137339055794
377d5d88-9cac-4ac5-a9c1-2182c16663f5,1167,QL,0.2701543739279588,0.34991423670668953,0.379073756432247,0.2915951972555746,0.38078902229845624,0.33104631217838765,0.34562607204116635,0.30360205831903947,0.32075471698113206,0.3293310463121784
377d5d88-9cac-4ac5-a9c1-2182c16663f5,1168,QL,0.2699228791773779,0.3496143958868895,0.3787489288774636,0.2913453299057412,0.38046272493573263,0.33076263924592975,0.3453299057412168,0.3033419023136247,0.32562125107112255,0.32904884318766064
377d5d88-9cac-4ac5-a9c1-2182c16663f5,1169,QL,0.2748287671232877,0.3493150684931507,0.3784246575342466,0.2910958904109589,0.3801369863013699,0.3304794520547945,0.3450342465753425,0.3030821917808219,0.3253424657534247,0.3287671232876712
377d5d88-9cac-4ac5-a9c1-2182c16663f5,1170,QL,0.2745936698032506,0.34901625320787,0.3781009409751925,0.290846877673225,0.3798118049615056,0.330196749358426,0.34473909324208724,0.3028229255774166,0.32506415739948674,0.33361847733105215
377d5d88-9cac-4ac5-a9c1-2182c16663f5,1171,QL,0.2743589743589744,0.3487179487179487,0.38290598290598293,0.2905982905982906,0.37948717948717947,0.3299145299145299,0.34444444444444444,0.30256410256410254,0.3247863247863248,0.3333333333333333
377d5d88-9cac-4ac5-a9c1-2182c16663f5,1172,QL,0.2741246797608881,0.3484201537147737,0.3825789923142613,0.29035012809564475,0.37916310845431256,0.3296327924850555,0.3441502988898377,0.3023057216054654,0.3296327924850555,0.3330486763450043
377d5d88-9cac-4ac5-a9c1-2182c16663f5,1173,QL,0.2738907849829352,0.34812286689419797,0.3873720136518771,0.2901023890784983,0.378839590443686,0.3293515358361775,0.3438566552901024,0.30204778156996587,0.3293515358361775,0.33276450511945393
377d5d88-9cac-4ac5-a9c1-2182c16663f5,1174,QL,0.27365728900255754,0.34782608695652173,0.38704177323103156,0.2949701619778346,0.37851662404092073,0.3290707587382779,0.3435635123614663,0.30179028132992325,0.3290707587382779,0.33248081841432225
377d5d88-9cac-4ac5-a9c1-2182c16663f5,1175,QL,0.2734241908006814,0.3475298126064736,0.38671209540034074,0.29471890971039183,0.3833049403747871,0.3287904599659284,0.3432708688245315,0.30153321976149916,0.3287904599659284,0.3321976149914821
377d5d88-9cac-4ac5-a9c1-2182c16663f5,1176,QL,0.2731914893617021,0.3472340425531915,0.38638297872340427,0.294468085106383,0.3829787234042553,0.32851063829787236,0.34297872340425534,0.30638297872340425,0.32851063829787236,0.33191489361702126
377d5d88-9cac-4ac5-a9c1-2182c16663f5,1177,QL,0.2729591836734694,0.3469387755102041,0.38605442176870747,0.2942176870748299,0.3826530612244898,0.3282312925170068,0.342687074829932,0.30612244897959184,0.3333333333333333,0.33163265306122447
377d5d88-9cac-4ac5-a9c1-2182c16663f5,1178,QL,0.2727272727272727,0.3466440101954121,0.3857264231096007,0.2939677145284622,0.3874256584536958,0.32795242141036535,0.34239592183517414,0.3058623619371283,0.33305012744265083,0.33135089209855567
377d5d88-9cac-4ac5-a9c1-2182c16663f5,1179,QL,0.27249575551782684,0.35144312393887944,0.3853989813242784,0.2937181663837012,0.3870967741935484,0.32767402376910015,0.34210526315789475,0.30560271646859083,0.33276740237691,0.3310696095076401
377d5d88-9cac-4ac5-a9c1-2182c16663f5,1180,QL,0.272264631043257,0.3511450381679389,0.3850720949957591,0.29346904156064463,0.39185750636132316,0.3273960983884648,0.3418150975402884,0.3053435114503817,0.3324851569126378,0.33078880407124683
377d5d88-9cac-4ac5-a9c1-2182c16663f5,1181,QL,0.27203389830508473,0.35084745762711866,0.3847457627118644,0.29322033898305083,0.39152542372881355,0.3271186440677966,0.34152542372881356,0.3050847457627119,0.33220338983050846,0.33559322033898303
377d5d88-9cac-4ac5-a9c1-2182c16663f5,1182,QL,0.2718035563082134,0.3505503810330229,0.384419983065199,0.29297205757832345,0.39627434377646065,0.3268416596104996,0.34123624047417445,0.3048264182895851,0.331922099915326,0.3353090601185436
377d5d88-9cac-4ac5-a9c1-2182c16663f5,1183,QL,0.2715736040609137,0.350253807106599,0.38917089678510997,0.2927241962774958,0.39593908629441626,0.32656514382402707,0.3409475465313029,0.30456852791878175,0.3316412859560068,0.3350253807106599
377d5d88-9cac-4ac5-a9c1-2182c16663f5,1184,QL,0.2713440405748098,0.3499577345731192,0.3888419273034658,0.29247675401521556,0.3956043956043956,0.33136094674556216,0.34065934065934067,0.3043110735418428,0.33136094674556216,0.33474218089602703
377d5d88-9cac-4ac5-a9c1-2182c16663f5,1185,QL,0.27111486486486486,0.34966216216216217,0.3885135135135135,0.2922297297297297,0.3952702702702703,0.3310810810810811,0.3403716216216216,0.30405405405405406,0.3310810810810811,0.33952702702702703
377d5d88-9cac-4ac5-a9c1-2182c16663f5,1186,QL,0.2708860759493671,0.3493670886075949,0.3881856540084388,0.2919831223628692,0.3949367088607595,0.3308016877637131,0.340084388185654,0.30886075949367087,0.3308016877637131,0.3392405063291139
377d5d88-9cac-4ac5-a9c1-2182c16663f5,1187,QL,0.2706576728499157,0.3490725126475548,0.38785834738617203,0.2917369308600337,0.3946037099494098,0.3305227655986509,0.33979763912310285,0.3136593591905565,0.3305227655986509,0.33895446880269814
377d5d88-9cac-4ac5-a9c1-2182c16663f5,1188,QL,0.2754844144903117,0.34877843302443134,0.3875315922493682,0.2914911541701769,0.3942712721145746,0.33024431339511373,0.33951137320977254,0.3133951137320977,0.33024431339511373,0.33866891322662174
377d5d88-9cac-4ac5-a9c1-2182c16663f5,1189,QL,0.27525252525252525,0.3484848484848485,0.3872053872053872,0.2962962962962963,0.3939393939393939,0.32996632996632996,0.3392255892255892,0.31313131313131315,0.32996632996632996,0.3383838383838384
377d5d88-9cac-4ac5-a9c1-2182c16663f5,1190,QL,0.2750210260723297,0.3481917577796468,0.3868797308662742,0.2960470984020185,0.3936080740117746,0.3296888141295206,0.3389402859545837,0.3128679562657696,0.3296888141295206,0.34314550042052144
377d5d88-9cac-4ac5-a9c1-2182c16663f5,1191,QL,0.2747899159663866,0.34789915966386553,0.3865546218487395,0.30084033613445377,0.39327731092436974,0.32941176470588235,0.33865546218487397,0.3126050420168067,0.32941176470588235,0.34285714285714286
377d5d88-9cac-4ac5-a9c1-2182c16663f5,1192,QL,0.27455919395465994,0.34760705289672544,0.38623005877413935,0.3056255247691016,0.3929471032745592,0.32913518052057095,0.33837111670864817,0.3123425692695214,0.32913518052057095,0.3425692695214106
377d5d88-9cac-4ac5-a9c1-2182c16663f5,1193,QL,0.27432885906040266,0.34731543624161076,0.3859060402684564,0.3053691275167785,0.3926174496644295,0.3288590604026846,0.33808724832214765,0.31208053691275167,0.3288590604026846,0.34731543624161076
377d5d88-9cac-4ac5-a9c1-2182c16663f5,1194,QL,0.2740989103101425,0.347024308466052,0.38558256496227994,0.30511316010058676,0.39731768650461025,0.32858340318524726,0.33780385582564965,0.31181894383906117,0.32858340318524726,0.347024308466052
377d5d88-9cac-4ac5-a9c1-2182c16663f5,1195,QL,0.27386934673366836,0.34673366834170855,0.3852596314907873,0.304857621440536,0.4020100502512563,0.32830820770519265,0.33752093802345057,0.31155778894472363,0.32830820770519265,0.34673366834170855
377d5d88-9cac-4ac5-a9c1-2182c16663f5,1196,QL,0.27364016736401675,0.34644351464435147,0.38493723849372385,0.30460251046025105,0.4066945606694561,0.32803347280334727,0.3372384937238494,0.3112970711297071,0.32803347280334727,0.34644351464435147
377d5d88-9cac-4ac5-a9c1-2182c16663f5,1197,QL,0.27842809364548493,0.34615384615384615,0.38461538461538464,0.30434782608695654,0.40635451505016723,0.3277591973244147,0.33695652173913043,0.3110367892976589,0.3277591973244147,0.34615384615384615
ec1f6f0a-5108-46a1-a18a-c98dd0c618c5,1,ES,0.0,0.0,0.0,0.0,0.0,0.0,0.0,0.0,0.0,0.0
ec1f6f0a-5108-46a1-a18a-c98dd0c618c5,2,ES,0.0,4.0,0.0,0.0,0.0,0.0,0.0,0.0,0.0,0.0
ec1f6f0a-5108-46a1-a18a-c98dd0c618c5,3,ES,0.0,2.0,0.0,0.0,0.0,0.0,2.0,0.0,0.0,0.0
ec1f6f0a-5108-46a1-a18a-c98dd0c618c5,4,ES,0.3333333333333333,1.3333333333333333,0.0,0.0,0.0,0.0,1.3333333333333333,0.0,0.0,0.0
ec1f6f0a-5108-46a1-a18a-c98dd0c618c5,5,ES,0.25,1.0,0.0,0.0,0.0,0.0,1.0,0.0,0.5,0.0
ec1f6f0a-5108-46a1-a18a-c98dd0c618c5,6,ES,0.2,0.8,0.0,0.0,0.6,0.0,0.8,0.0,0.4,0.0
ec1f6f0a-5108-46a1-a18a-c98dd0c618c5,7,ES,0.16666666666666666,0.6666666666666666,0.0,0.0,0.5,0.0,0.6666666666666666,0.0,0.8333333333333334,0.0
ec1f6f0a-5108-46a1-a18a-c98dd0c618c5,8,ES,0.14285714285714285,0.5714285714285714,0.0,0.0,0.42857142857142855,0.0,0.5714285714285714,0.0,0.7142857142857143,0.5714285714285714
ec1f6f0a-5108-46a1-a18a-c98dd0c618c5,9,ES,0.125,0.5,0.0,0.0,0.375,0.0,0.875,0.0,0.625,0.5
ec1f6f0a-5108-46a1-a18a-c98dd0c618c5,10,ES,0.1111111111111111,0.4444444444444444,0.0,0.1111111111111111,0.3333333333333333,0.0,0.7777777777777778,0.0,0.5555555555555556,0.4444444444444444
ec1f6f0a-5108-46a1-a18a-c98dd0c618c5,11,ES,0.1,0.4,0.0,0.1,0.3,0.0,1.1,0.0,0.5,0.4
ec1f6f0a-5108-46a1-a18a-c98dd0c618c5,12,ES,0.09090909090909091,0.36363636363636365,0.0,0.09090909090909091,0.2727272727272727,0.0,1.0,0.18181818181818182,0.45454545454545453,0.36363636363636365
ec1f6f0a-5108-46a1-a18a-c98dd0c618c5,13,ES,0.08333333333333333,0.3333333333333333,0.0,0.08333333333333333,0.5,0.0,0.9166666666666666,0.16666666666666666,0.4166666666666667,0.3333333333333333
ec1f6f0a-5108-46a1-a18a-c98dd0c618c5,14,ES,0.07692307692307693,0.3076923076923077,0.0,0.07692307692307693,0.46153846153846156,0.0,0.8461538461538461,0.15384615384615385,0.38461538461538464,0.3076923076923077
ec1f6f0a-5108-46a1-a18a-c98dd0c618c5,15,ES,0.07142857142857142,0.2857142857142857,0.0,0.07142857142857142,0.42857142857142855,0.0,0.7857142857142857,0.14285714285714285,0.5714285714285714,0.2857142857142857
ec1f6f0a-5108-46a1-a18a-c98dd0c618c5,16,ES,0.06666666666666667,0.26666666666666666,0.0,0.06666666666666667,0.4,0.0,0.7333333333333333,0.13333333333333333,0.7333333333333333,0.26666666666666666
ec1f6f0a-5108-46a1-a18a-c98dd0c618c5,17,ES,0.0625,0.25,0.25,0.0625,0.375,0.0,0.6875,0.125,0.6875,0.25
ec1f6f0a-5108-46a1-a18a-c98dd0c618c5,18,ES,0.058823529411764705,0.23529411764705882,0.23529411764705882,0.058823529411764705,0.35294117647058826,0.0,0.6470588235294118,0.35294117647058826,0.6470588235294118,0.23529411764705882
ec1f6f0a-5108-46a1-a18a-c98dd0c618c5,19,ES,0.05555555555555555,0.2222222222222222,0.2222222222222222,0.05555555555555555,0.3333333333333333,0.0,0.8333333333333334,0.3333333333333333,0.6111111111111112,0.2222222222222222
ec1f6f0a-5108-46a1-a18a-c98dd0c618c5,20,ES,0.05263157894736842,0.21052631578947367,0.21052631578947367,0.05263157894736842,0.3157894736842105,0.0,1.105263157894737,0.3157894736842105,0.5789473684210527,0.21052631578947367
ec1f6f0a-5108-46a1-a18a-c98dd0c618c5,21,ES,0.05,0.2,0.45,0.05,0.3,0.0,1.05,0.3,0.55,0.2
ec1f6f0a-5108-46a1-a18a-c98dd0c618c5,22,ES,0.047619047619047616,0.19047619047619047,0.42857142857142855,0.047619047619047616,0.2857142857142857,0.0,1.1428571428571428,0.2857142857142857,0.5238095238095238,0.19047619047619047
ec1f6f0a-5108-46a1-a18a-c98dd0c618c5,23,ES,0.045454545454545456,0.18181818181818182,0.6818181818181818,0.045454545454545456,0.2727272727272727,0.0,1.0909090909090908,0.2727272727272727,0.5,0.18181818181818182
ec1f6f0a-5108-46a1-a18a-c98dd0c618c5,24,ES,0.043478260869565216,0.17391304347826086,0.6521739130434783,0.043478260869565216,0.2608695652173913,0.08695652173913043,1.0434782608695652,0.2608695652173913,0.4782608695652174,0.17391304347826086
ec1f6f0a-5108-46a1-a18a-c98dd0c618c5,25,ES,0.041666666666666664,0.16666666666666666,0.625,0.08333333333333333,0.25,0.08333333333333333,1.0,0.25,0.4583333333333333,0.16666666666666666
ec1f6f0a-5108-46a1-a18a-c98dd0c618c5,26,ES,0.04,0.16,0.6,0.08,0.24,0.08,0.96,0.24,0.44,0.32
ec1f6f0a-5108-46a1-a18a-c98dd0c618c5,27,ES,0.038461538461538464,0.15384615384615385,0.5769230769230769,0.07692307692307693,0.3076923076923077,0.07692307692307693,0.9230769230769231,0.23076923076923078,0.4230769230769231,0.3076923076923077
ec1f6f0a-5108-46a1-a18a-c98dd0c618c5,28,ES,0.037037037037037035,0.14814814814814814,0.6296296296296297,0.07407407407407407,0.2962962962962963,0.07407407407407407,0.8888888888888888,0.2222222222222222,0.4074074074074074,0.2962962962962963
ec1f6f0a-5108-46a1-a18a-c98dd0c618c5,29,ES,0.03571428571428571,0.14285714285714285,0.6071428571428571,0.07142857142857142,0.2857142857142857,0.07142857142857142,0.8571428571428571,0.21428571428571427,0.39285714285714285,0.35714285714285715
ec1f6f0a-5108-46a1-a18a-c98dd0c618c5,30,ES,0.034482758620689655,0.13793103448275862,0.6551724137931034,0.06896551724137931,0.27586206896551724,0.06896551724137931,0.8275862068965517,0.20689655172413793,0.3793103448275862,0.3448275862068966
ec1f6f0a-5108-46a1-a18a-c98dd0c618c5,31,ES,0.03333333333333333,0.13333333333333333,0.6333333333333333,0.06666666666666667,0.26666666666666666,0.06666666666666667,0.8,0.2,0.5,0.3333333333333333
ec1f6f0a-5108-46a1-a18a-c98dd0c618c5,32,ES,0.03225806451612903,0.12903225806451613,0.6129032258064516,0.06451612903225806,0.3870967741935484,0.06451612903225806,0.7741935483870968,0.1935483870967742,0.4838709677419355,0.3225806451612903
ec1f6f0a-5108-46a1-a18a-c98dd0c618c5,33,ES,0.03125,0.125,0.59375,0.0625,0.375,0.1875,0.75,0.1875,0.46875,0.3125
ec1f6f0a-5108-46a1-a18a-c98dd0c618c5,34,ES,0.030303030303030304,0.12121212121212122,0.5757575757575758,0.06060606060606061,0.36363636363636365,0.24242424242424243,0.7272727272727273,0.18181818181818182,0.45454545454545453,0.30303030303030304
ec1f6f0a-5108-46a1-a18a-c98dd0c618c5,35,ES,0.029411764705882353,0.11764705882352941,0.5588235294117647,0.058823529411764705,0.35294117647058826,0.23529411764705882,0.7058823529411765,0.17647058823529413,0.4411764705882353,0.4117647058823529
ec1f6f0a-5108-46a1-a18a-c98dd0c618c5,36,ES,0.02857142857142857,0.11428571428571428,0.5428571428571428,0.05714285714285714,0.34285714285714286,0.22857142857142856,0.8285714285714286,0.17142857142857143,0.42857142857142855,0.4
ec1f6f0a-5108-46a1-a18a-c98dd0c618c5,37,ES,0.08333333333333333,0.1111111111111111,0.5277777777777778,0.05555555555555555,0.3333333333333333,0.2222222222222222,0.8055555555555556,0.16666666666666666,0.4166666666666667,0.3888888888888889
ec1f6f0a-5108-46a1-a18a-c98dd0c618c5,38,ES,0.08108108108108109,0.10810810810810811,0.5135135135135135,0.05405405405405406,0.32432432432432434,0.24324324324324326,0.7837837837837838,0.16216216216216217,0.40540540540540543,0.3783783783783784
ec1f6f0a-5108-46a1-a18a-c98dd0c618c5,39,ES,0.18421052631578946,0.10526315789473684,0.5,0.05263157894736842,0.3157894736842105,0.23684210526315788,0.7631578947368421,0.15789473684210525,0.39473684210526316,0.3684210526315789
ec1f6f0a-5108-46a1-a18a-c98dd0c618c5,40,ES,0.1794871794871795,0.20512820512820512,0.48717948717948717,0.05128205128205128,0.3076923076923077,0.23076923076923078,0.7435897435897436,0.15384615384615385,0.38461538461538464,0.358974358974359
ec1f6f0a-5108-46a1-a18a-c98dd0c618c5,41,ES,0.175,0.2,0.475,0.05,0.3,0.225,0.725,0.15,0.375,0.45
ec1f6f0a-5108-46a1-a18a-c98dd0c618c5,42,ES,0.17073170731707318,0.1951219512195122,0.4634146341463415,0.04878048780487805,0.2926829268292683,0.21951219512195122,0.7073170731707317,0.14634146341463414,0.36585365853658536,0.5365853658536586
ec1f6f0a-5108-46a1-a18a-c98dd0c618c5,43,ES,0.16666666666666666,0.19047619047619047,0.4523809523809524,0.047619047619047616,0.2857142857142857,0.21428571428571427,0.6904761904761905,0.14285714285714285,0.35714285714285715,0.5714285714285714
ec1f6f0a-5108-46a1-a18a-c98dd0c618c5,44,ES,0.16279069767441862,0.18604651162790697,0.4418604651162791,0.046511627906976744,0.27906976744186046,0.20930232558139536,0.6744186046511628,0.23255813953488372,0.3488372093023256,0.5581395348837209
ec1f6f0a-5108-46a1-a18a-c98dd0c618c5,45,ES,0.1590909090909091,0.18181818181818182,0.4318181818181818,0.045454545454545456,0.4090909090909091,0.20454545454545456,0.6590909090909091,0.22727272727272727,0.3409090909090909,0.5454545454545454
ec1f6f0a-5108-46a1-a18a-c98dd0c618c5,46,ES,0.15555555555555556,0.17777777777777778,0.4222222222222222,0.044444444444444446,0.4,0.2,0.7333333333333333,0.2222222222222222,0.3333333333333333,0.5333333333333333
ec1f6f0a-5108-46a1-a18a-c98dd0c618c5,47,ES,0.15217391304347827,0.17391304347826086,0.41304347826086957,0.043478260869565216,0.391304347826087,0.1956521739130435,0.8043478260869565,0.21739130434782608,0.32608695652173914,0.5217391304347826
ec1f6f0a-5108-46a1-a18a-c98dd0c618c5,48,ES,0.14893617021276595,0.1702127659574468,0.40425531914893614,0.0425531914893617,0.3829787234042553,0.19148936170212766,0.8085106382978723,0.2127659574468085,0.3191489361702128,0.5106382978723404
ec1f6f0a-5108-46a1-a18a-c98dd0c618c5,49,ES,0.14583333333333334,0.20833333333333334,0.3958333333333333,0.041666666666666664,0.375,0.1875,0.7916666666666666,0.20833333333333334,0.3125,0.5
ec1f6f0a-5108-46a1-a18a-c98dd0c618c5,50,ES,0.14285714285714285,0.20408163265306123,0.3877551020408163,0.04081632653061224,0.42857142857142855,0.1836734693877551,0.7755102040816326,0.20408163265306123,0.30612244897959184,0.4897959183673469
ec1f6f0a-5108-46a1-a18a-c98dd0c618c5,51,ES,0.14,0.2,0.44,0.04,0.42,0.18,0.76,0.2,0.3,0.48
ec1f6f0a-5108-46a1-a18a-c98dd0c618c5,52,ES,0.17647058823529413,0.19607843137254902,0.43137254901960786,0.0392156862745098,0.4117647058823529,0.17647058823529413,0.7450980392156863,0.19607843137254902,0.29411764705882354,0.47058823529411764
ec1f6f0a-5108-46a1-a18a-c98dd0c618c5,53,ES,0.17307692307692307,0.19230769230769232,0.4230769230769231,0.09615384615384616,0.40384615384615385,0.17307692307692307,0.7307692307692307,0.19230769230769232,0.28846153846153844,0.46153846153846156
ec1f6f0a-5108-46a1-a18a-c98dd0c618c5,54,ES,0.16981132075471697,0.18867924528301888,0.5094339622641509,0.09433962264150944,0.39622641509433965,0.16981132075471697,0.7169811320754716,0.18867924528301888,0.2830188679245283,0.4528301886792453
ec1f6f0a-5108-46a1-a18a-c98dd0c618c5,55,ES,0.16666666666666666,0.2777777777777778,0.5,0.09259259259259259,0.3888888888888889,0.16666666666666666,0.7037037037037037,0.18518518518518517,0.2777777777777778,0.4444444444444444
ec1f6f0a-5108-46a1-a18a-c98dd0c618c5,56,ES,0.16363636363636364,0.2727272727272727,0.4909090909090909,0.09090909090909091,0.38181818181818183,0.16363636363636364,0.6909090909090909,0.2545454545454545,0.2727272727272727,0.43636363636363634
ec1f6f0a-5108-46a1-a18a-c98dd0c618c5,57,ES,0.16071428571428573,0.26785714285714285,0.48214285714285715,0.08928571428571429,0.375,0.23214285714285715,0.6785714285714286,0.25,0.26785714285714285,0.42857142857142855
ec1f6f0a-5108-46a1-a18a-c98dd0c618c5,58,ES,0.21052631578947367,0.2631578947368421,0.47368421052631576,0.08771929824561403,0.3684210526315789,0.22807017543859648,0.6666666666666666,0.24561403508771928,0.2631578947368421,0.42105263157894735
ec1f6f0a-5108-46a1-a18a-c98dd0c618c5,59,ES,0.20689655172413793,0.25862068965517243,0.46551724137931033,0.08620689655172414,0.3620689655172414,0.27586206896551724,0.6551724137931034,0.2413793103448276,0.25862068965517243,0.41379310344827586
ec1f6f0a-5108-46a1-a18a-c98dd0c618c5,60,ES,0.2033898305084746,0.2542372881355932,0.4576271186440678,0.0847457627118644,0.3559322033898305,0.2711864406779661,0.6779661016949152,0.23728813559322035,0.2542372881355932,0.4067796610169492
ec1f6f0a-5108-46a1-a18a-c98dd0c618c5,61,ES,0.2,0.25,0.45,0.08333333333333333,0.35,0.26666666666666666,0.6666666666666666,0.23333333333333334,0.25,0.43333333333333335
ec1f6f0a-5108-46a1-a18a-c98dd0c618c5,62,ES,0.19672131147540983,0.2459016393442623,0.4426229508196721,0.08196721311475409,0.3442622950819672,0.26229508196721313,0.6557377049180327,0.2786885245901639,0.2459016393442623,0.4262295081967213
ec1f6f0a-5108-46a1-a18a-c98dd0c618c5,63,ES,0.1935483870967742,0.24193548387096775,0.43548387096774194,0.08064516129032258,0.3387096774193548,0.2903225806451613,0.6451612903225806,0.27419354838709675,0.24193548387096775,0.41935483870967744
ec1f6f0a-5108-46a1-a18a-c98dd0c618c5,64,ES,0.19047619047619047,0.23809523809523808,0.42857142857142855,0.07936507936507936,0.3333333333333333,0.31746031746031744,0.6349206349206349,0.2698412698412698,0.23809523809523808,0.4126984126984127
ec1f6f0a-5108-46a1-a18a-c98dd0c618c5,65,ES,0.1875,0.234375,0.421875,0.078125,0.328125,0.3125,0.625,0.265625,0.265625,0.40625
ec1f6f0a-5108-46a1-a18a-c98dd0c618c5,66,ES,0.18461538461538463,0.23076923076923078,0.4153846153846154,0.07692307692307693,0.3230769230769231,0.3076923076923077,0.6153846153846154,0.26153846153846155,0.3230769230769231,0.4
ec1f6f0a-5108-46a1-a18a-c98dd0c618c5,67,ES,0.2727272727272727,0.22727272727272727,0.4090909090909091,0.07575757575757576,0.3181818181818182,0.30303030303030304,0.6060606060606061,0.25757575757575757,0.3181818181818182,0.3939393939393939
ec1f6f0a-5108-46a1-a18a-c98dd0c618c5,68,ES,0.26865671641791045,0.22388059701492538,0.40298507462686567,0.07462686567164178,0.31343283582089554,0.29850746268656714,0.5970149253731343,0.2537313432835821,0.31343283582089554,0.43283582089552236
ec1f6f0a-5108-46a1-a18a-c98dd0c618c5,69,ES,0.2647058823529412,0.22058823529411764,0.39705882352941174,0.07352941176470588,0.3088235294117647,0.3382352941176471,0.5882352941176471,0.25,0.3088235294117647,0.4264705882352941
ec1f6f0a-5108-46a1-a18a-c98dd0c618c5,70,ES,0.2608695652173913,0.21739130434782608,0.391304347826087,0.07246376811594203,0.30434782608695654,0.3333333333333333,0.5797101449275363,0.2898550724637681,0.30434782608695654,0.42028985507246375
ec1f6f0a-5108-46a1-a18a-c98dd0c618c5,71,ES,0.2571428571428571,0.21428571428571427,0.42857142857142855,0.07142857142857142,0.3,0.32857142857142857,0.5714285714285714,0.2857142857142857,0.3,0.4142857142857143
ec1f6f0a-5108-46a1-a18a-c98dd0c618c5,72,ES,0.2535211267605634,0.2535211267605634,0.4225352112676056,0.07042253521126761,0.29577464788732394,0.323943661971831,0.5633802816901409,0.28169014084507044,0.29577464788732394,0.4084507042253521
ec1f6f0a-5108-46a1-a18a-c98dd0c618c5,73,ES,0.25,0.25,0.4583333333333333,0.06944444444444445,0.2916666666666667,0.3194444444444444,0.5555555555555556,0.2777777777777778,0.2916666666666667,0.4027777777777778
ec1f6f0a-5108-46a1-a18a-c98dd0c618c5,74,ES,0.2465753424657534,0.2465753424657534,0.4794520547945205,0.0684931506849315,0.2876712328767123,0.3150684931506849,0.547945205479452,0.273972602739726,0.2876712328767123,0.3972602739726027
ec1f6f0a-5108-46a1-a18a-c98dd0c618c5,75,ES,0.24324324324324326,0.24324324324324326,0.47297297297297297,0.06756756756756757,0.28378378378378377,0.3108108108108108,0.5405405405405406,0.2702702702702703,0.32432432432432434,0.3918918918918919
ec1f6f0a-5108-46a1-a18a-c98dd0c618c5,76,ES,0.24,0.24,0.4666666666666667,0.06666666666666667,0.28,0.3466666666666667,0.5333333333333333,0.26666666666666666,0.32,0.38666666666666666
ec1f6f0a-5108-46a1-a18a-c98dd0c618c5,77,ES,0.23684210526315788,0.23684210526315788,0.4605263157894737,0.10526315789473684,0.27631578947368424,0.34210526315789475,0.5263157894736842,0.2631578947368421,0.3157894736842105,0.3815789473684211
ec1f6f0a-5108-46a1-a18a-c98dd0c618c5,78,ES,0.23376623376623376,0.23376623376623376,0.45454545454545453,0.1038961038961039,0.2727272727272727,0.33766233766233766,0.5194805194805194,0.2857142857142857,0.3116883116883117,0.37662337662337664
ec1f6f0a-5108-46a1-a18a-c98dd0c618c5,79,ES,0.23076923076923078,0.23076923076923078,0.44871794871794873,0.10256410256410256,0.2692307692307692,0.3333333333333333,0.5641025641025641,0.28205128205128205,0.3076923076923077,0.3717948717948718
ec1f6f0a-5108-46a1-a18a-c98dd0c618c5,80,ES,0.22784810126582278,0.22784810126582278,0.4430379746835443,0.10126582278481013,0.3037974683544304,0.3291139240506329,0.5569620253164557,0.27848101265822783,0.3037974683544304,0.3670886075949367
ec1f6f0a-5108-46a1-a18a-c98dd0c618c5,81,ES,0.25,0.225,0.4375,0.1,0.3,0.325,0.55,0.275,0.3,0.3625
ec1f6f0a-5108-46a1-a18a-c98dd0c618c5,82,ES,0.24691358024691357,0.2222222222222222,0.43209876543209874,0.09876543209876543,0.2962962962962963,0.32098765432098764,0.5432098765432098,0.2716049382716049,0.2962962962962963,0.3950617283950617
ec1f6f0a-5108-46a1-a18a-c98dd0c618c5,83,ES,0.24390243902439024,0.21951219512195122,0.4268292682926829,0.10975609756097561,0.2926829268292683,0.3170731707317073,0.5365853658536586,0.2682926829268293,0.2926829268292683,0.3902439024390244
ec1f6f0a-5108-46a1-a18a-c98dd0c618c5,84,ES,0.24096385542168675,0.21686746987951808,0.42168674698795183,0.10843373493975904,0.2891566265060241,0.3132530120481928,0.5301204819277109,0.3132530120481928,0.2891566265060241,0.3855421686746988
ec1f6f0a-5108-46a1-a18a-c98dd0c618c5,85,ES,0.23809523809523808,0.21428571428571427,0.4166666666666667,0.10714285714285714,0.2857142857142857,0.35714285714285715,0.5238095238095238,0.30952380952380953,0.2857142857142857,0.38095238095238093
ec1f6f0a-5108-46a1-a18a-c98dd0c618c5,86,ES,0.23529411764705882,0.21176470588235294,0.4117647058823529,0.10588235294117647,0.2823529411764706,0.35294117647058826,0.5176470588235295,0.3058823529411765,0.2823529411764706,0.4
ec1f6f0a-5108-46a1-a18a-c98dd0c618c5,87,ES,0.23255813953488372,0.20930232558139536,0.45348837209302323,0.10465116279069768,0.27906976744186046,0.3488372093023256,0.5116279069767442,0.3023255813953488,0.27906976744186046,0.3953488372093023
ec1f6f0a-5108-46a1-a18a-c98dd0c618c5,88,ES,0.22988505747126436,0.2413793103448276,0.4482758620689655,0.10344827586206896,0.27586206896551724,0.3448275862068966,0.5057471264367817,0.2988505747126437,0.27586206896551724,0.39080459770114945
ec1f6f0a-5108-46a1-a18a-c98dd0c618c5,89,ES,0.22727272727272727,0.23863636363636365,0.4431818181818182,0.17045454545454544,0.2727272727272727,0.3409090909090909,0.5,0.29545454545454547,0.2727272727272727,0.38636363636363635
ec1f6f0a-5108-46a1-a18a-c98dd0c618c5,90,ES,0.2247191011235955,0.23595505617977527,0.48314606741573035,0.16853932584269662,0.2696629213483146,0.33707865168539325,0.4943820224719101,0.29213483146067415,0.2696629213483146,0.38202247191011235
ec1f6f0a-5108-46a1-a18a-c98dd0c618c5,91,ES,0.2222222222222222,0.23333333333333334,0.4777777777777778,0.16666666666666666,0.26666666666666666,0.3333333333333333,0.4888888888888889,0.28888888888888886,0.26666666666666666,0.4111111111111111
ec1f6f0a-5108-46a1-a18a-c98dd0c618c5,92,ES,0.21978021978021978,0.23076923076923078,0.5164835164835165,0.16483516483516483,0.26373626373626374,0.32967032967032966,0.4835164835164835,0.2857142857142857,0.26373626373626374,0.4065934065934066
ec1f6f0a-5108-46a1-a18a-c98dd0c618c5,93,ES,0.21739130434782608,0.22826086956521738,0.5108695652173914,0.16304347826086957,0.2608695652173913,0.32608695652173914,0.4782608695652174,0.2826086956521739,0.2826086956521739,0.40217391304347827
ec1f6f0a-5108-46a1-a18a-c98dd0c618c5,94,ES,0.21505376344086022,0.22580645161290322,0.5053763440860215,0.20430107526881722,0.25806451612903225,0.3225806451612903,0.4731182795698925,0.27956989247311825,0.27956989247311825,0.3978494623655914
ec1f6f0a-5108-46a1-a18a-c98dd0c618c5,95,ES,0.2127659574468085,0.22340425531914893,0.5,0.20212765957446807,0.2872340425531915,0.3191489361702128,0.46808510638297873,0.2765957446808511,0.2765957446808511,0.39361702127659576
ec1f6f0a-5108-46a1-a18a-c98dd0c618c5,96,ES,0.21052631578947367,0.22105263157894736,0.49473684210526314,0.2,0.28421052631578947,0.3157894736842105,0.4631578947368421,0.2736842105263158,0.2736842105263158,0.43157894736842106
ec1f6f0a-5108-46a1-a18a-c98dd0c618c5,97,ES,0.20833333333333334,0.21875,0.4895833333333333,0.19791666666666666,0.3020833333333333,0.3125,0.4583333333333333,0.2708333333333333,0.2708333333333333,0.4270833333333333
ec1f6f0a-5108-46a1-a18a-c98dd0c618c5,98,ES,0.20618556701030927,0.23711340206185566,0.4845360824742268,0.1958762886597938,0.29896907216494845,0.30927835051546393,0.4536082474226804,0.26804123711340205,0.26804123711340205,0.422680412371134
ec1f6f0a-5108-46a1-a18a-c98dd0c618c5,99,ES,0.20408163265306123,0.23469387755102042,0.5204081632653061,0.19387755102040816,0.29591836734693877,0.30612244897959184,0.4489795918367347,0.2653061224489796,0.2653061224489796,0.41836734693877553
ec1f6f0a-5108-46a1-a18a-c98dd0c618c5,100,ES,0.20202020202020202,0.23232323232323232,0.5151515151515151,0.1919191919191919,0.29292929292929293,0.3333333333333333,0.4444444444444444,0.26262626262626265,0.26262626262626265,0.41414141414141414
ec1f6f0a-5108-46a1-a18a-c98dd0c618c5,101,ES,0.2,0.23,0.51,0.19,0.29,0.33,0.44,0.26,0.29,0.41
ec1f6f0a-5108-46a1-a18a-c98dd0c618c5,102,ES,0.21782178217821782,0.22772277227722773,0.504950495049505,0.18811881188118812,0.2871287128712871,0.32673267326732675,0.43564356435643564,0.25742574257425743,0.2871287128712871,0.40594059405940597
ec1f6f0a-5108-46a1-a18a-c98dd0c618c5,103,ES,0.21568627450980393,0.2647058823529412,0.5,0.18627450980392157,0.28431372549019607,0.3235294117647059,0.43137254901960786,0.2549019607843137,0.28431372549019607,0.4019607843137255
ec1f6f0a-5108-46a1-a18a-c98dd0c618c5,104,ES,0.21359223300970873,0.2621359223300971,0.49514563106796117,0.18446601941747573,0.3106796116504854,0.32038834951456313,0.42718446601941745,0.2524271844660194,0.2815533980582524,0.39805825242718446
ec1f6f0a-5108-46a1-a18a-c98dd0c618c5,105,ES,0.21153846153846154,0.25961538461538464,0.49038461538461536,0.20192307692307693,0.3076923076923077,0.3173076923076923,0.4230769230769231,0.25,0.27884615384615385,0.3942307692307692
ec1f6f0a-5108-46a1-a18a-c98dd0c618c5,106,ES,0.20952380952380953,0.2571428571428571,0.4857142857142857,0.2,0.34285714285714286,0.3142857142857143,0.41904761904761906,0.24761904761904763,0.2761904761904762,0.3904761904761905
ec1f6f0a-5108-46a1-a18a-c98dd0c618c5,107,ES,0.20754716981132076,0.25471698113207547,0.4811320754716981,0.19811320754716982,0.33962264150943394,0.3113207547169811,0.41509433962264153,0.24528301886792453,0.3113207547169811,0.3867924528301887
ec1f6f0a-5108-46a1-a18a-c98dd0c618c5,108,ES,0.205607476635514,0.2523364485981308,0.4766355140186916,0.19626168224299065,0.3644859813084112,0.308411214953271,0.411214953271028,0.24299065420560748,0.308411214953271,0.38317757009345793
ec1f6f0a-5108-46a1-a18a-c98dd0c618c5,109,ES,0.2037037037037037,0.25,0.4722222222222222,0.19444444444444445,0.3611111111111111,0.3333333333333333,0.4074074074074074,0.24074074074074073,0.3055555555555556,0.37962962962962965
ec1f6f0a-5108-46a1-a18a-c98dd0c618c5,110,ES,0.2018348623853211,0.24770642201834864,0.46788990825688076,0.1926605504587156,0.3944954128440367,0.3302752293577982,0.4036697247706422,0.23853211009174313,0.30275229357798167,0.3761467889908257
ec1f6f0a-5108-46a1-a18a-c98dd0c618c5,111,ES,0.2,0.24545454545454545,0.4636363636363636,0.19090909090909092,0.39090909090909093,0.32727272727272727,0.4,0.23636363636363636,0.35454545454545455,0.37272727272727274
ec1f6f0a-5108-46a1-a18a-c98dd0c618c5,112,ES,0.1981981981981982,0.24324324324324326,0.4774774774774775,0.1891891891891892,0.38738738738738737,0.32432432432432434,0.3963963963963964,0.23423423423423423,0.35135135135135137,0.36936936936936937
ec1f6f0a-5108-46a1-a18a-c98dd0c618c5,113,ES,0.19642857142857142,0.24107142857142858,0.4732142857142857,0.1875,0.38392857142857145,0.32142857142857145,0.39285714285714285,0.23214285714285715,0.36607142857142855,0.36607142857142855
ec1f6f0a-5108-46a1-a18a-c98dd0c618c5,114,ES,0.19469026548672566,0.23893805309734514,0.4690265486725664,0.21238938053097345,0.3805309734513274,0.3185840707964602,0.3893805309734513,0.23008849557522124,0.36283185840707965,0.36283185840707965
ec1f6f0a-5108-46a1-a18a-c98dd0c618c5,115,ES,0.19298245614035087,0.23684210526315788,0.4649122807017544,0.22807017543859648,0.37719298245614036,0.3157894736842105,0.38596491228070173,0.22807017543859648,0.35964912280701755,0.35964912280701755
ec1f6f0a-5108-46a1-a18a-c98dd0c618c5,116,ES,0.19130434782608696,0.2608695652173913,0.4608695652173913,0.22608695652173913,0.3739130434782609,0.3130434782608696,0.3826086956521739,0.22608695652173913,0.3565217391304348,0.3565217391304348
ec1f6f0a-5108-46a1-a18a-c98dd0c618c5,117,ES,0.1896551724137931,0.25862068965517243,0.45689655172413796,0.2413793103448276,0.3706896551724138,0.3103448275862069,0.3793103448275862,0.22413793103448276,0.35344827586206895,0.35344827586206895
ec1f6f0a-5108-46a1-a18a-c98dd0c618c5,118,ES,0.18803418803418803,0.2564102564102564,0.452991452991453,0.23931623931623933,0.36752136752136755,0.3418803418803419,0.37606837606837606,0.2222222222222222,0.3504273504273504,0.3504273504273504
ec1f6f0a-5108-46a1-a18a-c98dd0c618c5,119,ES,0.1864406779661017,0.2711864406779661,0.4491525423728814,0.23728813559322035,0.3644067796610169,0.3389830508474576,0.3728813559322034,0.22033898305084745,0.3474576271186441,0.3474576271186441
ec1f6f0a-5108-46a1-a18a-c98dd0c618c5,120,ES,0.18487394957983194,0.2689075630252101,0.44537815126050423,0.23529411764705882,0.3949579831932773,0.33613445378151263,0.3697478991596639,0.2184873949579832,0.3445378151260504,0.3445378151260504
ec1f6f0a-5108-46a1-a18a-c98dd0c618c5,121,ES,0.18333333333333332,0.2833333333333333,0.44166666666666665,0.23333333333333334,0.39166666666666666,0.3333333333333333,0.36666666666666664,0.21666666666666667,0.3416666666666667,0.3416666666666667
ec1f6f0a-5108-46a1-a18a-c98dd0c618c5,122,ES,0.18181818181818182,0.2809917355371901,0.4380165289256198,0.23140495867768596,0.4214876033057851,0.3305785123966942,0.36363636363636365,0.21487603305785125,0.33884297520661155,0.33884297520661155
ec1f6f0a-5108-46a1-a18a-c98dd0c618c5,123,ES,0.18032786885245902,0.2786885245901639,0.4344262295081967,0.22950819672131148,0.4180327868852459,0.36065573770491804,0.36065573770491804,0.21311475409836064,0.3360655737704918,0.3360655737704918
ec1f6f0a-5108-46a1-a18a-c98dd0c618c5,124,ES,0.17886178861788618,0.2764227642276423,0.43089430894308944,0.22764227642276422,0.4146341463414634,0.3821138211382114,0.35772357723577236,0.21138211382113822,0.3333333333333333,0.3333333333333333
ec1f6f0a-5108-46a1-a18a-c98dd0c618c5,125,ES,0.1774193548387097,0.27419354838709675,0.4435483870967742,0.22580645161290322,0.4112903225806452,0.3790322580645161,0.3548387096774194,0.20967741935483872,0.33064516129032256,0.33064516129032256
ec1f6f0a-5108-46a1-a18a-c98dd0c618c5,126,ES,0.192,0.272,0.44,0.224,0.408,0.376,0.352,0.208,0.328,0.328
ec1f6f0a-5108-46a1-a18a-c98dd0c618c5,127,ES,0.19047619047619047,0.2698412698412698,0.4365079365079365,0.2222222222222222,0.40476190476190477,0.373015873015873,0.3492063492063492,0.20634920634920634,0.3253968253968254,0.3412698412698413
ec1f6f0a-5108-46a1-a18a-c98dd0c618c5,128,ES,0.2125984251968504,0.2677165354330709,0.4330708661417323,0.2204724409448819,0.4015748031496063,0.3700787401574803,0.3464566929133858,0.2047244094488189,0.3228346456692913,0.33858267716535434
ec1f6f0a-5108-46a1-a18a-c98dd0c618c5,129,ES,0.2109375,0.265625,0.4296875,0.21875,0.3984375,0.3671875,0.375,0.203125,0.3203125,0.3359375
ec1f6f0a-5108-46a1-a18a-c98dd0c618c5,130,ES,0.20930232558139536,0.26356589147286824,0.4263565891472868,0.21705426356589147,0.3953488372093023,0.3643410852713178,0.37209302325581395,0.21705426356589147,0.3178294573643411,0.3333333333333333
ec1f6f0a-5108-46a1-a18a-c98dd0c618c5,131,ES,0.2076923076923077,0.26153846153846155,0.4230769230769231,0.23846153846153847,0.3923076923076923,0.36153846153846153,0.36923076923076925,0.2153846153846154,0.3153846153846154,0.33076923076923076
ec1f6f0a-5108-46a1-a18a-c98dd0c618c5,132,ES,0.20610687022900764,0.2595419847328244,0.4198473282442748,0.2366412213740458,0.3893129770992366,0.35877862595419846,0.3816793893129771,0.21374045801526717,0.31297709923664124,0.3282442748091603
ec1f6f0a-5108-46a1-a18a-c98dd0c618c5,133,ES,0.25,0.25757575757575757,0.4166666666666667,0.23484848484848486,0.38636363636363635,0.3560606060606061,0.3787878787878788,0.21212121212121213,0.3106060606060606,0.32575757575757575
ec1f6f0a-5108-46a1-a18a-c98dd0c618c5,134,ES,0.24812030075187969,0.2556390977443609,0.41353383458646614,0.23308270676691728,0.38345864661654133,0.3684210526315789,0.37593984962406013,0.21052631578947367,0.3082706766917293,0.3233082706766917
ec1f6f0a-5108-46a1-a18a-c98dd0c618c5,135,ES,0.2462686567164179,0.26865671641791045,0.41044776119402987,0.23134328358208955,0.3805970149253731,0.3656716417910448,0.373134328358209,0.208955223880597,0.30597014925373134,0.3208955223880597
ec1f6f0a-5108-46a1-a18a-c98dd0c618c5,136,ES,0.24444444444444444,0.26666666666666666,0.4074074074074074,0.25925925925925924,0.37777777777777777,0.362962962962963,0.37037037037037035,0.2074074074074074,0.3037037037037037,0.31851851851851853
ec1f6f0a-5108-46a1-a18a-c98dd0c618c5,137,ES,0.2426470588235294,0.2647058823529412,0.40441176470588236,0.25735294117647056,0.375,0.3602941176470588,0.36764705882352944,0.23529411764705882,0.3014705882352941,0.3161764705882353
ec1f6f0a-5108-46a1-a18a-c98dd0c618c5,138,ES,0.24087591240875914,0.26277372262773724,0.40145985401459855,0.25547445255474455,0.3722627737226277,0.35766423357664234,0.39416058394160586,0.23357664233576642,0.29927007299270075,0.31386861313868614
ec1f6f0a-5108-46a1-a18a-c98dd0c618c5,139,ES,0.2391304347826087,0.2608695652173913,0.39855072463768115,0.2536231884057971,0.3695652173913043,0.3695652173913043,0.391304347826087,0.2318840579710145,0.2971014492753623,0.3115942028985507
ec1f6f0a-5108-46a1-a18a-c98dd0c618c5,140,ES,0.23741007194244604,0.2589928057553957,0.39568345323741005,0.2517985611510791,0.3669064748201439,0.3669064748201439,0.38848920863309355,0.2302158273381295,0.2949640287769784,0.33093525179856115
ec1f6f0a-5108-46a1-a18a-c98dd0c618c5,141,ES,0.2357142857142857,0.2571428571428571,0.39285714285714285,0.25,0.36428571428571427,0.39285714285714285,0.38571428571428573,0.22857142857142856,0.29285714285714287,0.32857142857142857
ec1f6f0a-5108-46a1-a18a-c98dd0c618c5,142,ES,0.23404255319148937,0.2553191489361702,0.3900709219858156,0.24822695035460993,0.3900709219858156,0.3900709219858156,0.3829787234042553,0.22695035460992907,0.2907801418439716,0.3262411347517731
ec1f6f0a-5108-46a1-a18a-c98dd0c618c5,143,ES,0.2323943661971831,0.2535211267605634,0.3873239436619718,0.2605633802816901,0.3873239436619718,0.3873239436619718,0.38028169014084506,0.22535211267605634,0.2887323943661972,0.323943661971831
ec1f6f0a-5108-46a1-a18a-c98dd0c618c5,144,ES,0.23076923076923078,0.2517482517482518,0.38461538461538464,0.25874125874125875,0.38461538461538464,0.38461538461538464,0.3776223776223776,0.22377622377622378,0.3006993006993007,0.32167832167832167
ec1f6f0a-5108-46a1-a18a-c98dd0c618c5,145,ES,0.22916666666666666,0.25,0.3819444444444444,0.2569444444444444,0.3819444444444444,0.3819444444444444,0.375,0.2222222222222222,0.3125,0.3194444444444444
ec1f6f0a-5108-46a1-a18a-c98dd0c618c5,146,ES,0.22758620689655173,0.2482758620689655,0.41379310344827586,0.25517241379310346,0.3793103448275862,0.3793103448275862,0.3724137931034483,0.2206896551724138,0.3103448275862069,0.31724137931034485
ec1f6f0a-5108-46a1-a18a-c98dd0c618c5,147,ES,0.22602739726027396,0.2465753424657534,0.410958904109589,0.2534246575342466,0.3904109589041096,0.3767123287671233,0.3698630136986301,0.2191780821917808,0.3082191780821918,0.3150684931506849
ec1f6f0a-5108-46a1-a18a-c98dd0c618c5,148,ES,0.22448979591836735,0.24489795918367346,0.42857142857142855,0.25170068027210885,0.3877551020408163,0.3741496598639456,0.3673469387755102,0.21768707482993196,0.30612244897959184,0.3129251700680272
ec1f6f0a-5108-46a1-a18a-c98dd0c618c5,149,ES,0.22297297297297297,0.24324324324324326,0.42567567567567566,0.25,0.38513513513513514,0.3716216216216216,0.36486486486486486,0.24324324324324326,0.30405405405405406,0.3108108108108108
ec1f6f0a-5108-46a1-a18a-c98dd0c618c5,150,ES,0.2483221476510067,0.24161073825503357,0.4228187919463087,0.2483221476510067,0.3825503355704698,0.3691275167785235,0.3624161073825503,0.24161073825503357,0.30201342281879195,0.3087248322147651
ec1f6f0a-5108-46a1-a18a-c98dd0c618c5,151,ES,0.24666666666666667,0.24,0.42,0.2733333333333333,0.38,0.36666666666666664,0.36,0.24,0.3,0.30666666666666664
ec1f6f0a-5108-46a1-a18a-c98dd0c618c5,152,ES,0.24503311258278146,0.23841059602649006,0.41721854304635764,0.271523178807947,0.37748344370860926,0.36423841059602646,0.3576158940397351,0.23841059602649006,0.31125827814569534,0.304635761589404
ec1f6f0a-5108-46a1-a18a-c98dd0c618c5,153,ES,0.24342105263157895,0.23684210526315788,0.4144736842105263,0.26973684210526316,0.375,0.3618421052631579,0.35526315789473684,0.23684210526315788,0.32894736842105265,0.3026315789473684
ec1f6f0a-5108-46a1-a18a-c98dd0c618c5,154,ES,0.24183006535947713,0.2679738562091503,0.4117647058823529,0.2679738562091503,0.37254901960784315,0.35947712418300654,0.35294117647058826,0.23529411764705882,0.32679738562091504,0.3006535947712418
ec1f6f0a-5108-46a1-a18a-c98dd0c618c5,155,ES,0.24025974025974026,0.2662337662337662,0.44805194805194803,0.2662337662337662,0.37012987012987014,0.35714285714285715,0.35064935064935066,0.23376623376623376,0.3246753246753247,0.2987012987012987
ec1f6f0a-5108-46a1-a18a-c98dd0c618c5,156,ES,0.23870967741935484,0.2645161290322581,0.44516129032258067,0.2645161290322581,0.36774193548387096,0.3548387096774194,0.34838709677419355,0.24516129032258063,0.3225806451612903,0.2967741935483871
ec1f6f0a-5108-46a1-a18a-c98dd0c618c5,157,ES,0.23717948717948717,0.26282051282051283,0.4423076923076923,0.26282051282051283,0.36538461538461536,0.358974358974359,0.34615384615384615,0.24358974358974358,0.32051282051282054,0.2948717948717949
ec1f6f0a-5108-46a1-a18a-c98dd0c618c5,158,ES,0.2611464968152866,0.2611464968152866,0.4394904458598726,0.2611464968152866,0.3630573248407643,0.35668789808917195,0.34394904458598724,0.24203821656050956,0.3184713375796178,0.2929936305732484
ec1f6f0a-5108-46a1-a18a-c98dd0c618c5,159,ES,0.25949367088607594,0.25949367088607594,0.43670886075949367,0.25949367088607594,0.36075949367088606,0.35443037974683544,0.34177215189873417,0.24050632911392406,0.31645569620253167,0.3037974683544304
ec1f6f0a-5108-46a1-a18a-c98dd0c618c5,160,ES,0.2578616352201258,0.2578616352201258,0.4339622641509434,0.2578616352201258,0.3584905660377358,0.3522012578616352,0.33962264150943394,0.2389937106918239,0.3270440251572327,0.3018867924528302
ec1f6f0a-5108-46a1-a18a-c98dd0c618c5,161,ES,0.25625,0.25625,0.43125,0.25625,0.35625,0.35,0.3375,0.2375,0.325,0.31875
ec1f6f0a-5108-46a1-a18a-c98dd0c618c5,162,ES,0.2546583850931677,0.2546583850931677,0.42857142857142855,0.2546583850931677,0.35403726708074534,0.34782608695652173,0.33540372670807456,0.2546583850931677,0.32298136645962733,0.3167701863354037
ec1f6f0a-5108-46a1-a18a-c98dd0c618c5,163,ES,0.25308641975308643,0.25308641975308643,0.42592592592592593,0.2654320987654321,0.35185185185185186,0.345679012345679,0.3333333333333333,0.25308641975308643,0.32098765432098764,0.3148148148148148
ec1f6f0a-5108-46a1-a18a-c98dd0c618c5,164,ES,0.25153374233128833,0.25153374233128833,0.4233128834355828,0.27607361963190186,0.3496932515337423,0.34355828220858897,0.3312883435582822,0.25153374233128833,0.31901840490797545,0.3128834355828221
ec1f6f0a-5108-46a1-a18a-c98dd0c618c5,165,ES,0.25,0.25,0.42073170731707316,0.29878048780487804,0.3475609756097561,0.34146341463414637,0.32926829268292684,0.25,0.3170731707317073,0.31097560975609756
ec1f6f0a-5108-46a1-a18a-c98dd0c618c5,166,ES,0.2606060606060606,0.24848484848484848,0.41818181818181815,0.296969696969697,0.34545454545454546,0.3393939393939394,0.32727272727272727,0.24848484848484848,0.3151515151515151,0.3090909090909091
ec1f6f0a-5108-46a1-a18a-c98dd0c618c5,167,ES,0.25903614457831325,0.2469879518072289,0.42771084337349397,0.29518072289156627,0.3433734939759036,0.3373493975903614,0.3253012048192771,0.2469879518072289,0.3132530120481928,0.3072289156626506
ec1f6f0a-5108-46a1-a18a-c98dd0c618c5,168,ES,0.25748502994011974,0.24550898203592814,0.4251497005988024,0.2934131736526946,0.3413173652694611,0.33532934131736525,0.32335329341317365,0.2694610778443114,0.31137724550898205,0.30538922155688625
ec1f6f0a-5108-46a1-a18a-c98dd0c618c5,169,ES,0.25595238095238093,0.24404761904761904,0.4226190476190476,0.2916666666666667,0.3392857142857143,0.3333333333333333,0.32142857142857145,0.26785714285714285,0.3333333333333333,0.30357142857142855
ec1f6f0a-5108-46a1-a18a-c98dd0c618c5,170,ES,0.25443786982248523,0.24260355029585798,0.42011834319526625,0.28994082840236685,0.33727810650887574,0.3609467455621302,0.31952662721893493,0.26627218934911245,0.33136094674556216,0.30177514792899407
ec1f6f0a-5108-46a1-a18a-c98dd0c618c5,171,ES,0.2529411764705882,0.2411764705882353,0.4176470588235294,0.31176470588235294,0.3352941176470588,0.3588235294117647,0.3176470588235294,0.2647058823529412,0.32941176470588235,0.3
ec1f6f0a-5108-46a1-a18a-c98dd0c618c5,172,ES,0.25146198830409355,0.23976608187134502,0.4152046783625731,0.30994152046783624,0.3333333333333333,0.3742690058479532,0.3157894736842105,0.2631578947368421,0.32748538011695905,0.2982456140350877
ec1f6f0a-5108-46a1-a18a-c98dd0c618c5,173,ES,0.25,0.23837209302325582,0.4127906976744186,0.3081395348837209,0.36046511627906974,0.37209302325581395,0.313953488372093,0.2616279069767442,0.32558139534883723,0.29651162790697677
ec1f6f0a-5108-46a1-a18a-c98dd0c618c5,174,ES,0.24855491329479767,0.23699421965317918,0.41040462427745666,0.32947976878612717,0.3583815028901734,0.3699421965317919,0.31213872832369943,0.26011560693641617,0.3236994219653179,0.2947976878612717
ec1f6f0a-5108-46a1-a18a-c98dd0c618c5,175,ES,0.2471264367816092,0.23563218390804597,0.40804597701149425,0.3275862068965517,0.3563218390804598,0.367816091954023,0.3275862068965517,0.25862068965517243,0.3218390804597701,0.29310344827586204
ec1f6f0a-5108-46a1-a18a-c98dd0c618c5,176,ES,0.26857142857142857,0.2342857142857143,0.4057142857142857,0.32571428571428573,0.35428571428571426,0.3657142857142857,0.32571428571428573,0.2571428571428571,0.32,0.2914285714285714
ec1f6f0a-5108-46a1-a18a-c98dd0c618c5,177,ES,0.26704545454545453,0.23295454545454544,0.4034090909090909,0.32386363636363635,0.3522727272727273,0.36363636363636365,0.32386363636363635,0.2556818181818182,0.3522727272727273,0.2897727272727273
ec1f6f0a-5108-46a1-a18a-c98dd0c618c5,178,ES,0.2655367231638418,0.23163841807909605,0.4011299435028249,0.3502824858757062,0.3502824858757062,0.3615819209039548,0.3220338983050847,0.2542372881355932,0.3502824858757062,0.288135593220339
ec1f6f0a-5108-46a1-a18a-c98dd0c618c5,179,ES,0.2640449438202247,0.2303370786516854,0.398876404494382,0.34831460674157305,0.34831460674157305,0.3595505617977528,0.3202247191011236,0.2640449438202247,0.34831460674157305,0.28651685393258425
ec1f6f0a-5108-46a1-a18a-c98dd0c618c5,180,ES,0.26256983240223464,0.22905027932960895,0.39664804469273746,0.3463687150837989,0.3463687150837989,0.3575418994413408,0.31843575418994413,0.27932960893854747,0.3463687150837989,0.2849162011173184
ec1f6f0a-5108-46a1-a18a-c98dd0c618c5,181,ES,0.2611111111111111,0.22777777777777777,0.39444444444444443,0.34444444444444444,0.3611111111111111,0.35555555555555557,0.31666666666666665,0.2777777777777778,0.34444444444444444,0.2833333333333333
ec1f6f0a-5108-46a1-a18a-c98dd0c618c5,182,ES,0.2596685082872928,0.2265193370165746,0.39226519337016574,0.3425414364640884,0.3701657458563536,0.35359116022099446,0.3149171270718232,0.27624309392265195,0.3425414364640884,0.281767955801105
ec1f6f0a-5108-46a1-a18a-c98dd0c618c5,183,ES,0.25824175824175827,0.22527472527472528,0.3901098901098901,0.34065934065934067,0.38461538461538464,0.3516483516483517,0.3131868131868132,0.27472527472527475,0.34065934065934067,0.2802197802197802
ec1f6f0a-5108-46a1-a18a-c98dd0c618c5,184,ES,0.2568306010928962,0.22404371584699453,0.3879781420765027,0.33879781420765026,0.3825136612021858,0.34972677595628415,0.3114754098360656,0.29508196721311475,0.33879781420765026,0.2786885245901639
ec1f6f0a-5108-46a1-a18a-c98dd0c618c5,185,ES,0.2554347826086957,0.2391304347826087,0.3858695652173913,0.33695652173913043,0.3804347826086957,0.34782608695652173,0.30978260869565216,0.29347826086956524,0.33695652173913043,0.27717391304347827
ec1f6f0a-5108-46a1-a18a-c98dd0c618c5,186,ES,0.25405405405405407,0.23783783783783785,0.3837837837837838,0.33513513513513515,0.3783783783783784,0.34594594594594597,0.32432432432432434,0.2918918918918919,0.33513513513513515,0.2756756756756757
ec1f6f0a-5108-46a1-a18a-c98dd0c618c5,187,ES,0.25268817204301075,0.25268817204301075,0.3817204301075269,0.3333333333333333,0.3763440860215054,0.34408602150537637,0.3225806451612903,0.2903225806451613,0.3333333333333333,0.27419354838709675
ec1f6f0a-5108-46a1-a18a-c98dd0c618c5,188,ES,0.25133689839572193,0.25133689839572193,0.37967914438502676,0.3315508021390374,0.37433155080213903,0.3422459893048128,0.32085561497326204,0.2887700534759358,0.33689839572192515,0.2727272727272727
ec1f6f0a-5108-46a1-a18a-c98dd0c618c5,189,ES,0.25,0.25,0.3776595744680851,0.32978723404255317,0.3723404255319149,0.3404255319148936,0.3191489361702128,0.30851063829787234,0.3351063829787234,0.2712765957446808
ec1f6f0a-5108-46a1-a18a-c98dd0c618c5,190,ES,0.24867724867724866,0.24867724867724866,0.37566137566137564,0.328042328042328,0.37037037037037035,0.3386243386243386,0.31746031746031744,0.30687830687830686,0.3439153439153439,0.2698412698412698
ec1f6f0a-5108-46a1-a18a-c98dd0c618c5,191,ES,0.24736842105263157,0.24736842105263157,0.3736842105263158,0.3263157894736842,0.3894736842105263,0.3368421052631579,0.3157894736842105,0.30526315789473685,0.34210526315789475,0.26842105263157895
ec1f6f0a-5108-46a1-a18a-c98dd0c618c5,192,ES,0.24607329842931938,0.2670157068062827,0.3717277486910995,0.32460732984293195,0.387434554973822,0.33507853403141363,0.31413612565445026,0.3036649214659686,0.3403141361256545,0.2670157068062827
ec1f6f0a-5108-46a1-a18a-c98dd0c618c5,193,ES,0.24479166666666666,0.265625,0.3697916666666667,0.3229166666666667,0.3854166666666667,0.3333333333333333,0.3125,0.3072916666666667,0.3385416666666667,0.265625
ec1f6f0a-5108-46a1-a18a-c98dd0c618c5,194,ES,0.24352331606217617,0.27979274611398963,0.36787564766839376,0.32124352331606215,0.38341968911917096,0.3316062176165803,0.31088082901554404,0.30569948186528495,0.33678756476683935,0.26424870466321243
ec1f6f0a-5108-46a1-a18a-c98dd0c618c5,195,ES,0.2422680412371134,0.27835051546391754,0.36597938144329895,0.31958762886597936,0.38144329896907214,0.32989690721649484,0.31958762886597936,0.30412371134020616,0.33505154639175255,0.26288659793814434
ec1f6f0a-5108-46a1-a18a-c98dd0c618c5,196,ES,0.24102564102564103,0.27692307692307694,0.37435897435897436,0.31794871794871793,0.37948717948717947,0.3282051282051282,0.31794871794871793,0.30256410256410254,0.3333333333333333,0.26153846153846155
ec1f6f0a-5108-46a1-a18a-c98dd0c618c5,197,ES,0.2602040816326531,0.2755102040816326,0.37244897959183676,0.3163265306122449,0.37755102040816324,0.32653061224489793,0.3163265306122449,0.3010204081632653,0.33163265306122447,0.2602040816326531
ec1f6f0a-5108-46a1-a18a-c98dd0c618c5,198,ES,0.25888324873096447,0.28426395939086296,0.37055837563451777,0.3147208121827411,0.3756345177664975,0.3248730964467005,0.3147208121827411,0.29949238578680204,0.3299492385786802,0.25888324873096447
ec1f6f0a-5108-46a1-a18a-c98dd0c618c5,199,ES,0.25757575757575757,0.2828282828282828,0.3686868686868687,0.31313131313131315,0.37373737373737376,0.32323232323232326,0.31313131313131315,0.29797979797979796,0.35858585858585856,0.25757575757575757
ec1f6f0a-5108-46a1-a18a-c98dd0c618c5,200,ES,0.2562814070351759,0.2814070351758794,0.36683417085427134,0.31155778894472363,0.37185929648241206,0.32160804020100503,0.31155778894472363,0.2964824120603015,0.36683417085427134,0.2562814070351759
ec1f6f0a-5108-46a1-a18a-c98dd0c618c5,201,ES,0.255,0.28,0.365,0.31,0.38,0.32,0.31,0.295,0.365,0.255
ec1f6f0a-5108-46a1-a18a-c98dd0c618c5,202,ES,0.2537313432835821,0.29850746268656714,0.36318407960199006,0.30845771144278605,0.3781094527363184,0.31840796019900497,0.30845771144278605,0.2935323383084577,0.36318407960199006,0.2537313432835821
ec1f6f0a-5108-46a1-a18a-c98dd0c618c5,203,ES,0.2524752475247525,0.297029702970297,0.3613861386138614,0.3069306930693069,0.37623762376237624,0.31683168316831684,0.3069306930693069,0.29207920792079206,0.3613861386138614,0.25742574257425743
ec1f6f0a-5108-46a1-a18a-c98dd0c618c5,204,ES,0.2512315270935961,0.2955665024630542,0.35960591133004927,0.3251231527093596,0.37438423645320196,0.31527093596059114,0.3054187192118227,0.29064039408866993,0.35960591133004927,0.2561576354679803
ec1f6f0a-5108-46a1-a18a-c98dd0c618c5,205,ES,0.25,0.29411764705882354,0.35784313725490197,0.3235294117647059,0.37254901960784315,0.3137254901960784,0.30392156862745096,0.28921568627450983,0.36764705882352944,0.2549019607843137
ec1f6f0a-5108-46a1-a18a-c98dd0c618c5,206,ES,0.24878048780487805,0.2926829268292683,0.35609756097560974,0.32195121951219513,0.37073170731707317,0.3121951219512195,0.3024390243902439,0.28780487804878047,0.3853658536585366,0.25365853658536586
ec1f6f0a-5108-46a1-a18a-c98dd0c618c5,207,ES,0.2621359223300971,0.2912621359223301,0.35436893203883496,0.32038834951456313,0.36893203883495146,0.3106796116504854,0.30097087378640774,0.28640776699029125,0.38349514563106796,0.2524271844660194
ec1f6f0a-5108-46a1-a18a-c98dd0c618c5,208,ES,0.2608695652173913,0.2898550724637681,0.3526570048309179,0.3188405797101449,0.3671497584541063,0.32367149758454106,0.2995169082125604,0.28502415458937197,0.38164251207729466,0.25120772946859904
ec1f6f0a-5108-46a1-a18a-c98dd0c618c5,209,ES,0.25961538461538464,0.2932692307692308,0.35096153846153844,0.3173076923076923,0.36538461538461536,0.32211538461538464,0.2980769230769231,0.28365384615384615,0.3798076923076923,0.25
ec1f6f0a-5108-46a1-a18a-c98dd0c618c5,210,ES,0.2583732057416268,0.291866028708134,0.3492822966507177,0.3157894736842105,0.36363636363636365,0.3444976076555024,0.2966507177033493,0.2822966507177033,0.37799043062200954,0.24880382775119617
ec1f6f0a-5108-46a1-a18a-c98dd0c618c5,211,ES,0.2571428571428571,0.2904761904761905,0.3476190476190476,0.3142857142857143,0.3619047619047619,0.34285714285714286,0.29523809523809524,0.28095238095238095,0.3761904761904762,0.2619047619047619
ec1f6f0a-5108-46a1-a18a-c98dd0c618c5,212,ES,0.2796208530805687,0.2890995260663507,0.3459715639810427,0.3127962085308057,0.36018957345971564,0.3412322274881517,0.2938388625592417,0.2796208530805687,0.3744075829383886,0.26066350710900477
ec1f6f0a-5108-46a1-a18a-c98dd0c618c5,213,ES,0.3018867924528302,0.28773584905660377,0.3443396226415094,0.3113207547169811,0.3584905660377358,0.33962264150943394,0.29245283018867924,0.2783018867924528,0.37264150943396224,0.25943396226415094
ec1f6f0a-5108-46a1-a18a-c98dd0c618c5,214,ES,0.3004694835680751,0.2863849765258216,0.3615023474178404,0.30985915492957744,0.3568075117370892,0.3380281690140845,0.29107981220657275,0.27699530516431925,0.37089201877934275,0.25821596244131456
ec1f6f0a-5108-46a1-a18a-c98dd0c618c5,215,ES,0.29906542056074764,0.2850467289719626,0.3598130841121495,0.308411214953271,0.35514018691588783,0.3411214953271028,0.2897196261682243,0.2757009345794392,0.3691588785046729,0.2570093457943925
ec1f6f0a-5108-46a1-a18a-c98dd0c618c5,216,ES,0.29767441860465116,0.2837209302325581,0.3581395348837209,0.30697674418604654,0.3627906976744186,0.3395348837209302,0.28837209302325584,0.2744186046511628,0.3674418604651163,0.2558139534883721
ec1f6f0a-5108-46a1-a18a-c98dd0c618c5,217,ES,0.2962962962962963,0.2824074074074074,0.35648148148148145,0.3055555555555556,0.3611111111111111,0.33796296296296297,0.28703703703703703,0.27314814814814814,0.36574074074074076,0.2638888888888889
ec1f6f0a-5108-46a1-a18a-c98dd0c618c5,218,ES,0.29493087557603687,0.28110599078341014,0.3548387096774194,0.30414746543778803,0.3824884792626728,0.33640552995391704,0.2857142857142857,0.271889400921659,0.3640552995391705,0.2626728110599078
ec1f6f0a-5108-46a1-a18a-c98dd0c618c5,219,ES,0.29357798165137616,0.2798165137614679,0.3532110091743119,0.30275229357798167,0.38073394495412843,0.3348623853211009,0.28440366972477066,0.2798165137614679,0.3623853211009174,0.26146788990825687
ec1f6f0a-5108-46a1-a18a-c98dd0c618c5,220,ES,0.2922374429223744,0.2785388127853881,0.3515981735159817,0.3013698630136986,0.3789954337899543,0.3333333333333333,0.2831050228310502,0.2968036529680365,0.3607305936073059,0.2602739726027397
ec1f6f0a-5108-46a1-a18a-c98dd0c618c5,221,ES,0.2909090909090909,0.30454545454545456,0.35,0.3,0.37727272727272726,0.33181818181818185,0.2818181818181818,0.29545454545454547,0.35909090909090907,0.2590909090909091
ec1f6f0a-5108-46a1-a18a-c98dd0c618c5,222,ES,0.2895927601809955,0.3031674208144796,0.3665158371040724,0.2986425339366516,0.3755656108597285,0.33031674208144796,0.28054298642533937,0.29411764705882354,0.3574660633484163,0.2579185520361991
ec1f6f0a-5108-46a1-a18a-c98dd0c618c5,223,ES,0.2882882882882883,0.30180180180180183,0.36486486486486486,0.2972972972972973,0.3738738738738739,0.34234234234234234,0.27927927927927926,0.2927927927927928,0.35585585585585583,0.25675675675675674
ec1f6f0a-5108-46a1-a18a-c98dd0c618c5,224,ES,0.28699551569506726,0.3004484304932735,0.3632286995515695,0.29596412556053814,0.3721973094170404,0.3542600896860987,0.27802690582959644,0.2914798206278027,0.3542600896860987,0.2556053811659193
ec1f6f0a-5108-46a1-a18a-c98dd0c618c5,225,ES,0.2857142857142857,0.29910714285714285,0.3794642857142857,0.29464285714285715,0.3705357142857143,0.35267857142857145,0.2767857142857143,0.29017857142857145,0.35267857142857145,0.2544642857142857
ec1f6f0a-5108-46a1-a18a-c98dd0c618c5,226,ES,0.28444444444444444,0.29777777777777775,0.37777777777777777,0.29333333333333333,0.3688888888888889,0.3511111111111111,0.27555555555555555,0.28888888888888886,0.3511111111111111,0.26666666666666666
ec1f6f0a-5108-46a1-a18a-c98dd0c618c5,227,ES,0.2831858407079646,0.29646017699115046,0.39823008849557523,0.2920353982300885,0.3672566371681416,0.3495575221238938,0.2743362831858407,0.28761061946902655,0.3495575221238938,0.26548672566371684
ec1f6f0a-5108-46a1-a18a-c98dd0c618c5,228,ES,0.28193832599118945,0.29515418502202645,0.3964757709251101,0.2907488986784141,0.3656387665198238,0.34801762114537443,0.28634361233480177,0.28634361233480177,0.34801762114537443,0.2643171806167401
ec1f6f0a-5108-46a1-a18a-c98dd0c618c5,229,ES,0.3026315789473684,0.29385964912280704,0.39473684210526316,0.2894736842105263,0.36403508771929827,0.34649122807017546,0.2850877192982456,0.2850877192982456,0.34649122807017546,0.2631578947368421
ec1f6f0a-5108-46a1-a18a-c98dd0c618c5,230,ES,0.30131004366812225,0.2925764192139738,0.3930131004366812,0.28820960698689957,0.3624454148471616,0.3537117903930131,0.2838427947598253,0.2838427947598253,0.34497816593886466,0.26200873362445415
ec1f6f0a-5108-46a1-a18a-c98dd0c618c5,231,ES,0.3,0.29130434782608694,0.391304347826087,0.28695652173913044,0.3739130434782609,0.3521739130434783,0.2826086956521739,0.2826086956521739,0.34347826086956523,0.2608695652173913
ec1f6f0a-5108-46a1-a18a-c98dd0c618c5,232,ES,0.2987012987012987,0.29004329004329005,0.38961038961038963,0.2857142857142857,0.3722943722943723,0.35064935064935066,0.2943722943722944,0.2813852813852814,0.341991341991342,0.2597402597402597
ec1f6f0a-5108-46a1-a18a-c98dd0c618c5,233,ES,0.2974137931034483,0.28879310344827586,0.3879310344827586,0.28448275862068967,0.3706896551724138,0.34913793103448276,0.3017241379310345,0.2801724137931034,0.34051724137931033,0.25862068965517243
ec1f6f0a-5108-46a1-a18a-c98dd0c618c5,234,ES,0.296137339055794,0.2875536480686695,0.38626609442060084,0.2832618025751073,0.36909871244635195,0.3605150214592275,0.30042918454935624,0.27896995708154504,0.33905579399141633,0.2575107296137339
ec1f6f0a-5108-46a1-a18a-c98dd0c618c5,235,ES,0.2948717948717949,0.2863247863247863,0.38461538461538464,0.28205128205128205,0.36752136752136755,0.358974358974359,0.32051282051282054,0.2777777777777778,0.33760683760683763,0.2564102564102564
ec1f6f0a-5108-46a1-a18a-c98dd0c618c5,236,ES,0.2936170212765957,0.2851063829787234,0.3829787234042553,0.28085106382978725,0.37872340425531914,0.3574468085106383,0.3191489361702128,0.2765957446808511,0.33617021276595743,0.2553191489361702
ec1f6f0a-5108-46a1-a18a-c98dd0c618c5,237,ES,0.2923728813559322,0.2838983050847458,0.3813559322033898,0.2796610169491525,0.3771186440677966,0.3728813559322034,0.3177966101694915,0.2754237288135593,0.3347457627118644,0.2542372881355932
ec1f6f0a-5108-46a1-a18a-c98dd0c618c5,238,ES,0.2911392405063291,0.28270042194092826,0.379746835443038,0.27848101265822783,0.3755274261603376,0.37130801687763715,0.31645569620253167,0.2742616033755274,0.34177215189873417,0.25316455696202533
ec1f6f0a-5108-46a1-a18a-c98dd0c618c5,239,ES,0.28991596638655465,0.2815126050420168,0.37815126050420167,0.2773109243697479,0.3739495798319328,0.3697478991596639,0.31512605042016806,0.2857142857142857,0.3403361344537815,0.25210084033613445
ec1f6f0a-5108-46a1-a18a-c98dd0c618c5,240,ES,0.28870292887029286,0.2928870292887029,0.37656903765690375,0.27615062761506276,0.3723849372384937,0.3682008368200837,0.3138075313807531,0.28451882845188287,0.3389121338912134,0.2510460251046025
ec1f6f0a-5108-46a1-a18a-c98dd0c618c5,241,ES,0.2875,0.2916666666666667,0.3875,0.275,0.37083333333333335,0.36666666666666664,0.3125,0.2833333333333333,0.3375,0.25
ec1f6f0a-5108-46a1-a18a-c98dd0c618c5,242,ES,0.2863070539419087,0.29045643153526973,0.38589211618257263,0.27385892116182575,0.36929460580912865,0.3651452282157676,0.3112033195020747,0.2821576763485477,0.3360995850622407,0.2572614107883817
ec1f6f0a-5108-46a1-a18a-c98dd0c618c5,243,ES,0.28512396694214875,0.2892561983471074,0.384297520661157,0.2727272727272727,0.3677685950413223,0.36363636363636365,0.3347107438016529,0.2809917355371901,0.3347107438016529,0.256198347107438
ec1f6f0a-5108-46a1-a18a-c98dd0c618c5,244,ES,0.2839506172839506,0.2962962962962963,0.38271604938271603,0.2716049382716049,0.3662551440329218,0.36213991769547327,0.3333333333333333,0.27983539094650206,0.3333333333333333,0.2551440329218107
ec1f6f0a-5108-46a1-a18a-c98dd0c618c5,245,ES,0.2827868852459016,0.29508196721311475,0.38114754098360654,0.27049180327868855,0.36475409836065575,0.36065573770491804,0.3319672131147541,0.2786885245901639,0.3319672131147541,0.2581967213114754
ec1f6f0a-5108-46a1-a18a-c98dd0c618c5,246,ES,0.2816326530612245,0.2938775510204082,0.3795918367346939,0.2693877551020408,0.363265306122449,0.3795918367346939,0.3306122448979592,0.27755102040816326,0.3306122448979592,0.2571428571428571
ec1f6f0a-5108-46a1-a18a-c98dd0c618c5,247,ES,0.2804878048780488,0.2926829268292683,0.3902439024390244,0.2682926829268293,0.3617886178861789,0.3780487804878049,0.32926829268292684,0.2764227642276423,0.32926829268292684,0.25609756097560976
ec1f6f0a-5108-46a1-a18a-c98dd0c618c5,248,ES,0.2793522267206478,0.291497975708502,0.38866396761133604,0.26720647773279355,0.3603238866396761,0.3765182186234818,0.32793522267206476,0.27530364372469635,0.32793522267206476,0.2550607287449393
ec1f6f0a-5108-46a1-a18a-c98dd0c618c5,249,ES,0.2782258064516129,0.2903225806451613,0.3870967741935484,0.2661290322580645,0.3588709677419355,0.3870967741935484,0.32661290322580644,0.27419354838709675,0.32661290322580644,0.2540322580645161
ec1f6f0a-5108-46a1-a18a-c98dd0c618c5,250,ES,0.27710843373493976,0.2931726907630522,0.3855421686746988,0.26506024096385544,0.357429718875502,0.3855421686746988,0.3253012048192771,0.27309236947791166,0.3253012048192771,0.25301204819277107
ec1f6f0a-5108-46a1-a18a-c98dd0c618c5,251,ES,0.276,0.292,0.396,0.264,0.356,0.384,0.324,0.272,0.324,0.252
ec1f6f0a-5108-46a1-a18a-c98dd0c618c5,252,ES,0.2749003984063745,0.2908366533864542,0.3944223107569721,0.26294820717131473,0.3545816733067729,0.38247011952191234,0.3426294820717131,0.27091633466135456,0.32270916334661354,0.250996015936255
ec1f6f0a-5108-46a1-a18a-c98dd0c618c5,253,ES,0.27380952380952384,0.2896825396825397,0.40476190476190477,0.2619047619047619,0.3531746031746032,0.38095238095238093,0.3412698412698413,0.2698412698412698,0.32142857142857145,0.25
ec1f6f0a-5108-46a1-a18a-c98dd0c618c5,254,ES,0.2727272727272727,0.2885375494071146,0.4031620553359684,0.2608695652173913,0.35177865612648224,0.3794466403162055,0.33992094861660077,0.2885375494071146,0.3201581027667984,0.2490118577075099
ec1f6f0a-5108-46a1-a18a-c98dd0c618c5,255,ES,0.27165354330708663,0.2874015748031496,0.4015748031496063,0.25984251968503935,0.35039370078740156,0.39763779527559057,0.33858267716535434,0.2874015748031496,0.3188976377952756,0.24803149606299213
ec1f6f0a-5108-46a1-a18a-c98dd0c618c5,256,ES,0.27058823529411763,0.28627450980392155,0.4,0.25882352941176473,0.36470588235294116,0.396078431372549,0.33725490196078434,0.28627450980392155,0.3176470588235294,0.24705882352941178
ec1f6f0a-5108-46a1-a18a-c98dd0c618c5,257,ES,0.26953125,0.28515625,0.4140625,0.2578125,0.36328125,0.39453125,0.3359375,0.28515625,0.31640625,0.24609375
ec1f6f0a-5108-46a1-a18a-c98dd0c618c5,258,ES,0.26848249027237353,0.2840466926070039,0.41245136186770426,0.25680933852140075,0.36186770428015563,0.39299610894941633,0.3346303501945525,0.2840466926070039,0.32684824902723736,0.245136186770428
ec1f6f0a-5108-46a1-a18a-c98dd0c618c5,259,ES,0.26744186046511625,0.28294573643410853,0.4108527131782946,0.2558139534883721,0.36046511627906974,0.39147286821705424,0.3333333333333333,0.29457364341085274,0.32558139534883723,0.2441860465116279
ec1f6f0a-5108-46a1-a18a-c98dd0c618c5,260,ES,0.26640926640926643,0.28185328185328185,0.4092664092664093,0.2548262548262548,0.3590733590733591,0.38996138996138996,0.3474903474903475,0.29343629343629346,0.32432432432432434,0.24324324324324326
ec1f6f0a-5108-46a1-a18a-c98dd0c618c5,261,ES,0.2653846153846154,0.28076923076923077,0.4076923076923077,0.2692307692307692,0.3576923076923077,0.38846153846153847,0.34615384615384615,0.2923076923076923,0.3230769230769231,0.2423076923076923
ec1f6f0a-5108-46a1-a18a-c98dd0c618c5,262,ES,0.26436781609195403,0.2796934865900383,0.4061302681992337,0.2835249042145594,0.3563218390804598,0.38697318007662834,0.3448275862068966,0.29118773946360155,0.3218390804597701,0.2413793103448276
ec1f6f0a-5108-46a1-a18a-c98dd0c618c5,263,ES,0.2633587786259542,0.2786259541984733,0.40458015267175573,0.2824427480916031,0.3549618320610687,0.38549618320610685,0.3549618320610687,0.2900763358778626,0.32061068702290074,0.24045801526717558
ec1f6f0a-5108-46a1-a18a-c98dd0c618c5,264,ES,0.2623574144486692,0.27756653992395436,0.4220532319391635,0.2813688212927757,0.35361216730038025,0.3840304182509506,0.35361216730038025,0.2889733840304182,0.3193916349809886,0.23954372623574144
ec1f6f0a-5108-46a1-a18a-c98dd0c618c5,265,ES,0.2840909090909091,0.2765151515151515,0.42045454545454547,0.2803030303030303,0.3522727272727273,0.38257575757575757,0.3522727272727273,0.2878787878787879,0.3181818181818182,0.23863636363636365
ec1f6f0a-5108-46a1-a18a-c98dd0c618c5,266,ES,0.2830188679245283,0.27547169811320754,0.4188679245283019,0.2792452830188679,0.35094339622641507,0.38113207547169814,0.36981132075471695,0.28679245283018867,0.3169811320754717,0.23773584905660378
ec1f6f0a-5108-46a1-a18a-c98dd0c618c5,267,ES,0.2819548872180451,0.2781954887218045,0.41729323308270677,0.2781954887218045,0.34962406015037595,0.37969924812030076,0.3684210526315789,0.2857142857142857,0.3157894736842105,0.23684210526315788
ec1f6f0a-5108-46a1-a18a-c98dd0c618c5,268,ES,0.2808988764044944,0.27715355805243447,0.4157303370786517,0.27715355805243447,0.34831460674157305,0.3782771535580524,0.3782771535580524,0.2846441947565543,0.3146067415730337,0.23595505617977527
ec1f6f0a-5108-46a1-a18a-c98dd0c618c5,269,ES,0.2947761194029851,0.27611940298507465,0.4141791044776119,0.27611940298507465,0.34701492537313433,0.376865671641791,0.376865671641791,0.2835820895522388,0.31343283582089554,0.23507462686567165
ec1f6f0a-5108-46a1-a18a-c98dd0c618c5,270,ES,0.2936802973977695,0.275092936802974,0.41263940520446096,0.275092936802974,0.34572490706319703,0.3754646840148699,0.3754646840148699,0.2825278810408922,0.31226765799256506,0.24535315985130113
ec1f6f0a-5108-46a1-a18a-c98dd0c618c5,271,ES,0.3037037037037037,0.2740740740740741,0.4111111111111111,0.2740740740740741,0.34444444444444444,0.37407407407407406,0.37407407407407406,0.2814814814814815,0.3111111111111111,0.24444444444444444
ec1f6f0a-5108-46a1-a18a-c98dd0c618c5,272,ES,0.3025830258302583,0.2730627306273063,0.42435424354243545,0.2730627306273063,0.34317343173431736,0.3726937269372694,0.3726937269372694,0.28044280442804426,0.30996309963099633,0.24354243542435425
ec1f6f0a-5108-46a1-a18a-c98dd0c618c5,273,ES,0.3014705882352941,0.27205882352941174,0.4227941176470588,0.27205882352941174,0.34191176470588236,0.38235294117647056,0.3713235294117647,0.27941176470588236,0.3088235294117647,0.2426470588235294
ec1f6f0a-5108-46a1-a18a-c98dd0c618c5,274,ES,0.30036630036630035,0.2857142857142857,0.42124542124542125,0.27106227106227104,0.34065934065934067,0.38095238095238093,0.36996336996337,0.2783882783882784,0.3076923076923077,0.24175824175824176
ec1f6f0a-5108-46a1-a18a-c98dd0c618c5,275,ES,0.29927007299270075,0.2846715328467153,0.4197080291970803,0.27007299270072993,0.33941605839416056,0.3795620437956204,0.3759124087591241,0.2773722627737226,0.30656934306569344,0.24087591240875914
ec1f6f0a-5108-46a1-a18a-c98dd0c618c5,276,ES,0.29818181818181816,0.28363636363636363,0.41818181818181815,0.28,0.3381818181818182,0.3781818181818182,0.37454545454545457,0.27636363636363637,0.3054545454545455,0.24
ec1f6f0a-5108-46a1-a18a-c98dd0c618c5,277,ES,0.3079710144927536,0.2826086956521739,0.4166666666666667,0.27898550724637683,0.33695652173913043,0.37681159420289856,0.37318840579710144,0.2753623188405797,0.30434782608695654,0.2391304347826087
ec1f6f0a-5108-46a1-a18a-c98dd0c618c5,278,ES,0.3176895306859206,0.2815884476534296,0.4151624548736462,0.2779783393501805,0.33574007220216606,0.37545126353790614,0.37184115523465705,0.2743682310469314,0.30324909747292417,0.23826714801444043
ec1f6f0a-5108-46a1-a18a-c98dd0c618c5,279,ES,0.31654676258992803,0.2805755395683453,0.4136690647482014,0.27697841726618705,0.3345323741007194,0.37410071942446044,0.37050359712230213,0.27697841726618705,0.302158273381295,0.23741007194244604
ec1f6f0a-5108-46a1-a18a-c98dd0c618c5,280,ES,0.3154121863799283,0.27956989247311825,0.4265232974910394,0.27598566308243727,0.3333333333333333,0.3727598566308244,0.36917562724014336,0.27598566308243727,0.3010752688172043,0.23655913978494625
ec1f6f0a-5108-46a1-a18a-c98dd0c618c5,281,ES,0.3142857142857143,0.2785714285714286,0.425,0.275,0.33214285714285713,0.37142857142857144,0.3678571428571429,0.275,0.3,0.24642857142857144
ec1f6f0a-5108-46a1-a18a-c98dd0c618c5,282,ES,0.31316725978647686,0.2775800711743772,0.43416370106761565,0.27402135231316727,0.3309608540925267,0.3701067615658363,0.3665480427046263,0.27402135231316727,0.298932384341637,0.24555160142348753
ec1f6f0a-5108-46a1-a18a-c98dd0c618c5,283,ES,0.3120567375886525,0.2765957446808511,0.4326241134751773,0.2730496453900709,0.32978723404255317,0.36879432624113473,0.36524822695035464,0.2801418439716312,0.2978723404255319,0.24468085106382978
ec1f6f0a-5108-46a1-a18a-c98dd0c618c5,284,ES,0.31095406360424027,0.2756183745583039,0.4452296819787986,0.27208480565371024,0.3286219081272085,0.3674911660777385,0.36395759717314485,0.2791519434628975,0.2968197879858657,0.24381625441696114
ec1f6f0a-5108-46a1-a18a-c98dd0c618c5,285,ES,0.30985915492957744,0.2746478873239437,0.44366197183098594,0.2711267605633803,0.34507042253521125,0.36619718309859156,0.3626760563380282,0.27816901408450706,0.29577464788732394,0.24295774647887325
ec1f6f0a-5108-46a1-a18a-c98dd0c618c5,286,ES,0.3087719298245614,0.28421052631578947,0.4421052631578947,0.27017543859649124,0.34385964912280703,0.3649122807017544,0.36140350877192984,0.2771929824561403,0.29473684210526313,0.24210526315789474
ec1f6f0a-5108-46a1-a18a-c98dd0c618c5,287,ES,0.3076923076923077,0.28321678321678323,0.4405594405594406,0.2692307692307692,0.36363636363636365,0.36363636363636365,0.36013986013986016,0.2762237762237762,0.2937062937062937,0.24125874125874125
ec1f6f0a-5108-46a1-a18a-c98dd0c618c5,288,ES,0.30662020905923343,0.28222996515679444,0.43902439024390244,0.2682926829268293,0.37282229965156793,0.3623693379790941,0.3588850174216028,0.27526132404181186,0.2926829268292683,0.24041811846689895
ec1f6f0a-5108-46a1-a18a-c98dd0c618c5,289,ES,0.3055555555555556,0.28125,0.4375,0.2673611111111111,0.3715277777777778,0.3611111111111111,0.3576388888888889,0.2743055555555556,0.2986111111111111,0.23958333333333334
ec1f6f0a-5108-46a1-a18a-c98dd0c618c5,290,ES,0.3044982698961938,0.28027681660899656,0.4359861591695502,0.28027681660899656,0.370242214532872,0.35986159169550175,0.356401384083045,0.27335640138408307,0.2975778546712803,0.23875432525951557
ec1f6f0a-5108-46a1-a18a-c98dd0c618c5,291,ES,0.30344827586206896,0.2793103448275862,0.43448275862068964,0.2793103448275862,0.3689655172413793,0.3586206896551724,0.3758620689655172,0.27241379310344827,0.296551724137931,0.23793103448275862
ec1f6f0a-5108-46a1-a18a-c98dd0c618c5,292,ES,0.3024054982817869,0.27835051546391754,0.4329896907216495,0.27835051546391754,0.36769759450171824,0.35738831615120276,0.3745704467353952,0.27147766323024053,0.29553264604810997,0.24398625429553264
ec1f6f0a-5108-46a1-a18a-c98dd0c618c5,293,ES,0.3013698630136986,0.2773972602739726,0.4315068493150685,0.2773972602739726,0.3664383561643836,0.3561643835616438,0.3732876712328767,0.2705479452054795,0.3047945205479452,0.24315068493150685
ec1f6f0a-5108-46a1-a18a-c98dd0c618c5,294,ES,0.3003412969283277,0.2764505119453925,0.4300341296928328,0.2764505119453925,0.3651877133105802,0.35494880546075086,0.3720136518771331,0.2696245733788396,0.30716723549488056,0.24232081911262798
ec1f6f0a-5108-46a1-a18a-c98dd0c618c5,295,ES,0.29931972789115646,0.2755102040816326,0.42857142857142855,0.2891156462585034,0.36394557823129253,0.35374149659863946,0.3707482993197279,0.2687074829931973,0.30612244897959184,0.24149659863945577
ec1f6f0a-5108-46a1-a18a-c98dd0c618c5,296,ES,0.2983050847457627,0.2745762711864407,0.43728813559322033,0.288135593220339,0.36271186440677966,0.3525423728813559,0.3694915254237288,0.2677966101694915,0.3050847457627119,0.24067796610169492
ec1f6f0a-5108-46a1-a18a-c98dd0c618c5,297,ES,0.2972972972972973,0.27364864864864863,0.4358108108108108,0.28716216216216217,0.36824324324324326,0.35135135135135137,0.36824324324324326,0.2668918918918919,0.30405405405405406,0.23986486486486486
ec1f6f0a-5108-46a1-a18a-c98dd0c618c5,298,ES,0.30303030303030304,0.2727272727272727,0.43434343434343436,0.28619528619528617,0.367003367003367,0.3501683501683502,0.367003367003367,0.265993265993266,0.30303030303030304,0.23905723905723905
ec1f6f0a-5108-46a1-a18a-c98dd0c618c5,299,ES,0.30201342281879195,0.27181208053691275,0.43288590604026844,0.28859060402684567,0.36577181208053694,0.348993288590604,0.36577181208053694,0.2651006711409396,0.30201342281879195,0.23825503355704697
ec1f6f0a-5108-46a1-a18a-c98dd0c618c5,300,ES,0.3010033444816054,0.2709030100334448,0.431438127090301,0.29431438127090304,0.36454849498327757,0.34782608695652173,0.36454849498327757,0.26421404682274247,0.3010033444816054,0.23745819397993312
ec1f6f0a-5108-46a1-a18a-c98dd0c618c5,301,ES,0.3,0.27,0.43666666666666665,0.29333333333333333,0.36333333333333334,0.3466666666666667,0.36333333333333334,0.2633333333333333,0.3,0.23666666666666666
ec1f6f0a-5108-46a1-a18a-c98dd0c618c5,302,ES,0.29900332225913623,0.2691029900332226,0.44518272425249167,0.292358803986711,0.36212624584717606,0.34551495016611294,0.36212624584717606,0.26245847176079734,0.29900332225913623,0.23588039867109634
ec1f6f0a-5108-46a1-a18a-c98dd0c618c5,303,ES,0.2980132450331126,0.2682119205298013,0.44370860927152317,0.2913907284768212,0.3609271523178808,0.3443708609271523,0.3609271523178808,0.26158940397350994,0.2980132450331126,0.24834437086092714
ec1f6f0a-5108-46a1-a18a-c98dd0c618c5,304,ES,0.297029702970297,0.26732673267326734,0.44224422442244227,0.29042904290429045,0.35973597359735976,0.3432343234323432,0.3696369636963696,0.2607260726072607,0.297029702970297,0.24752475247524752
ec1f6f0a-5108-46a1-a18a-c98dd0c618c5,305,ES,0.29605263157894735,0.26644736842105265,0.4407894736842105,0.2894736842105263,0.35855263157894735,0.34210526315789475,0.3684210526315789,0.2598684210526316,0.3059210526315789,0.24671052631578946
ec1f6f0a-5108-46a1-a18a-c98dd0c618c5,306,ES,0.29508196721311475,0.26557377049180325,0.43934426229508194,0.28852459016393445,0.35737704918032787,0.3540983606557377,0.36721311475409835,0.25901639344262295,0.30491803278688523,0.2459016393442623
ec1f6f0a-5108-46a1-a18a-c98dd0c618c5,307,ES,0.29411764705882354,0.2647058823529412,0.43790849673202614,0.2973856209150327,0.3562091503267974,0.35294117647058826,0.3660130718954248,0.2581699346405229,0.30392156862745096,0.24509803921568626
ec1f6f0a-5108-46a1-a18a-c98dd0c618c5,308,ES,0.2931596091205212,0.26384364820846906,0.4364820846905538,0.2964169381107492,0.3550488599348534,0.3517915309446254,0.3713355048859935,0.25732899022801303,0.30293159609120524,0.24429967426710097
ec1f6f0a-5108-46a1-a18a-c98dd0c618c5,309,ES,0.2922077922077922,0.262987012987013,0.43506493506493504,0.29545454545454547,0.3538961038961039,0.35064935064935066,0.38961038961038963,0.2564935064935065,0.30194805194805197,0.2435064935064935
ec1f6f0a-5108-46a1-a18a-c98dd0c618c5,310,ES,0.2912621359223301,0.2621359223300971,0.4336569579288026,0.29449838187702265,0.35275080906148865,0.34951456310679613,0.3948220064724919,0.255663430420712,0.30097087378640774,0.24271844660194175
ec1f6f0a-5108-46a1-a18a-c98dd0c618c5,311,ES,0.2903225806451613,0.26129032258064516,0.432258064516129,0.29354838709677417,0.35161290322580646,0.34838709677419355,0.3935483870967742,0.25483870967741934,0.3096774193548387,0.24193548387096775
ec1f6f0a-5108-46a1-a18a-c98dd0c618c5,312,ES,0.28938906752411575,0.2604501607717042,0.43086816720257237,0.29260450160771706,0.3504823151125402,0.34726688102893893,0.39228295819935693,0.2540192926045016,0.3183279742765273,0.24115755627009647
ec1f6f0a-5108-46a1-a18a-c98dd0c618c5,313,ES,0.28846153846153844,0.266025641025641,0.42948717948717946,0.2916666666666667,0.34935897435897434,0.34615384615384615,0.391025641025641,0.2532051282051282,0.3173076923076923,0.2403846153846154
ec1f6f0a-5108-46a1-a18a-c98dd0c618c5,314,ES,0.28753993610223644,0.26517571884984026,0.4281150159744409,0.29073482428115016,0.34824281150159747,0.3450479233226837,0.38977635782747605,0.26198083067092653,0.31629392971246006,0.23961661341853036
ec1f6f0a-5108-46a1-a18a-c98dd0c618c5,315,ES,0.28662420382165604,0.2643312101910828,0.4267515923566879,0.2898089171974522,0.3535031847133758,0.34394904458598724,0.3885350318471338,0.2611464968152866,0.31528662420382164,0.23885350318471338
ec1f6f0a-5108-46a1-a18a-c98dd0c618c5,316,ES,0.2857142857142857,0.2634920634920635,0.4253968253968254,0.28888888888888886,0.3523809523809524,0.35555555555555557,0.3873015873015873,0.26031746031746034,0.3142857142857143,0.23809523809523808
ec1f6f0a-5108-46a1-a18a-c98dd0c618c5,317,ES,0.2848101265822785,0.2626582278481013,0.43354430379746833,0.2879746835443038,0.3512658227848101,0.35443037974683544,0.3860759493670886,0.25949367088607594,0.31329113924050633,0.23734177215189872
ec1f6f0a-5108-46a1-a18a-c98dd0c618c5,318,ES,0.28391167192429023,0.2618296529968454,0.43217665615141954,0.2870662460567823,0.3501577287066246,0.35331230283911674,0.38485804416403785,0.2586750788643533,0.3249211356466877,0.23659305993690852
ec1f6f0a-5108-46a1-a18a-c98dd0c618c5,319,ES,0.2830188679245283,0.2610062893081761,0.4308176100628931,0.2861635220125786,0.3490566037735849,0.3522012578616352,0.3867924528301887,0.2578616352201258,0.3238993710691824,0.2358490566037736
ec1f6f0a-5108-46a1-a18a-c98dd0c618c5,320,ES,0.28213166144200624,0.2601880877742947,0.42946708463949845,0.2852664576802508,0.34796238244514105,0.3510971786833856,0.38557993730407525,0.26959247648902823,0.322884012539185,0.23510971786833856
ec1f6f0a-5108-46a1-a18a-c98dd0c618c5,321,ES,0.28125,0.259375,0.428125,0.284375,0.346875,0.3625,0.384375,0.26875,0.321875,0.234375
ec1f6f0a-5108-46a1-a18a-c98dd0c618c5,322,ES,0.2803738317757009,0.26791277258566976,0.42679127725856697,0.2834890965732087,0.34579439252336447,0.3613707165109034,0.38317757009345793,0.26791277258566976,0.32087227414330216,0.2336448598130841
ec1f6f0a-5108-46a1-a18a-c98dd0c618c5,323,ES,0.2857142857142857,0.2670807453416149,0.4254658385093168,0.2826086956521739,0.3447204968944099,0.36024844720496896,0.38198757763975155,0.2670807453416149,0.3198757763975155,0.2329192546583851
ec1f6f0a-5108-46a1-a18a-c98dd0c618c5,324,ES,0.2848297213622291,0.26625386996904027,0.4241486068111455,0.28173374613003094,0.34365325077399383,0.3591331269349845,0.38080495356037153,0.26625386996904027,0.3188854489164087,0.23839009287925697
ec1f6f0a-5108-46a1-a18a-c98dd0c618c5,325,ES,0.2839506172839506,0.2654320987654321,0.4228395061728395,0.2808641975308642,0.3425925925925926,0.35802469135802467,0.37962962962962965,0.2654320987654321,0.31790123456790126,0.24691358024691357
ec1f6f0a-5108-46a1-a18a-c98dd0c618c5,326,ES,0.28307692307692306,0.26461538461538464,0.4276923076923077,0.28,0.3415384615384615,0.3569230769230769,0.37846153846153846,0.26461538461538464,0.3169230769230769,0.24615384615384617
ec1f6f0a-5108-46a1-a18a-c98dd0c618c5,327,ES,0.29141104294478526,0.26380368098159507,0.4263803680981595,0.2791411042944785,0.34049079754601225,0.3558282208588957,0.3773006134969325,0.26380368098159507,0.3159509202453988,0.24539877300613497
ec1f6f0a-5108-46a1-a18a-c98dd0c618c5,328,ES,0.290519877675841,0.26299694189602446,0.42507645259938837,0.2782874617737003,0.3394495412844037,0.3547400611620795,0.3761467889908257,0.27522935779816515,0.3149847094801223,0.24464831804281345
ec1f6f0a-5108-46a1-a18a-c98dd0c618c5,329,ES,0.2896341463414634,0.2621951219512195,0.42378048780487804,0.2774390243902439,0.3384146341463415,0.35365853658536583,0.375,0.2804878048780488,0.31402439024390244,0.24390243902439024
ec1f6f0a-5108-46a1-a18a-c98dd0c618c5,330,ES,0.2887537993920973,0.2613981762917933,0.42249240121580545,0.2765957446808511,0.3495440729483283,0.3525835866261398,0.3738601823708207,0.2796352583586626,0.3130699088145897,0.24316109422492402
ec1f6f0a-5108-46a1-a18a-c98dd0c618c5,331,ES,0.2878787878787879,0.2606060606060606,0.4393939393939394,0.27575757575757576,0.3484848484848485,0.3515151515151515,0.37272727272727274,0.2787878787878788,0.31212121212121213,0.24242424242424243
ec1f6f0a-5108-46a1-a18a-c98dd0c618c5,332,ES,0.28700906344410876,0.2688821752265861,0.4380664652567976,0.27492447129909364,0.3474320241691843,0.3504531722054381,0.3716012084592145,0.27794561933534745,0.311178247734139,0.24169184290030213
ec1f6f0a-5108-46a1-a18a-c98dd0c618c5,333,ES,0.286144578313253,0.2680722891566265,0.4367469879518072,0.2740963855421687,0.3463855421686747,0.3493975903614458,0.3704819277108434,0.286144578313253,0.3102409638554217,0.24096385542168675
ec1f6f0a-5108-46a1-a18a-c98dd0c618c5,334,ES,0.2852852852852853,0.2732732732732733,0.43543543543543545,0.2732732732732733,0.34534534534534533,0.3483483483483483,0.36936936936936937,0.2852852852852853,0.30930930930930933,0.24024024024024024
ec1f6f0a-5108-46a1-a18a-c98dd0c618c5,335,ES,0.2844311377245509,0.27245508982035926,0.4341317365269461,0.27245508982035926,0.344311377245509,0.3473053892215569,0.3772455089820359,0.2844311377245509,0.3083832335329341,0.23952095808383234
ec1f6f0a-5108-46a1-a18a-c98dd0c618c5,336,ES,0.2835820895522388,0.2716417910447761,0.43283582089552236,0.2716417910447761,0.34328358208955223,0.3522388059701492,0.3761194029850746,0.2835820895522388,0.3074626865671642,0.23880597014925373
ec1f6f0a-5108-46a1-a18a-c98dd0c618c5,337,ES,0.28273809523809523,0.2708333333333333,0.43154761904761907,0.2767857142857143,0.34226190476190477,0.35119047619047616,0.375,0.28273809523809523,0.30654761904761907,0.23809523809523808
ec1f6f0a-5108-46a1-a18a-c98dd0c618c5,338,ES,0.2818991097922849,0.27002967359050445,0.43026706231454004,0.27596439169139464,0.34124629080118696,0.35014836795252224,0.37388724035608306,0.2818991097922849,0.3056379821958457,0.24925816023738873
ec1f6f0a-5108-46a1-a18a-c98dd0c618c5,339,ES,0.28994082840236685,0.2692307692307692,0.4289940828402367,0.27514792899408286,0.34023668639053256,0.34911242603550297,0.3727810650887574,0.28106508875739644,0.3047337278106509,0.2485207100591716
ec1f6f0a-5108-46a1-a18a-c98dd0c618c5,340,ES,0.30383480825958703,0.26843657817109146,0.4277286135693215,0.2743362831858407,0.3392330383480826,0.3480825958702065,0.37168141592920356,0.28023598820059,0.30383480825958703,0.24778761061946902
ec1f6f0a-5108-46a1-a18a-c98dd0c618c5,341,ES,0.3029411764705882,0.2676470588235294,0.4264705882352941,0.2735294117647059,0.3382352941176471,0.34705882352941175,0.37058823529411766,0.27941176470588236,0.3029411764705882,0.26176470588235295
ec1f6f0a-5108-46a1-a18a-c98dd0c618c5,342,ES,0.3020527859237537,0.2668621700879765,0.4252199413489736,0.2727272727272727,0.33724340175953077,0.3460410557184751,0.36950146627565983,0.2873900293255132,0.3020527859237537,0.26099706744868034
ec1f6f0a-5108-46a1-a18a-c98dd0c618c5,343,ES,0.30116959064327486,0.26608187134502925,0.4239766081871345,0.27485380116959063,0.3362573099415205,0.34502923976608185,0.3684210526315789,0.28654970760233917,0.30116959064327486,0.260233918128655
ec1f6f0a-5108-46a1-a18a-c98dd0c618c5,344,ES,0.30029154518950435,0.2653061224489796,0.4227405247813411,0.27405247813411077,0.33527696793002915,0.34402332361516036,0.3673469387755102,0.2857142857142857,0.30029154518950435,0.26822157434402333
ec1f6f0a-5108-46a1-a18a-c98dd0c618c5,345,ES,0.29941860465116277,0.26453488372093026,0.42151162790697677,0.27325581395348836,0.33430232558139533,0.3430232558139535,0.36627906976744184,0.2936046511627907,0.29941860465116277,0.26744186046511625
ec1f6f0a-5108-46a1-a18a-c98dd0c618c5,346,ES,0.2985507246376812,0.2782608695652174,0.42028985507246375,0.27246376811594203,0.3333333333333333,0.34202898550724636,0.3652173913043478,0.2927536231884058,0.2985507246376812,0.26666666666666666
ec1f6f0a-5108-46a1-a18a-c98dd0c618c5,347,ES,0.2976878612716763,0.2774566473988439,0.43352601156069365,0.27167630057803466,0.33236994219653176,0.34104046242774566,0.36416184971098264,0.29190751445086704,0.2976878612716763,0.2658959537572254
ec1f6f0a-5108-46a1-a18a-c98dd0c618c5,348,ES,0.2968299711815562,0.276657060518732,0.4322766570605187,0.276657060518732,0.3314121037463977,0.3400576368876081,0.3631123919308357,0.2910662824207493,0.2968299711815562,0.26512968299711814
ec1f6f0a-5108-46a1-a18a-c98dd0c618c5,349,ES,0.2959770114942529,0.28735632183908044,0.43103448275862066,0.27586206896551724,0.33045977011494254,0.3390804597701149,0.3620689655172414,0.29022988505747127,0.2959770114942529,0.26436781609195403
ec1f6f0a-5108-46a1-a18a-c98dd0c618c5,350,ES,0.29512893982808025,0.28653295128939826,0.4383954154727794,0.27507163323782235,0.32951289398280803,0.33810888252148996,0.36103151862464183,0.28939828080229224,0.29512893982808025,0.2636103151862464
ec1f6f0a-5108-46a1-a18a-c98dd0c618c5,351,ES,0.29428571428571426,0.2857142857142857,0.43714285714285717,0.2742857142857143,0.32857142857142857,0.33714285714285713,0.3657142857142857,0.2885714285714286,0.29428571428571426,0.26285714285714284
ec1f6f0a-5108-46a1-a18a-c98dd0c618c5,352,ES,0.2934472934472934,0.2849002849002849,0.4358974358974359,0.27350427350427353,0.32763532763532766,0.33618233618233617,0.3646723646723647,0.28774928774928776,0.2934472934472934,0.2706552706552707
ec1f6f0a-5108-46a1-a18a-c98dd0c618c5,353,ES,0.29261363636363635,0.2840909090909091,0.45170454545454547,0.2727272727272727,0.32670454545454547,0.3352272727272727,0.36363636363636365,0.2869318181818182,0.29261363636363635,0.26988636363636365
ec1f6f0a-5108-46a1-a18a-c98dd0c618c5,354,ES,0.29178470254957506,0.28328611898017,0.45042492917847027,0.2719546742209632,0.32577903682719545,0.3342776203966006,0.3626062322946176,0.28611898016997167,0.3002832861189802,0.26912181303116145
ec1f6f0a-5108-46a1-a18a-c98dd0c618c5,355,ES,0.2909604519774011,0.2824858757062147,0.4548022598870056,0.2711864406779661,0.3248587570621469,0.3333333333333333,0.3615819209039548,0.2853107344632768,0.2994350282485876,0.268361581920904
ec1f6f0a-5108-46a1-a18a-c98dd0c618c5,356,ES,0.29014084507042254,0.28169014084507044,0.4535211267605634,0.2704225352112676,0.323943661971831,0.3323943661971831,0.36056338028169016,0.28450704225352114,0.29859154929577464,0.27887323943661974
ec1f6f0a-5108-46a1-a18a-c98dd0c618c5,357,ES,0.2893258426966292,0.2808988764044944,0.45224719101123595,0.2696629213483146,0.32303370786516855,0.3342696629213483,0.3595505617977528,0.28370786516853935,0.29775280898876405,0.27808988764044945
ec1f6f0a-5108-46a1-a18a-c98dd0c618c5,358,ES,0.28851540616246496,0.2801120448179272,0.45098039215686275,0.27170868347338933,0.32212885154061627,0.3333333333333333,0.3585434173669468,0.28291316526610644,0.2969187675070028,0.2773109243697479
ec1f6f0a-5108-46a1-a18a-c98dd0c618c5,359,ES,0.2877094972067039,0.27932960893854747,0.44972067039106145,0.2709497206703911,0.32122905027932963,0.3324022346368715,0.3575418994413408,0.2905027932960894,0.29608938547486036,0.276536312849162
ec1f6f0a-5108-46a1-a18a-c98dd0c618c5,360,ES,0.28690807799442897,0.2785515320334262,0.44846796657381616,0.27019498607242337,0.3203342618384401,0.33147632311977715,0.36768802228412256,0.28969359331476324,0.29526462395543174,0.2757660167130919
ec1f6f0a-5108-46a1-a18a-c98dd0c618c5,361,ES,0.2861111111111111,0.2833333333333333,0.44722222222222224,0.26944444444444443,0.3194444444444444,0.33055555555555555,0.36666666666666664,0.28888888888888886,0.29444444444444445,0.275
ec1f6f0a-5108-46a1-a18a-c98dd0c618c5,362,ES,0.2853185595567867,0.28254847645429365,0.44598337950138506,0.26869806094182824,0.3185595567867036,0.3296398891966759,0.3767313019390582,0.2880886426592798,0.29362880886426596,0.2742382271468144
ec1f6f0a-5108-46a1-a18a-c98dd0c618c5,363,ES,0.2845303867403315,0.281767955801105,0.4447513812154696,0.26795580110497236,0.31767955801104975,0.3287292817679558,0.38950276243093923,0.287292817679558,0.292817679558011,0.27348066298342544
ec1f6f0a-5108-46a1-a18a-c98dd0c618c5,364,ES,0.2837465564738292,0.2809917355371901,0.44352617079889806,0.26721763085399447,0.3168044077134986,0.3305785123966942,0.3884297520661157,0.2865013774104683,0.29201101928374656,0.2727272727272727
ec1f6f0a-5108-46a1-a18a-c98dd0c618c5,365,ES,0.28296703296703296,0.2802197802197802,0.4423076923076923,0.2664835164835165,0.3269230769230769,0.32967032967032966,0.3873626373626374,0.2857142857142857,0.29120879120879123,0.27197802197802196
ec1f6f0a-5108-46a1-a18a-c98dd0c618c5,366,ES,0.29315068493150687,0.27945205479452057,0.4410958904109589,0.26575342465753427,0.32602739726027397,0.3287671232876712,0.3863013698630137,0.28493150684931506,0.29041095890410956,0.27123287671232876
ec1f6f0a-5108-46a1-a18a-c98dd0c618c5,367,ES,0.2923497267759563,0.2786885245901639,0.43989071038251365,0.2786885245901639,0.3251366120218579,0.32786885245901637,0.38524590163934425,0.28415300546448086,0.2896174863387978,0.27049180327868855
ec1f6f0a-5108-46a1-a18a-c98dd0c618c5,368,ES,0.29155313351498635,0.2779291553133515,0.43869209809264303,0.2779291553133515,0.3242506811989101,0.32697547683923706,0.38419618528610355,0.28337874659400547,0.2888283378746594,0.28337874659400547
ec1f6f0a-5108-46a1-a18a-c98dd0c618c5,369,ES,0.2907608695652174,0.27717391304347827,0.4375,0.27717391304347827,0.3233695652173913,0.33152173913043476,0.38315217391304346,0.2826086956521739,0.28804347826086957,0.2826086956521739
ec1f6f0a-5108-46a1-a18a-c98dd0c618c5,370,ES,0.2899728997289973,0.2899728997289973,0.4363143631436314,0.2764227642276423,0.3224932249322493,0.33062330623306235,0.3821138211382114,0.28184281842818426,0.2872628726287263,0.28184281842818426
ec1f6f0a-5108-46a1-a18a-c98dd0c618c5,371,ES,0.2891891891891892,0.2891891891891892,0.43513513513513513,0.2756756756756757,0.3216216216216216,0.32972972972972975,0.3810810810810811,0.2918918918918919,0.2864864864864865,0.2810810810810811
ec1f6f0a-5108-46a1-a18a-c98dd0c618c5,372,ES,0.2884097035040431,0.2884097035040431,0.4339622641509434,0.2749326145552561,0.32075471698113206,0.3288409703504043,0.38005390835579517,0.29110512129380056,0.29110512129380056,0.2803234501347709
ec1f6f0a-5108-46a1-a18a-c98dd0c618c5,373,ES,0.28763440860215056,0.28763440860215056,0.4327956989247312,0.27419354838709675,0.3279569892473118,0.3279569892473118,0.3790322580645161,0.2903225806451613,0.2903225806451613,0.27956989247311825
ec1f6f0a-5108-46a1-a18a-c98dd0c618c5,374,ES,0.2868632707774799,0.2868632707774799,0.4316353887399464,0.2734584450402145,0.32707774798927614,0.32707774798927614,0.3780160857908847,0.289544235924933,0.289544235924933,0.28150134048257375
ec1f6f0a-5108-46a1-a18a-c98dd0c618c5,375,ES,0.28609625668449196,0.28609625668449196,0.4304812834224599,0.2727272727272727,0.32620320855614976,0.32620320855614976,0.3770053475935829,0.2887700534759358,0.2887700534759358,0.2967914438502674
ec1f6f0a-5108-46a1-a18a-c98dd0c618c5,376,ES,0.2853333333333333,0.2853333333333333,0.42933333333333334,0.272,0.3253333333333333,0.3253333333333333,0.376,0.288,0.30133333333333334,0.296
ec1f6f0a-5108-46a1-a18a-c98dd0c618c5,377,ES,0.2845744680851064,0.2898936170212766,0.42819148936170215,0.2712765957446808,0.324468085106383,0.324468085106383,0.375,0.2872340425531915,0.300531914893617,0.29521276595744683
ec1f6f0a-5108-46a1-a18a-c98dd0c618c5,378,ES,0.2838196286472148,0.2891246684350133,0.4270557029177719,0.27055702917771884,0.32360742705570295,0.32360742705570295,0.3740053050397878,0.2891246684350133,0.29973474801061006,0.29442970822281167
ec1f6f0a-5108-46a1-a18a-c98dd0c618c5,379,ES,0.28835978835978837,0.28835978835978837,0.42592592592592593,0.2698412698412698,0.32275132275132273,0.32275132275132273,0.373015873015873,0.28835978835978837,0.29894179894179895,0.29365079365079366
ec1f6f0a-5108-46a1-a18a-c98dd0c618c5,380,ES,0.287598944591029,0.287598944591029,0.42480211081794195,0.2691292875989446,0.32189973614775724,0.32189973614775724,0.3720316622691293,0.287598944591029,0.29815303430079154,0.29815303430079154
ec1f6f0a-5108-46a1-a18a-c98dd0c618c5,381,ES,0.2868421052631579,0.29210526315789476,0.4236842105263158,0.26842105263157895,0.32105263157894737,0.32105263157894737,0.37105263157894736,0.2868421052631579,0.29736842105263156,0.29736842105263156
ec1f6f0a-5108-46a1-a18a-c98dd0c618c5,382,ES,0.28608923884514437,0.29133858267716534,0.4225721784776903,0.2755905511811024,0.32020997375328086,0.32020997375328086,0.3700787401574803,0.28608923884514437,0.29658792650918636,0.29658792650918636
ec1f6f0a-5108-46a1-a18a-c98dd0c618c5,383,ES,0.28534031413612565,0.2905759162303665,0.42670157068062825,0.27486910994764396,0.3193717277486911,0.3193717277486911,0.36910994764397903,0.28534031413612565,0.29581151832460734,0.29581151832460734
ec1f6f0a-5108-46a1-a18a-c98dd0c618c5,384,ES,0.2845953002610966,0.2898172323759791,0.4255874673629243,0.2741514360313316,0.3185378590078329,0.3237597911227154,0.3681462140992167,0.2845953002610966,0.2950391644908616,0.2950391644908616
ec1f6f0a-5108-46a1-a18a-c98dd0c618c5,385,ES,0.2838541666666667,0.2890625,0.4244791666666667,0.2734375,0.3177083333333333,0.3307291666666667,0.3671875,0.2838541666666667,0.2942708333333333,0.2942708333333333
ec1f6f0a-5108-46a1-a18a-c98dd0c618c5,386,ES,0.2831168831168831,0.2883116883116883,0.42337662337662335,0.2805194805194805,0.3168831168831169,0.32987012987012987,0.36623376623376624,0.2831168831168831,0.2935064935064935,0.2935064935064935
ec1f6f0a-5108-46a1-a18a-c98dd0c618c5,387,ES,0.2823834196891192,0.28756476683937826,0.422279792746114,0.27979274611398963,0.3160621761658031,0.3290155440414508,0.36528497409326427,0.2823834196891192,0.2927461139896373,0.30310880829015546
ec1f6f0a-5108-46a1-a18a-c98dd0c618c5,388,ES,0.28165374677002586,0.2868217054263566,0.42118863049095606,0.27906976744186046,0.3152454780361757,0.3359173126614987,0.3643410852713178,0.28165374677002586,0.29198966408268734,0.3023255813953488
ec1f6f0a-5108-46a1-a18a-c98dd0c618c5,389,ES,0.2809278350515464,0.2860824742268041,0.42010309278350516,0.27835051546391754,0.31443298969072164,0.33505154639175255,0.36855670103092786,0.2809278350515464,0.2912371134020619,0.3015463917525773
ec1f6f0a-5108-46a1-a18a-c98dd0c618c5,390,ES,0.2802056555269923,0.2853470437017995,0.4190231362467866,0.2776349614395887,0.31362467866323906,0.3341902313624679,0.3676092544987147,0.2802056555269923,0.29048843187660667,0.3110539845758355
ec1f6f0a-5108-46a1-a18a-c98dd0c618c5,391,ES,0.2794871794871795,0.2846153846153846,0.41794871794871796,0.27692307692307694,0.3128205128205128,0.3333333333333333,0.36666666666666664,0.2794871794871795,0.28974358974358977,0.3128205128205128
ec1f6f0a-5108-46a1-a18a-c98dd0c618c5,392,ES,0.27877237851662406,0.28388746803069054,0.41687979539641945,0.27621483375959077,0.3171355498721228,0.33248081841432225,0.3657289002557545,0.27877237851662406,0.289002557544757,0.31202046035805625
ec1f6f0a-5108-46a1-a18a-c98dd0c618c5,393,ES,0.2780612244897959,0.28316326530612246,0.41581632653061223,0.2755102040816326,0.3163265306122449,0.33163265306122447,0.3647959183673469,0.28061224489795916,0.288265306122449,0.3112244897959184
ec1f6f0a-5108-46a1-a18a-c98dd0c618c5,394,ES,0.27735368956743,0.2824427480916031,0.42493638676844786,0.2748091603053435,0.3155216284987277,0.33078880407124683,0.3638676844783715,0.27989821882951654,0.2875318066157761,0.3104325699745547
ec1f6f0a-5108-46a1-a18a-c98dd0c618c5,395,ES,0.2766497461928934,0.2817258883248731,0.42385786802030456,0.27411167512690354,0.32741116751269034,0.3299492385786802,0.3629441624365482,0.27918781725888325,0.2868020304568528,0.3096446700507614
ec1f6f0a-5108-46a1-a18a-c98dd0c618c5,396,ES,0.2759493670886076,0.2810126582278481,0.42278481012658226,0.28354430379746837,0.3265822784810127,0.3291139240506329,0.3620253164556962,0.27848101265822783,0.28607594936708863,0.30886075949367087
ec1f6f0a-5108-46a1-a18a-c98dd0c618c5,397,ES,0.2904040404040404,0.2803030303030303,0.4217171717171717,0.2828282828282828,0.32575757575757575,0.3282828282828283,0.3611111111111111,0.2777777777777778,0.28535353535353536,0.30808080808080807
ec1f6f0a-5108-46a1-a18a-c98dd0c618c5,398,ES,0.28967254408060455,0.2795969773299748,0.4256926952141058,0.28211586901763225,0.3249370277078086,0.327455919395466,0.3602015113350126,0.2770780856423174,0.28463476070528965,0.30730478589420657
ec1f6f0a-5108-46a1-a18a-c98dd0c618c5,399,ES,0.2889447236180904,0.27889447236180903,0.42462311557788945,0.2914572864321608,0.3241206030150754,0.32663316582914576,0.3592964824120603,0.27638190954773867,0.28391959798994976,0.3065326633165829
ec1f6f0a-5108-46a1-a18a-c98dd0c618c5,400,ES,0.2882205513784461,0.2832080200501253,0.42355889724310775,0.2907268170426065,0.3233082706766917,0.3258145363408521,0.3583959899749373,0.2756892230576441,0.2832080200501253,0.3057644110275689
ec1f6f0a-5108-46a1-a18a-c98dd0c618c5,401,ES,0.2875,0.2825,0.43,0.29,0.3225,0.325,0.3575,0.275,0.2825,0.305
ec1f6f0a-5108-46a1-a18a-c98dd0c618c5,402,ES,0.286783042394015,0.2817955112219451,0.428927680798005,0.2892768079800499,0.32169576059850374,0.32418952618453867,0.3566084788029925,0.2743142144638404,0.2817955112219451,0.3092269326683292
ec1f6f0a-5108-46a1-a18a-c98dd0c618c5,403,ES,0.2860696517412935,0.2810945273631841,0.42786069651741293,0.2885572139303483,0.3308457711442786,0.32338308457711445,0.35572139303482586,0.2736318407960199,0.2810945273631841,0.30845771144278605
ec1f6f0a-5108-46a1-a18a-c98dd0c618c5,404,ES,0.2853598014888337,0.2878411910669975,0.4267990074441687,0.2878411910669975,0.33002481389578164,0.3225806451612903,0.3548387096774194,0.2729528535980149,0.2803970223325062,0.3076923076923077
ec1f6f0a-5108-46a1-a18a-c98dd0c618c5,405,ES,0.28465346534653463,0.29207920792079206,0.42574257425742573,0.2871287128712871,0.3292079207920792,0.3217821782178218,0.35396039603960394,0.2722772277227723,0.27970297029702973,0.3069306930693069
ec1f6f0a-5108-46a1-a18a-c98dd0c618c5,406,ES,0.2839506172839506,0.291358024691358,0.4246913580246914,0.28641975308641976,0.32839506172839505,0.32098765432098764,0.3530864197530864,0.2716049382716049,0.27901234567901234,0.31851851851851853
ec1f6f0a-5108-46a1-a18a-c98dd0c618c5,407,ES,0.2832512315270936,0.29064039408866993,0.4236453201970443,0.2857142857142857,0.3275862068965517,0.32019704433497537,0.3522167487684729,0.28078817733990147,0.27832512315270935,0.31773399014778325
ec1f6f0a-5108-46a1-a18a-c98dd0c618c5,408,ES,0.29238329238329236,0.28992628992628994,0.4226044226044226,0.28501228501228504,0.32678132678132676,0.3194103194103194,0.35135135135135137,0.2800982800982801,0.27764127764127766,0.31695331695331697
ec1f6f0a-5108-46a1-a18a-c98dd0c618c5,409,ES,0.2916666666666667,0.28921568627450983,0.4215686274509804,0.28431372549019607,0.32598039215686275,0.31862745098039214,0.35049019607843135,0.27941176470588236,0.2769607843137255,0.31862745098039214
ec1f6f0a-5108-46a1-a18a-c98dd0c618c5,410,ES,0.29095354523227385,0.2885085574572127,0.42053789731051344,0.28361858190709044,0.3251833740831296,0.31784841075794623,0.34963325183374083,0.28361858190709044,0.2762836185819071,0.31784841075794623
ec1f6f0a-5108-46a1-a18a-c98dd0c618c5,411,ES,0.29024390243902437,0.28780487804878047,0.4195121951219512,0.28292682926829266,0.32439024390243903,0.3170731707317073,0.348780487804878,0.28292682926829266,0.275609756097561,0.3195121951219512
ec1f6f0a-5108-46a1-a18a-c98dd0c618c5,412,ES,0.29927007299270075,0.2871046228710462,0.41849148418491483,0.2822384428223844,0.3236009732360097,0.31630170316301703,0.34793187347931875,0.2822384428223844,0.2749391727493917,0.31873479318734793
ec1f6f0a-5108-46a1-a18a-c98dd0c618c5,413,ES,0.29854368932038833,0.28640776699029125,0.4199029126213592,0.2815533980582524,0.32281553398058255,0.3155339805825243,0.3470873786407767,0.2815533980582524,0.27427184466019416,0.3179611650485437
ec1f6f0a-5108-46a1-a18a-c98dd0c618c5,414,ES,0.29782082324455206,0.2857142857142857,0.4188861985472155,0.28087167070217917,0.3220338983050847,0.31476997578692495,0.34624697336561744,0.28087167070217917,0.2736077481840194,0.3268765133171913
ec1f6f0a-5108-46a1-a18a-c98dd0c618c5,415,ES,0.2971014492753623,0.28502415458937197,0.4178743961352657,0.28019323671497587,0.321256038647343,0.321256038647343,0.34541062801932365,0.28019323671497587,0.27294685990338163,0.32608695652173914
ec1f6f0a-5108-46a1-a18a-c98dd0c618c5,416,ES,0.2963855421686747,0.28433734939759037,0.41686746987951806,0.27951807228915665,0.3301204819277108,0.3204819277108434,0.344578313253012,0.27951807228915665,0.27228915662650605,0.3253012048192771
ec1f6f0a-5108-46a1-a18a-c98dd0c618c5,417,ES,0.2956730769230769,0.28365384615384615,0.41586538461538464,0.27884615384615385,0.3389423076923077,0.31971153846153844,0.34375,0.27884615384615385,0.27163461538461536,0.3245192307692308
ec1f6f0a-5108-46a1-a18a-c98dd0c618c5,418,ES,0.2949640287769784,0.290167865707434,0.4148681055155875,0.27817745803357313,0.3381294964028777,0.31894484412470026,0.34292565947242204,0.27817745803357313,0.2709832134292566,0.3237410071942446
ec1f6f0a-5108-46a1-a18a-c98dd0c618c5,419,ES,0.2942583732057416,0.2894736842105263,0.4138755980861244,0.27751196172248804,0.3373205741626794,0.3181818181818182,0.34210526315789475,0.291866028708134,0.2703349282296651,0.3229665071770335
ec1f6f0a-5108-46a1-a18a-c98dd0c618c5,420,ES,0.2935560859188544,0.28878281622911695,0.4128878281622912,0.27684964200477324,0.33651551312649164,0.3221957040572792,0.3412887828162291,0.2911694510739857,0.26968973747016706,0.3221957040572792
ec1f6f0a-5108-46a1-a18a-c98dd0c618c5,421,ES,0.29285714285714287,0.28809523809523807,0.4142857142857143,0.2761904761904762,0.3357142857142857,0.32142857142857145,0.3404761904761905,0.2904761904761905,0.26904761904761904,0.32142857142857145
ec1f6f0a-5108-46a1-a18a-c98dd0c618c5,422,ES,0.2921615201900237,0.28741092636579574,0.41330166270783847,0.2755344418052256,0.334916864608076,0.32779097387173395,0.33966745843230406,0.28978622327790976,0.2684085510688836,0.32066508313539194
ec1f6f0a-5108-46a1-a18a-c98dd0c618c5,423,ES,0.2914691943127962,0.28672985781990523,0.41232227488151657,0.27488151658767773,0.3341232227488152,0.32701421800947866,0.33886255924170616,0.2914691943127962,0.2677725118483412,0.31990521327014215
ec1f6f0a-5108-46a1-a18a-c98dd0c618c5,424,ES,0.2907801418439716,0.2860520094562648,0.42080378250591016,0.27423167848699764,0.3333333333333333,0.3262411347517731,0.3380614657210402,0.2907801418439716,0.26713947990543735,0.3191489361702128
ec1f6f0a-5108-46a1-a18a-c98dd0c618c5,425,ES,0.29009433962264153,0.28537735849056606,0.419811320754717,0.27358490566037735,0.33254716981132076,0.32547169811320753,0.33726415094339623,0.29009433962264153,0.2665094339622642,0.32547169811320753
ec1f6f0a-5108-46a1-a18a-c98dd0c618c5,426,ES,0.28941176470588237,0.2847058823529412,0.4188235294117647,0.27294117647058824,0.33176470588235296,0.3247058823529412,0.3411764705882353,0.28941176470588237,0.26588235294117646,0.3247058823529412
ec1f6f0a-5108-46a1-a18a-c98dd0c618c5,427,ES,0.2887323943661972,0.284037558685446,0.41784037558685444,0.27699530516431925,0.33098591549295775,0.323943661971831,0.3403755868544601,0.2887323943661972,0.2652582159624413,0.323943661971831
ec1f6f0a-5108-46a1-a18a-c98dd0c618c5,428,ES,0.28805620608899296,0.28337236533957844,0.4168618266978923,0.27634660421545665,0.33021077283372363,0.32786885245901637,0.3395784543325527,0.28805620608899296,0.2646370023419204,0.3231850117096019
ec1f6f0a-5108-46a1-a18a-c98dd0c618c5,429,ES,0.28738317757009346,0.2827102803738318,0.4158878504672897,0.2757009345794392,0.3411214953271028,0.32710280373831774,0.338785046728972,0.28738317757009346,0.26401869158878505,0.32242990654205606
ec1f6f0a-5108-46a1-a18a-c98dd0c618c5,430,ES,0.2867132867132867,0.28205128205128205,0.4149184149184149,0.27505827505827507,0.34032634032634035,0.3356643356643357,0.337995337995338,0.2867132867132867,0.2634032634032634,0.32167832167832167
ec1f6f0a-5108-46a1-a18a-c98dd0c618c5,431,ES,0.28604651162790695,0.2813953488372093,0.413953488372093,0.2744186046511628,0.3395348837209302,0.34186046511627904,0.3372093023255814,0.28604651162790695,0.2627906976744186,0.3209302325581395
ec1f6f0a-5108-46a1-a18a-c98dd0c618c5,432,ES,0.2853828306264501,0.28074245939675174,0.41299303944315546,0.27842227378190254,0.33874709976798145,0.34106728538283065,0.33642691415313225,0.2853828306264501,0.26218097447795824,0.32018561484918795
ec1f6f0a-5108-46a1-a18a-c98dd0c618c5,433,ES,0.2847222222222222,0.2916666666666667,0.41203703703703703,0.2777777777777778,0.33796296296296297,0.3402777777777778,0.33564814814814814,0.2847222222222222,0.26157407407407407,0.3194444444444444
ec1f6f0a-5108-46a1-a18a-c98dd0c618c5,434,ES,0.2840646651270208,0.2909930715935335,0.418013856812933,0.27713625866050806,0.3371824480369515,0.3394919168591224,0.3348729792147806,0.2840646651270208,0.26096997690531176,0.3187066974595843
ec1f6f0a-5108-46a1-a18a-c98dd0c618c5,435,ES,0.2834101382488479,0.2903225806451613,0.41705069124423966,0.2764976958525346,0.347926267281106,0.3387096774193548,0.33410138248847926,0.2834101382488479,0.26036866359447003,0.31797235023041476
ec1f6f0a-5108-46a1-a18a-c98dd0c618c5,436,ES,0.2827586206896552,0.2896551724137931,0.4206896551724138,0.27586206896551724,0.3471264367816092,0.33793103448275863,0.3333333333333333,0.2827586206896552,0.2597701149425287,0.31724137931034485
ec1f6f0a-5108-46a1-a18a-c98dd0c618c5,437,ES,0.28211009174311924,0.2889908256880734,0.4197247706422018,0.27522935779816515,0.3463302752293578,0.3440366972477064,0.33256880733944955,0.28211009174311924,0.2591743119266055,0.3165137614678899
ec1f6f0a-5108-46a1-a18a-c98dd0c618c5,438,ES,0.2814645308924485,0.28832951945080093,0.41876430205949655,0.2745995423340961,0.34553775743707094,0.34324942791762014,0.3318077803203661,0.2814645308924485,0.26773455377574373,0.3157894736842105
ec1f6f0a-5108-46a1-a18a-c98dd0c618c5,439,ES,0.2808219178082192,0.2876712328767123,0.4178082191780822,0.273972602739726,0.3447488584474886,0.3424657534246575,0.3310502283105023,0.2808219178082192,0.2671232876712329,0.319634703196347
ec1f6f0a-5108-46a1-a18a-c98dd0c618c5,440,ES,0.29157175398633256,0.2870159453302961,0.4168564920273349,0.2733485193621868,0.3439635535307517,0.3416856492027335,0.33029612756264237,0.28018223234624146,0.26651480637813213,0.31890660592255127
ec1f6f0a-5108-46a1-a18a-c98dd0c618c5,441,ES,0.2909090909090909,0.2863636363636364,0.4159090909090909,0.2727272727272727,0.3431818181818182,0.35454545454545455,0.32954545454545453,0.27954545454545454,0.26590909090909093,0.3181818181818182
ec1f6f0a-5108-46a1-a18a-c98dd0c618c5,442,ES,0.29024943310657597,0.2857142857142857,0.41496598639455784,0.272108843537415,0.3424036281179138,0.35374149659863946,0.3356009070294785,0.2789115646258503,0.2653061224489796,0.31746031746031744
ec1f6f0a-5108-46a1-a18a-c98dd0c618c5,443,ES,0.2895927601809955,0.2850678733031674,0.41402714932126694,0.27149321266968324,0.34841628959276016,0.35294117647058826,0.334841628959276,0.27828054298642535,0.2647058823529412,0.3167420814479638
ec1f6f0a-5108-46a1-a18a-c98dd0c618c5,444,ES,0.28893905191873587,0.29571106094808125,0.41309255079006774,0.2708803611738149,0.3476297968397291,0.35214446952595935,0.3340857787810384,0.27765237020316025,0.26410835214446954,0.3160270880361174
ec1f6f0a-5108-46a1-a18a-c98dd0c618c5,445,ES,0.2882882882882883,0.29504504504504503,0.41216216216216217,0.2702702702702703,0.34684684684684686,0.35135135135135137,0.3333333333333333,0.27702702702702703,0.2702702702702703,0.3153153153153153
ec1f6f0a-5108-46a1-a18a-c98dd0c618c5,446,ES,0.2876404494382023,0.2943820224719101,0.41123595505617977,0.2696629213483146,0.34606741573033706,0.3595505617977528,0.3325842696629214,0.27640449438202247,0.2696629213483146,0.3146067415730337
ec1f6f0a-5108-46a1-a18a-c98dd0c618c5,447,ES,0.28699551569506726,0.2937219730941704,0.4170403587443946,0.26905829596412556,0.3452914798206278,0.35874439461883406,0.33183856502242154,0.2757847533632287,0.26905829596412556,0.31390134529147984
ec1f6f0a-5108-46a1-a18a-c98dd0c618c5,448,ES,0.28635346756152125,0.2930648769574944,0.4161073825503356,0.2684563758389262,0.34451901565995524,0.36017897091722595,0.33109619686800895,0.2751677852348993,0.2684563758389262,0.3131991051454139
ec1f6f0a-5108-46a1-a18a-c98dd0c618c5,449,ES,0.2857142857142857,0.2924107142857143,0.41517857142857145,0.26785714285714285,0.34375,0.359375,0.33035714285714285,0.27455357142857145,0.27232142857142855,0.3125
ec1f6f0a-5108-46a1-a18a-c98dd0c618c5,450,ES,0.28507795100222716,0.29175946547884185,0.4142538975501114,0.267260579064588,0.3429844097995546,0.36525612472160357,0.32962138084632514,0.2739420935412027,0.2717149220489978,0.311804008908686
ec1f6f0a-5108-46a1-a18a-c98dd0c618c5,451,ES,0.28444444444444444,0.29333333333333333,0.41333333333333333,0.26666666666666666,0.3422222222222222,0.36444444444444446,0.3288888888888889,0.2733333333333333,0.27111111111111114,0.3111111111111111
ec1f6f0a-5108-46a1-a18a-c98dd0c618c5,452,ES,0.2838137472283814,0.2926829268292683,0.4124168514412417,0.2682926829268293,0.34146341463414637,0.36363636363636365,0.328159645232816,0.2727272727272727,0.270509977827051,0.31042128603104213
ec1f6f0a-5108-46a1-a18a-c98dd0c618c5,453,ES,0.2831858407079646,0.2920353982300885,0.41150442477876104,0.2676991150442478,0.3407079646017699,0.3694690265486726,0.3274336283185841,0.2721238938053097,0.26991150442477874,0.30973451327433627
ec1f6f0a-5108-46a1-a18a-c98dd0c618c5,454,ES,0.282560706401766,0.2913907284768212,0.4105960264900662,0.2671081677704194,0.33995584988962474,0.3686534216335541,0.32671081677704195,0.271523178807947,0.2737306843267108,0.3090507726269316
ec1f6f0a-5108-46a1-a18a-c98dd0c618c5,455,ES,0.28193832599118945,0.29295154185022027,0.40969162995594716,0.2665198237885463,0.3392070484581498,0.36784140969163,0.32599118942731276,0.2709251101321586,0.27312775330396477,0.30837004405286345
ec1f6f0a-5108-46a1-a18a-c98dd0c618c5,456,ES,0.2813186813186813,0.2923076923076923,0.4087912087912088,0.26593406593406593,0.3384615384615385,0.367032967032967,0.3252747252747253,0.27692307692307694,0.2725274725274725,0.3076923076923077
ec1f6f0a-5108-46a1-a18a-c98dd0c618c5,457,ES,0.2807017543859649,0.2916666666666667,0.40789473684210525,0.26535087719298245,0.33771929824561403,0.36622807017543857,0.32456140350877194,0.27631578947368424,0.2807017543859649,0.30701754385964913
ec1f6f0a-5108-46a1-a18a-c98dd0c618c5,458,ES,0.2800875273522976,0.2910284463894967,0.40700218818380746,0.2647702407002188,0.33698030634573306,0.36542669584245074,0.3304157549234136,0.27571115973741794,0.2800875273522976,0.3063457330415755
ec1f6f0a-5108-46a1-a18a-c98dd0c618c5,459,ES,0.2794759825327511,0.29912663755458513,0.40611353711790393,0.26419213973799127,0.33624454148471616,0.3646288209606987,0.3296943231441048,0.27510917030567683,0.2794759825327511,0.3056768558951965
ec1f6f0a-5108-46a1-a18a-c98dd0c618c5,460,ES,0.2788671023965142,0.2984749455337691,0.40522875816993464,0.2636165577342048,0.3355119825708061,0.3638344226579521,0.3289760348583878,0.27450980392156865,0.2788671023965142,0.31808278867102396
ec1f6f0a-5108-46a1-a18a-c98dd0c618c5,461,ES,0.2782608695652174,0.29782608695652174,0.4043478260869565,0.26304347826086955,0.3347826086956522,0.3630434782608696,0.33260869565217394,0.27391304347826084,0.2782608695652174,0.3173913043478261
ec1f6f0a-5108-46a1-a18a-c98dd0c618c5,462,ES,0.27765726681127983,0.29718004338394793,0.40563991323210413,0.26247288503253796,0.33405639913232105,0.36225596529284165,0.3318872017353579,0.27331887201735355,0.27765726681127983,0.31670281995661603
ec1f6f0a-5108-46a1-a18a-c98dd0c618c5,463,ES,0.27705627705627706,0.29653679653679654,0.40476190476190477,0.2748917748917749,0.3333333333333333,0.36147186147186144,0.33116883116883117,0.2727272727272727,0.27705627705627706,0.31601731601731603
ec1f6f0a-5108-46a1-a18a-c98dd0c618c5,464,ES,0.27645788336933047,0.2958963282937365,0.4038876889848812,0.27429805615550756,0.3369330453563715,0.36069114470842334,0.3304535637149028,0.27213822894168466,0.27645788336933047,0.31533477321814257
ec1f6f0a-5108-46a1-a18a-c98dd0c618c5,465,ES,0.27801724137931033,0.2952586206896552,0.40301724137931033,0.27370689655172414,0.33620689655172414,0.3599137931034483,0.3297413793103448,0.27155172413793105,0.27586206896551724,0.3146551724137931
ec1f6f0a-5108-46a1-a18a-c98dd0c618c5,466,ES,0.27741935483870966,0.2946236559139785,0.4021505376344086,0.2731182795698925,0.34408602150537637,0.35913978494623655,0.32903225806451614,0.2709677419354839,0.2752688172043011,0.3139784946236559
ec1f6f0a-5108-46a1-a18a-c98dd0c618c5,467,ES,0.27682403433476394,0.2939914163090129,0.4012875536480687,0.27253218884120173,0.34334763948497854,0.3583690987124464,0.33476394849785407,0.2703862660944206,0.27467811158798283,0.3133047210300429
ec1f6f0a-5108-46a1-a18a-c98dd0c618c5,468,ES,0.2762312633832976,0.29336188436830835,0.4004282655246253,0.278372591006424,0.3426124197002141,0.3576017130620985,0.3340471092077088,0.2698072805139186,0.2740899357601713,0.31263383297644537
ec1f6f0a-5108-46a1-a18a-c98dd0c618c5,469,ES,0.27564102564102566,0.30128205128205127,0.3995726495726496,0.2777777777777778,0.3418803418803419,0.35683760683760685,0.3333333333333333,0.2692307692307692,0.27350427350427353,0.31196581196581197
ec1f6f0a-5108-46a1-a18a-c98dd0c618c5,470,ES,0.2857142857142857,0.3006396588486141,0.39872068230277186,0.2771855010660981,0.3411513859275053,0.35607675906183367,0.3326226012793177,0.26865671641791045,0.27292110874200426,0.31130063965884863
ec1f6f0a-5108-46a1-a18a-c98dd0c618c5,471,ES,0.2851063829787234,0.3,0.39787234042553193,0.2765957446808511,0.3425531914893617,0.3553191489361702,0.33191489361702126,0.2680851063829787,0.2723404255319149,0.31063829787234043
ec1f6f0a-5108-46a1-a18a-c98dd0c618c5,472,ES,0.28450106157112526,0.29936305732484075,0.3970276008492569,0.2760084925690021,0.34182590233545646,0.35456475583864117,0.33121019108280253,0.267515923566879,0.2802547770700637,0.3099787685774947
ec1f6f0a-5108-46a1-a18a-c98dd0c618c5,473,ES,0.2902542372881356,0.298728813559322,0.3961864406779661,0.2754237288135593,0.3411016949152542,0.3538135593220339,0.3305084745762712,0.2669491525423729,0.2796610169491525,0.3093220338983051
ec1f6f0a-5108-46a1-a18a-c98dd0c618c5,474,ES,0.28964059196617337,0.29809725158562367,0.3953488372093023,0.2748414376321353,0.3403805496828753,0.3594080338266385,0.3298097251585624,0.266384778012685,0.27906976744186046,0.3086680761099366
ec1f6f0a-5108-46a1-a18a-c98dd0c618c5,475,ES,0.2890295358649789,0.2974683544303797,0.3987341772151899,0.2742616033755274,0.339662447257384,0.35864978902953587,0.3291139240506329,0.26582278481012656,0.27848101265822783,0.3080168776371308
ec1f6f0a-5108-46a1-a18a-c98dd0c618c5,476,ES,0.28842105263157897,0.2968421052631579,0.39789473684210525,0.2736842105263158,0.3389473684210526,0.35789473684210527,0.32842105263157895,0.26526315789473687,0.28210526315789475,0.30736842105263157
ec1f6f0a-5108-46a1-a18a-c98dd0c618c5,477,ES,0.28781512605042014,0.296218487394958,0.39705882352941174,0.27310924369747897,0.3382352941176471,0.36134453781512604,0.3277310924369748,0.2647058823529412,0.2815126050420168,0.3067226890756303
ec1f6f0a-5108-46a1-a18a-c98dd0c618c5,478,ES,0.28721174004192873,0.29559748427672955,0.39622641509433965,0.27253668763102723,0.33752620545073375,0.36058700209643607,0.3270440251572327,0.26834381551362685,0.2809224318658281,0.3060796645702306
ec1f6f0a-5108-46a1-a18a-c98dd0c618c5,479,ES,0.2928870292887029,0.29497907949790797,0.39539748953974896,0.2719665271966527,0.3368200836820084,0.3598326359832636,0.3263598326359833,0.26778242677824265,0.2803347280334728,0.3054393305439331
ec1f6f0a-5108-46a1-a18a-c98dd0c618c5,480,ES,0.302713987473904,0.29436325678496866,0.3945720250521921,0.27139874739039666,0.33611691022964507,0.35908141962421714,0.325678496868476,0.267223382045929,0.2797494780793319,0.3048016701461378
ec1f6f0a-5108-46a1-a18a-c98dd0c618c5,481,ES,0.3020833333333333,0.30416666666666664,0.39375,0.2708333333333333,0.33541666666666664,0.35833333333333334,0.325,0.26666666666666666,0.2791666666666667,0.30416666666666664
ec1f6f0a-5108-46a1-a18a-c98dd0c618c5,482,ES,0.30145530145530147,0.30353430353430355,0.39293139293139295,0.2806652806652807,0.33471933471933474,0.3575883575883576,0.32432432432432434,0.2661122661122661,0.2785862785862786,0.30353430353430355
ec1f6f0a-5108-46a1-a18a-c98dd0c618c5,483,ES,0.3008298755186722,0.3029045643153527,0.3921161825726141,0.2800829875518672,0.33402489626556015,0.35684647302904565,0.33195020746887965,0.26556016597510373,0.27800829875518673,0.3029045643153527
ec1f6f0a-5108-46a1-a18a-c98dd0c618c5,484,ES,0.3002070393374741,0.3022774327122153,0.391304347826087,0.2795031055900621,0.3333333333333333,0.35610766045548653,0.33747412008281574,0.2650103519668737,0.2774327122153209,0.3022774327122153
ec1f6f0a-5108-46a1-a18a-c98dd0c618c5,485,ES,0.29958677685950413,0.30165289256198347,0.40289256198347106,0.27892561983471076,0.33264462809917356,0.35537190082644626,0.3367768595041322,0.2644628099173554,0.2768595041322314,0.30165289256198347
ec1f6f0a-5108-46a1-a18a-c98dd0c618c5,486,ES,0.29896907216494845,0.30103092783505153,0.4020618556701031,0.2865979381443299,0.3319587628865979,0.354639175257732,0.33608247422680415,0.2639175257731959,0.27628865979381445,0.30103092783505153
ec1f6f0a-5108-46a1-a18a-c98dd0c618c5,487,ES,0.29835390946502055,0.3004115226337449,0.4012345679012346,0.28600823045267487,0.33127572016460904,0.3559670781893004,0.33539094650205764,0.26337448559670784,0.2757201646090535,0.3004115226337449
ec1f6f0a-5108-46a1-a18a-c98dd0c618c5,488,ES,0.29774127310061604,0.2997946611909651,0.4004106776180698,0.28542094455852157,0.33059548254620125,0.35523613963039014,0.3347022587268994,0.26283367556468173,0.2751540041067762,0.2997946611909651
ec1f6f0a-5108-46a1-a18a-c98dd0c618c5,489,ES,0.29713114754098363,0.29918032786885246,0.39959016393442626,0.2848360655737705,0.32991803278688525,0.35450819672131145,0.33401639344262296,0.26229508196721313,0.27459016393442626,0.29918032786885246
ec1f6f0a-5108-46a1-a18a-c98dd0c618c5,490,ES,0.3067484662576687,0.2985685071574642,0.3987730061349693,0.2842535787321063,0.3292433537832311,0.3537832310838446,0.3333333333333333,0.261758691206544,0.2740286298568507,0.2985685071574642
ec1f6f0a-5108-46a1-a18a-c98dd0c618c5,491,ES,0.30612244897959184,0.2979591836734694,0.3979591836734694,0.2836734693877551,0.33877551020408164,0.35306122448979593,0.3326530612244898,0.2612244897959184,0.27346938775510204,0.2979591836734694
ec1f6f0a-5108-46a1-a18a-c98dd0c618c5,492,ES,0.3054989816700611,0.2973523421588595,0.3971486761710794,0.2830957230142566,0.34623217922606925,0.35234215885947046,0.3319755600814664,0.2606924643584521,0.2729124236252546,0.2973523421588595
ec1f6f0a-5108-46a1-a18a-c98dd0c618c5,493,ES,0.3048780487804878,0.29878048780487804,0.39634146341463417,0.28252032520325204,0.34552845528455284,0.3516260162601626,0.3313008130081301,0.2601626016260163,0.27235772357723576,0.2967479674796748
ec1f6f0a-5108-46a1-a18a-c98dd0c618c5,494,ES,0.30425963488843816,0.29817444219066935,0.39553752535496955,0.281947261663286,0.3488843813387424,0.3509127789046653,0.3306288032454361,0.25963488843813387,0.2718052738336714,0.2961460446247465
ec1f6f0a-5108-46a1-a18a-c98dd0c618c5,495,ES,0.30364372469635625,0.2975708502024291,0.39473684210526316,0.2813765182186235,0.3481781376518219,0.35020242914979755,0.3299595141700405,0.2591093117408907,0.27125506072874495,0.3016194331983806
ec1f6f0a-5108-46a1-a18a-c98dd0c618c5,496,ES,0.30303030303030304,0.296969696969697,0.3939393939393939,0.2808080808080808,0.34949494949494947,0.34949494949494947,0.3292929292929293,0.2585858585858586,0.27070707070707073,0.301010101010101
ec1f6f0a-5108-46a1-a18a-c98dd0c618c5,497,ES,0.3024193548387097,0.2963709677419355,0.39314516129032256,0.28024193548387094,0.3487903225806452,0.3487903225806452,0.3286290322580645,0.26411290322580644,0.2701612903225806,0.3004032258064516
ec1f6f0a-5108-46a1-a18a-c98dd0c618c5,498,ES,0.30181086519114686,0.29577464788732394,0.4024144869215292,0.2796780684104628,0.34808853118712274,0.34808853118712274,0.32796780684104626,0.2635814889336016,0.26961770623742454,0.29979879275653926
ec1f6f0a-5108-46a1-a18a-c98dd0c618c5,499,ES,0.30120481927710846,0.29518072289156627,0.40160642570281124,0.285140562248996,0.3473895582329317,0.3473895582329317,0.3273092369477912,0.26305220883534136,0.26907630522088355,0.2991967871485944
ec1f6f0a-5108-46a1-a18a-c98dd0c618c5,500,ES,0.30060120240480964,0.29458917835671344,0.40080160320641284,0.2845691382765531,0.3466933867735471,0.3466933867735471,0.32665330661322645,0.2625250501002004,0.2685370741482966,0.30861723446893785
ec1f6f0a-5108-46a1-a18a-c98dd0c618c5,501,ES,0.3,0.294,0.4,0.284,0.346,0.346,0.326,0.272,0.268,0.308
ec1f6f0a-5108-46a1-a18a-c98dd0c618c5,502,ES,0.2994011976047904,0.2934131736526946,0.3992015968063872,0.2834331337325349,0.34530938123752497,0.34530938123752497,0.3253493013972056,0.27345309381237526,0.26746506986027946,0.3073852295409182
ec1f6f0a-5108-46a1-a18a-c98dd0c618c5,503,ES,0.29880478087649404,0.2968127490039841,0.398406374501992,0.28286852589641437,0.34462151394422313,0.34462151394422313,0.3247011952191235,0.2729083665338645,0.26693227091633465,0.30677290836653387
ec1f6f0a-5108-46a1-a18a-c98dd0c618c5,504,ES,0.30019880715705766,0.2962226640159046,0.3976143141153082,0.2823061630218688,0.34393638170974156,0.34393638170974156,0.3240556660039761,0.27236580516898606,0.2664015904572565,0.3061630218687873
ec1f6f0a-5108-46a1-a18a-c98dd0c618c5,505,ES,0.2996031746031746,0.29563492063492064,0.3968253968253968,0.28174603174603174,0.34325396825396826,0.34325396825396826,0.32341269841269843,0.2718253968253968,0.26587301587301587,0.31547619047619047
ec1f6f0a-5108-46a1-a18a-c98dd0c618c5,506,ES,0.299009900990099,0.29504950495049503,0.39603960396039606,0.2811881188118812,0.3425742574257426,0.3425742574257426,0.3227722772277228,0.27524752475247527,0.26534653465346536,0.31485148514851485
ec1f6f0a-5108-46a1-a18a-c98dd0c618c5,507,ES,0.2984189723320158,0.29446640316205536,0.3952569169960474,0.28063241106719367,0.34189723320158105,0.34189723320158105,0.3221343873517787,0.2865612648221344,0.2648221343873518,0.3142292490118577
ec1f6f0a-5108-46a1-a18a-c98dd0c618c5,508,ES,0.2978303747534517,0.2938856015779093,0.39447731755424065,0.28007889546351084,0.34122287968441817,0.34122287968441817,0.3214990138067061,0.2859960552268245,0.26429980276134124,0.3175542406311637
ec1f6f0a-5108-46a1-a18a-c98dd0c618c5,509,ES,0.30118110236220474,0.2933070866141732,0.3937007874015748,0.2795275590551181,0.3405511811023622,0.3405511811023622,0.32086614173228345,0.2854330708661417,0.2637795275590551,0.3169291338582677
ec1f6f0a-5108-46a1-a18a-c98dd0c618c5,510,ES,0.3005893909626719,0.3025540275049116,0.3929273084479371,0.27897838899803534,0.33988212180746563,0.33988212180746563,0.32023575638506874,0.28487229862475444,0.2632612966601179,0.3163064833005894
ec1f6f0a-5108-46a1-a18a-c98dd0c618c5,511,ES,0.3,0.30196078431372547,0.4,0.2784313725490196,0.3392156862745098,0.3392156862745098,0.3196078431372549,0.28431372549019607,0.2627450980392157,0.3156862745098039
ec1f6f0a-5108-46a1-a18a-c98dd0c618c5,512,ES,0.30919765166340507,0.3013698630136986,0.39921722113502933,0.27788649706457924,0.3385518590998043,0.3385518590998043,0.31898238747553814,0.2837573385518591,0.2622309197651663,0.3150684931506849
ec1f6f0a-5108-46a1-a18a-c98dd0c618c5,513,ES,0.30859375,0.30859375,0.3984375,0.27734375,0.337890625,0.337890625,0.318359375,0.283203125,0.26171875,0.314453125
ec1f6f0a-5108-46a1-a18a-c98dd0c618c5,514,ES,0.3079922027290448,0.3079922027290448,0.40350877192982454,0.27680311890838205,0.33723196881091616,0.33723196881091616,0.31773879142300193,0.2826510721247563,0.26120857699805067,0.3138401559454191
ec1f6f0a-5108-46a1-a18a-c98dd0c618c5,515,ES,0.30739299610894943,0.30739299610894943,0.4027237354085603,0.27626459143968873,0.33657587548638135,0.33657587548638135,0.31712062256809337,0.2898832684824903,0.2607003891050584,0.3132295719844358
ec1f6f0a-5108-46a1-a18a-c98dd0c618c5,516,ES,0.3067961165048544,0.312621359223301,0.40194174757281553,0.2757281553398058,0.3359223300970874,0.3359223300970874,0.31650485436893205,0.28932038834951457,0.26019417475728157,0.312621359223301
ec1f6f0a-5108-46a1-a18a-c98dd0c618c5,517,ES,0.3062015503875969,0.312015503875969,0.4011627906976744,0.2751937984496124,0.33527131782945735,0.33527131782945735,0.31589147286821706,0.29069767441860467,0.2596899224806202,0.312015503875969
ec1f6f0a-5108-46a1-a18a-c98dd0c618c5,518,ES,0.3056092843326886,0.3114119922630561,0.40038684719535783,0.2746615087040619,0.3346228239845261,0.3346228239845261,0.3152804642166344,0.2901353965183752,0.2611218568665377,0.3114119922630561
ec1f6f0a-5108-46a1-a18a-c98dd0c618c5,519,ES,0.305019305019305,0.3108108108108108,0.3996138996138996,0.27413127413127414,0.333976833976834,0.333976833976834,0.31467181467181465,0.2972972972972973,0.2606177606177606,0.3108108108108108
ec1f6f0a-5108-46a1-a18a-c98dd0c618c5,520,ES,0.3044315992292871,0.31021194605009633,0.3988439306358382,0.27360308285163776,0.3333333333333333,0.3333333333333333,0.3140655105973025,0.29672447013487474,0.26011560693641617,0.3179190751445087
ec1f6f0a-5108-46a1-a18a-c98dd0c618c5,521,ES,0.3038461538461538,0.3096153846153846,0.39807692307692305,0.27307692307692305,0.3326923076923077,0.3326923076923077,0.3192307692307692,0.29615384615384616,0.25961538461538464,0.3173076923076923
ec1f6f0a-5108-46a1-a18a-c98dd0c618c5,522,ES,0.30326295585412666,0.31094049904030713,0.39731285988483683,0.272552783109405,0.33205374280230326,0.33205374280230326,0.31861804222648754,0.29558541266794625,0.2591170825335892,0.31669865642994244
ec1f6f0a-5108-46a1-a18a-c98dd0c618c5,523,ES,0.30268199233716475,0.3103448275862069,0.39655172413793105,0.2720306513409962,0.3314176245210728,0.3314176245210728,0.31800766283524906,0.2950191570881226,0.25862068965517243,0.32567049808429116
ec1f6f0a-5108-46a1-a18a-c98dd0c618c5,524,ES,0.30210325047801145,0.30975143403441685,0.39579349904397704,0.27151051625239003,0.33078393881453155,0.3384321223709369,0.3173996175908222,0.2944550669216061,0.25812619502868067,0.32504780114722753
ec1f6f0a-5108-46a1-a18a-c98dd0c618c5,525,ES,0.3015267175572519,0.30916030534351147,0.4026717557251908,0.27099236641221375,0.3301526717557252,0.3377862595419847,0.31679389312977096,0.29389312977099236,0.25763358778625955,0.3244274809160305
ec1f6f0a-5108-46a1-a18a-c98dd0c618c5,526,ES,0.30095238095238097,0.31238095238095237,0.40190476190476193,0.2704761904761905,0.3295238095238095,0.33714285714285713,0.3161904761904762,0.29333333333333333,0.2571428571428571,0.3238095238095238
ec1f6f0a-5108-46a1-a18a-c98dd0c618c5,527,ES,0.30038022813688214,0.311787072243346,0.4011406844106464,0.26996197718631176,0.3288973384030418,0.33840304182509506,0.3155893536121673,0.29277566539923955,0.25665399239543724,0.3231939163498099
ec1f6f0a-5108-46a1-a18a-c98dd0c618c5,528,ES,0.2998102466793169,0.3111954459203036,0.40037950664136623,0.269449715370019,0.32827324478178366,0.3377609108159393,0.31499051233396586,0.2922201138519924,0.25996204933586337,0.3225806451612903
ec1f6f0a-5108-46a1-a18a-c98dd0c618c5,529,ES,0.29924242424242425,0.3106060606060606,0.3996212121212121,0.2689393939393939,0.3390151515151515,0.3371212121212121,0.3143939393939394,0.2916666666666667,0.25946969696969696,0.32196969696969696
ec1f6f0a-5108-46a1-a18a-c98dd0c618c5,530,ES,0.29867674858223064,0.31001890359168244,0.3988657844990548,0.2684310018903592,0.3383742911153119,0.33648393194706994,0.32325141776937616,0.29111531190926276,0.2589792060491493,0.32136105860113423
ec1f6f0a-5108-46a1-a18a-c98dd0c618c5,531,ES,0.2981132075471698,0.30943396226415093,0.39811320754716983,0.2679245283018868,0.33773584905660375,0.33584905660377357,0.32264150943396225,0.29056603773584905,0.2622641509433962,0.32075471698113206
ec1f6f0a-5108-46a1-a18a-c98dd0c618c5,532,ES,0.2975517890772128,0.3088512241054614,0.3973634651600753,0.2674199623352166,0.3465160075329567,0.3352165725047081,0.3220338983050847,0.2900188323917137,0.2617702448210923,0.32015065913371
ec1f6f0a-5108-46a1-a18a-c98dd0c618c5,533,ES,0.29699248120300753,0.3082706766917293,0.3966165413533835,0.2669172932330827,0.3458646616541353,0.33458646616541354,0.32706766917293234,0.2894736842105263,0.26127819548872183,0.31954887218045114
ec1f6f0a-5108-46a1-a18a-c98dd0c618c5,534,ES,0.2964352720450281,0.3076923076923077,0.39587242026266417,0.26641651031894936,0.3452157598499062,0.3339587242026266,0.32645403377110693,0.28893058161350843,0.2607879924953096,0.3227016885553471
ec1f6f0a-5108-46a1-a18a-c98dd0c618c5,535,ES,0.2958801498127341,0.30711610486891383,0.3951310861423221,0.26591760299625467,0.352059925093633,0.3333333333333333,0.3258426966292135,0.2883895131086142,0.2602996254681648,0.32209737827715357
ec1f6f0a-5108-46a1-a18a-c98dd0c618c5,536,ES,0.2953271028037383,0.30654205607476637,0.394392523364486,0.26542056074766357,0.3514018691588785,0.3401869158878505,0.3252336448598131,0.28785046728971964,0.25981308411214954,0.32149532710280376
ec1f6f0a-5108-46a1-a18a-c98dd0c618c5,537,ES,0.2947761194029851,0.30597014925373134,0.39365671641791045,0.26492537313432835,0.35074626865671643,0.33955223880597013,0.3246268656716418,0.2947761194029851,0.2593283582089552,0.3208955223880597
ec1f6f0a-5108-46a1-a18a-c98dd0c618c5,538,ES,0.2942271880819367,0.3054003724394786,0.3929236499068901,0.2644320297951583,0.3500931098696462,0.33891992551210426,0.3240223463687151,0.2942271880819367,0.25884543761638734,0.3202979515828678
ec1f6f0a-5108-46a1-a18a-c98dd0c618c5,539,ES,0.2936802973977695,0.3048327137546468,0.39219330855018586,0.26394052044609667,0.34944237918215615,0.3382899628252788,0.3271375464684015,0.2936802973977695,0.258364312267658,0.31970260223048325
ec1f6f0a-5108-46a1-a18a-c98dd0c618c5,540,ES,0.29313543599257885,0.3042671614100185,0.39888682745825604,0.2634508348794063,0.34879406307977734,0.33766233766233766,0.32653061224489793,0.29313543599257885,0.25788497217068646,0.31910946196660483
ec1f6f0a-5108-46a1-a18a-c98dd0c618c5,541,ES,0.29259259259259257,0.3037037037037037,0.4074074074074074,0.26296296296296295,0.34814814814814815,0.337037037037037,0.32592592592592595,0.29259259259259257,0.2574074074074074,0.31851851851851853
ec1f6f0a-5108-46a1-a18a-c98dd0c618c5,542,ES,0.29390018484288355,0.3031423290203327,0.4066543438077634,0.26247689463955637,0.34750462107208874,0.3364140480591497,0.32532347504621073,0.2920517560073937,0.25693160813308685,0.3179297597042514
ec1f6f0a-5108-46a1-a18a-c98dd0c618c5,543,ES,0.2933579335793358,0.3025830258302583,0.4151291512915129,0.26199261992619927,0.34686346863468637,0.33579335793357934,0.3247232472324723,0.2915129151291513,0.2564575645756458,0.3173431734317343
ec1f6f0a-5108-46a1-a18a-c98dd0c618c5,544,ES,0.292817679558011,0.3020257826887661,0.4143646408839779,0.26151012891344383,0.3462246777163904,0.3351749539594843,0.3241252302025783,0.29097605893186,0.2559852670349908,0.3241252302025783
ec1f6f0a-5108-46a1-a18a-c98dd0c618c5,545,ES,0.2922794117647059,0.3014705882352941,0.41360294117647056,0.2610294117647059,0.35294117647058826,0.33455882352941174,0.3235294117647059,0.29044117647058826,0.2555147058823529,0.3235294117647059
ec1f6f0a-5108-46a1-a18a-c98dd0c618c5,546,ES,0.29174311926605506,0.30091743119266057,0.42018348623853213,0.26055045871559634,0.3522935779816514,0.3339449541284404,0.3229357798165138,0.28990825688073396,0.25504587155963304,0.3229357798165138
ec1f6f0a-5108-46a1-a18a-c98dd0c618c5,547,ES,0.29120879120879123,0.30036630036630035,0.4194139194139194,0.2600732600732601,0.3516483516483517,0.3333333333333333,0.32234432234432236,0.2893772893772894,0.25457875457875456,0.32967032967032966
ec1f6f0a-5108-46a1-a18a-c98dd0c618c5,548,ES,0.2979890310786106,0.29981718464351004,0.4186471663619744,0.2595978062157221,0.3510054844606947,0.3327239488117002,0.3217550274223035,0.28884826325411334,0.25411334552102377,0.3290676416819013
ec1f6f0a-5108-46a1-a18a-c98dd0c618c5,549,ES,0.29744525547445255,0.29927007299270075,0.41788321167883213,0.2591240875912409,0.35036496350364965,0.33211678832116787,0.3266423357664234,0.28832116788321166,0.25364963503649635,0.3284671532846715
ec1f6f0a-5108-46a1-a18a-c98dd0c618c5,550,ES,0.29690346083788705,0.2987249544626594,0.41712204007285975,0.2586520947176685,0.34972677595628415,0.331511839708561,0.32604735883424407,0.2877959927140255,0.2568306010928962,0.32786885245901637
ec1f6f0a-5108-46a1-a18a-c98dd0c618c5,551,ES,0.2963636363636364,0.29818181818181816,0.4163636363636364,0.2581818181818182,0.3490909090909091,0.33090909090909093,0.32545454545454544,0.2872727272727273,0.25636363636363635,0.3381818181818182
ec1f6f0a-5108-46a1-a18a-c98dd0c618c5,552,ES,0.2958257713248639,0.29764065335753176,0.41560798548094374,0.2577132486388385,0.3484573502722323,0.33030852994555354,0.3248638838475499,0.2867513611615245,0.2613430127041742,0.33756805807622503
ec1f6f0a-5108-46a1-a18a-c98dd0c618c5,553,ES,0.29528985507246375,0.2971014492753623,0.4148550724637681,0.26268115942028986,0.34782608695652173,0.32971014492753625,0.3242753623188406,0.286231884057971,0.2608695652173913,0.33695652173913043
ec1f6f0a-5108-46a1-a18a-c98dd0c618c5,554,ES,0.30018083182640143,0.2965641952983725,0.4141048824593128,0.26220614828209765,0.3471971066907776,0.3291139240506329,0.32368896925858953,0.2857142857142857,0.2603978300180832,0.33634719710669075
ec1f6f0a-5108-46a1-a18a-c98dd0c618c5,555,ES,0.30324909747292417,0.296028880866426,0.41335740072202165,0.26173285198555957,0.34657039711191334,0.3285198555956679,0.3231046931407942,0.2851985559566787,0.259927797833935,0.33574007220216606
ec1f6f0a-5108-46a1-a18a-c98dd0c618c5,556,ES,0.3027027027027027,0.2954954954954955,0.4126126126126126,0.26126126126126126,0.34594594594594597,0.3279279279279279,0.3225225225225225,0.28468468468468466,0.2648648648648649,0.33513513513513515
ec1f6f0a-5108-46a1-a18a-c98dd0c618c5,557,ES,0.31115107913669066,0.2949640287769784,0.4118705035971223,0.2607913669064748,0.34532374100719426,0.3273381294964029,0.32194244604316546,0.2841726618705036,0.2643884892086331,0.3345323741007194
ec1f6f0a-5108-46a1-a18a-c98dd0c618c5,558,ES,0.3105924596050269,0.29443447037701975,0.41831238779174146,0.26032315978456017,0.34470377019748655,0.3267504488330341,0.3213644524236984,0.2836624775583483,0.2639138240574506,0.3339317773788151
ec1f6f0a-5108-46a1-a18a-c98dd0c618c5,559,ES,0.3100358422939068,0.2939068100358423,0.41935483870967744,0.25985663082437277,0.34408602150537637,0.32616487455197135,0.3207885304659498,0.2831541218637993,0.26344086021505375,0.3333333333333333
ec1f6f0a-5108-46a1-a18a-c98dd0c618c5,560,ES,0.3094812164579606,0.29338103756708406,0.4221824686940966,0.259391771019678,0.3434704830053667,0.32558139534883723,0.32021466905187834,0.2826475849731664,0.2629695885509839,0.33273703041144903
ec1f6f0a-5108-46a1-a18a-c98dd0c618c5,561,ES,0.30892857142857144,0.29285714285714287,0.42142857142857143,0.25892857142857145,0.34285714285714286,0.325,0.32321428571428573,0.28214285714285714,0.2625,0.33214285714285713
ec1f6f0a-5108-46a1-a18a-c98dd0c618c5,562,ES,0.3083778966131907,0.29233511586452765,0.4206773618538324,0.25846702317290554,0.3422459893048128,0.3244206773618538,0.3226381461675579,0.2905525846702317,0.2620320855614973,0.3315508021390374
ec1f6f0a-5108-46a1-a18a-c98dd0c618c5,563,ES,0.30782918149466193,0.2918149466192171,0.4199288256227758,0.2580071174377224,0.3416370106761566,0.3238434163701068,0.3220640569395018,0.298932384341637,0.2615658362989324,0.3309608540925267
ec1f6f0a-5108-46a1-a18a-c98dd0c618c5,564,ES,0.30728241563055064,0.2912966252220249,0.42095914742451157,0.25754884547069273,0.3410301953818828,0.32326820603907636,0.32149200710479575,0.2984014209591474,0.261101243339254,0.33037300177619894
ec1f6f0a-5108-46a1-a18a-c98dd0c618c5,565,ES,0.3067375886524823,0.2907801418439716,0.4219858156028369,0.2570921985815603,0.3404255319148936,0.32269503546099293,0.32092198581560283,0.2978723404255319,0.26063829787234044,0.32978723404255317
ec1f6f0a-5108-46a1-a18a-c98dd0c618c5,566,ES,0.30619469026548674,0.2902654867256637,0.42123893805309737,0.25663716814159293,0.3433628318584071,0.32212389380530976,0.32035398230088497,0.2973451327433628,0.26017699115044246,0.3292035398230089
ec1f6f0a-5108-46a1-a18a-c98dd0c618c5,567,ES,0.30565371024734983,0.29328621908127206,0.4204946996466431,0.25618374558303886,0.34275618374558303,0.3215547703180212,0.3197879858657244,0.2968197879858657,0.2597173144876325,0.3286219081272085
ec1f6f0a-5108-46a1-a18a-c98dd0c618c5,568,ES,0.30511463844797176,0.2927689594356261,0.41975308641975306,0.25573192239858905,0.3421516754850088,0.32098765432098764,0.31922398589065254,0.2962962962962963,0.26455026455026454,0.328042328042328
ec1f6f0a-5108-46a1-a18a-c98dd0c618c5,569,ES,0.3045774647887324,0.29225352112676056,0.41901408450704225,0.25528169014084506,0.3415492957746479,0.3204225352112676,0.32922535211267606,0.29577464788732394,0.2640845070422535,0.3274647887323944
ec1f6f0a-5108-46a1-a18a-c98dd0c618c5,570,ES,0.30404217926186294,0.29173989455184535,0.4182776801405975,0.2548330404217926,0.3409490333919156,0.31985940246045697,0.3286467486818981,0.29525483304042177,0.26362038664323373,0.335676625659051
ec1f6f0a-5108-46a1-a18a-c98dd0c618c5,571,ES,0.30350877192982456,0.2912280701754386,0.41754385964912283,0.2631578947368421,0.34035087719298246,0.3192982456140351,0.3280701754385965,0.29473684210526313,0.2631578947368421,0.3350877192982456
ec1f6f0a-5108-46a1-a18a-c98dd0c618c5,572,ES,0.30297723292469353,0.29071803852889666,0.4168126094570928,0.2626970227670753,0.3397548161120841,0.318739054290718,0.3274956217162872,0.29422066549912435,0.2714535901926445,0.3345008756567426
ec1f6f0a-5108-46a1-a18a-c98dd0c618c5,573,ES,0.30244755244755245,0.2902097902097902,0.4160839160839161,0.2727272727272727,0.33916083916083917,0.3181818181818182,0.3269230769230769,0.2937062937062937,0.270979020979021,0.3339160839160839
ec1f6f0a-5108-46a1-a18a-c98dd0c618c5,574,ES,0.3019197207678883,0.28970331588132636,0.418848167539267,0.27225130890052357,0.33856893542757416,0.31762652705061084,0.3263525305410122,0.2931937172774869,0.2705061082024433,0.3333333333333333
ec1f6f0a-5108-46a1-a18a-c98dd0c618c5,575,ES,0.30139372822299654,0.289198606271777,0.4181184668989547,0.27177700348432055,0.33797909407665505,0.3170731707317073,0.32578397212543553,0.2926829268292683,0.2700348432055749,0.3327526132404181
ec1f6f0a-5108-46a1-a18a-c98dd0c618c5,576,ES,0.3008695652173913,0.288695652173913,0.41739130434782606,0.271304347826087,0.3373913043478261,0.3269565217391304,0.32521739130434785,0.2921739130434783,0.26956521739130435,0.33217391304347826
ec1f6f0a-5108-46a1-a18a-c98dd0c618c5,577,ES,0.3003472222222222,0.2986111111111111,0.4166666666666667,0.2708333333333333,0.3368055555555556,0.3263888888888889,0.3246527777777778,0.2916666666666667,0.2690972222222222,0.3315972222222222
ec1f6f0a-5108-46a1-a18a-c98dd0c618c5,578,ES,0.29982668977469673,0.29809358752166376,0.41594454072790293,0.2703639514731369,0.3362218370883882,0.32582322357019067,0.3240901213171577,0.29116117850953205,0.2772963604852686,0.3310225303292894
ec1f6f0a-5108-46a1-a18a-c98dd0c618c5,579,ES,0.29930795847750863,0.2975778546712803,0.41522491349480967,0.2698961937716263,0.3356401384083045,0.33217993079584773,0.3235294117647059,0.2906574394463668,0.2768166089965398,0.3304498269896194
ec1f6f0a-5108-46a1-a18a-c98dd0c618c5,580,ES,0.2987910189982729,0.2970639032815199,0.41450777202072536,0.2694300518134715,0.33506044905008636,0.33678756476683935,0.3229706390328152,0.29015544041450775,0.2763385146804836,0.3298791018998273
ec1f6f0a-5108-46a1-a18a-c98dd0c618c5,581,ES,0.2982758620689655,0.296551724137931,0.41379310344827586,0.2689655172413793,0.33620689655172414,0.33620689655172414,0.32241379310344825,0.2896551724137931,0.27586206896551724,0.3293103448275862
ec1f6f0a-5108-46a1-a18a-c98dd0c618c5,582,ES,0.2977624784853701,0.3029259896729776,0.41308089500860584,0.2685025817555938,0.33562822719449226,0.33562822719449226,0.3218588640275387,0.2891566265060241,0.27538726333907054,0.3287435456110155
ec1f6f0a-5108-46a1-a18a-c98dd0c618c5,583,ES,0.2972508591065292,0.3024054982817869,0.41237113402061853,0.26804123711340205,0.33505154639175255,0.34192439862542956,0.32130584192439865,0.28865979381443296,0.27491408934707906,0.3281786941580756
ec1f6f0a-5108-46a1-a18a-c98dd0c618c5,584,ES,0.2967409948542024,0.3018867924528302,0.411663807890223,0.274442538593482,0.3344768439108062,0.34133790737564323,0.32075471698113206,0.2881646655231561,0.274442538593482,0.3276157804459691
ec1f6f0a-5108-46a1-a18a-c98dd0c618c5,585,ES,0.2962328767123288,0.3065068493150685,0.410958904109589,0.273972602739726,0.3339041095890411,0.3407534246575342,0.3202054794520548,0.2876712328767123,0.273972602739726,0.3270547945205479
ec1f6f0a-5108-46a1-a18a-c98dd0c618c5,586,ES,0.29572649572649573,0.305982905982906,0.41025641025641024,0.27521367521367524,0.3333333333333333,0.3401709401709402,0.31965811965811963,0.28717948717948716,0.27350427350427353,0.3264957264957265
ec1f6f0a-5108-46a1-a18a-c98dd0c618c5,587,ES,0.295221843003413,0.30887372013651876,0.40955631399317405,0.27474402730375425,0.33276450511945393,0.3395904436860068,0.3191126279863481,0.28668941979522183,0.27303754266211605,0.32593856655290104
ec1f6f0a-5108-46a1-a18a-c98dd0c618c5,588,ES,0.29471890971039183,0.3083475298126065,0.4088586030664395,0.27427597955706984,0.3321976149914821,0.3424190800681431,0.3185689948892675,0.28620102214650767,0.272572402044293,0.32538330494037476
ec1f6f0a-5108-46a1-a18a-c98dd0c618c5,589,ES,0.2942176870748299,0.3129251700680272,0.40816326530612246,0.27380952380952384,0.33163265306122447,0.34183673469387754,0.31802721088435376,0.2857142857142857,0.272108843537415,0.32482993197278914
ec1f6f0a-5108-46a1-a18a-c98dd0c618c5,590,ES,0.2937181663837012,0.31239388794567063,0.4091680814940577,0.2733446519524618,0.3310696095076401,0.34125636672325976,0.3174872665534805,0.28522920203735147,0.27164685908319186,0.3242784380305603
ec1f6f0a-5108-46a1-a18a-c98dd0c618c5,591,ES,0.29322033898305083,0.31186440677966104,0.40847457627118644,0.27288135593220336,0.3305084745762712,0.34067796610169493,0.3169491525423729,0.2847457627118644,0.27796610169491526,0.32372881355932204
ec1f6f0a-5108-46a1-a18a-c98dd0c618c5,592,ES,0.2927241962774958,0.3147208121827411,0.4077834179357022,0.272419627749577,0.3299492385786802,0.3401015228426396,0.3164128595600677,0.28426395939086296,0.27749576988155666,0.32318104906937395
ec1f6f0a-5108-46a1-a18a-c98dd0c618c5,593,ES,0.2922297297297297,0.3141891891891892,0.40709459459459457,0.2719594594594595,0.3293918918918919,0.33952702702702703,0.3158783783783784,0.28885135135135137,0.27702702702702703,0.32263513513513514
ec1f6f0a-5108-46a1-a18a-c98dd0c618c5,594,ES,0.2917369308600337,0.3136593591905565,0.40640809443507586,0.2715008431703204,0.3288364249578415,0.3490725126475548,0.31534569983136596,0.28836424957841483,0.2765598650927487,0.3220910623946037
ec1f6f0a-5108-46a1-a18a-c98dd0c618c5,595,ES,0.29124579124579125,0.31313131313131315,0.4057239057239057,0.27104377104377103,0.3282828282828283,0.3484848484848485,0.3148148148148148,0.29797979797979796,0.2760942760942761,0.32154882154882153
ec1f6f0a-5108-46a1-a18a-c98dd0c618c5,596,ES,0.30084033613445377,0.3126050420168067,0.4050420168067227,0.27058823529411763,0.3277310924369748,0.34789915966386553,0.3142857142857143,0.29747899159663865,0.27563025210084036,0.32100840336134456
ec1f6f0a-5108-46a1-a18a-c98dd0c618c5,597,ES,0.30033557046979864,0.31208053691275167,0.40436241610738255,0.2701342281879195,0.3271812080536913,0.348993288590604,0.313758389261745,0.29697986577181207,0.2751677852348993,0.32046979865771813
ec1f6f0a-5108-46a1-a18a-c98dd0c618c5,598,ES,0.2998324958123953,0.31155778894472363,0.4036850921273032,0.2696817420435511,0.32663316582914576,0.34840871021775544,0.3132328308207705,0.2964824120603015,0.2797319932998325,0.31993299832495814
ec1f6f0a-5108-46a1-a18a-c98dd0c618c5,599,ES,0.2993311036789298,0.3110367892976589,0.40301003344481606,0.2692307692307692,0.32608695652173914,0.34782608695652173,0.31270903010033446,0.2959866220735786,0.28595317725752506,0.3193979933110368
ec1f6f0a-5108-46a1-a18a-c98dd0c618c5,600,ES,0.2988313856427379,0.31385642737896496,0.4023372287145242,0.2687813021702838,0.32554257095158595,0.34724540901502504,0.3121869782971619,0.29549248747913187,0.2854757929883139,0.31886477462437396
ec1f6f0a-5108-46a1-a18a-c98dd0c618c5,601,ES,0.29833333333333334,0.31333333333333335,0.40166666666666667,0.2683333333333333,0.325,0.3466666666666667,0.31666666666666665,0.295,0.285,0.31833333333333336
ec1f6f0a-5108-46a1-a18a-c98dd0c618c5,602,ES,0.2978369384359401,0.31281198003327787,0.40099833610648916,0.26788685524126454,0.324459234608985,0.34608985024958405,0.3161397670549085,0.2978369384359401,0.28452579034941766,0.3178036605657238
ec1f6f0a-5108-46a1-a18a-c98dd0c618c5,603,ES,0.30564784053156147,0.3122923588039867,0.4003322259136213,0.26744186046511625,0.3239202657807309,0.34551495016611294,0.31561461794019935,0.2973421926910299,0.2840531561461794,0.31727574750830567
ec1f6f0a-5108-46a1-a18a-c98dd0c618c5,604,ES,0.30514096185737977,0.3117744610281924,0.3996683250414594,0.27197346600331673,0.32338308457711445,0.3449419568822554,0.3150912106135987,0.296849087893864,0.2835820895522388,0.3167495854063018
ec1f6f0a-5108-46a1-a18a-c98dd0c618c5,605,ES,0.304635761589404,0.31125827814569534,0.3990066225165563,0.271523178807947,0.3228476821192053,0.3526490066225166,0.31456953642384106,0.29635761589403975,0.28311258278145696,0.3162251655629139
ec1f6f0a-5108-46a1-a18a-c98dd0c618c5,606,ES,0.30413223140495865,0.31074380165289256,0.39834710743801655,0.27107438016528923,0.32231404958677684,0.35206611570247937,0.3140495867768595,0.2958677685950413,0.28264462809917357,0.31900826446280994
ec1f6f0a-5108-46a1-a18a-c98dd0c618c5,607,ES,0.30363036303630364,0.3102310231023102,0.3976897689768977,0.2706270627062706,0.3217821782178218,0.35148514851485146,0.3184818481848185,0.2953795379537954,0.28217821782178215,0.3184818481848185
ec1f6f0a-5108-46a1-a18a-c98dd0c618c5,608,ES,0.3031301482701812,0.30971993410214166,0.3970345963756178,0.2701812191103789,0.3261943986820428,0.35090609555189456,0.31795716639209226,0.29489291598023065,0.28171334431630973,0.31795716639209226
ec1f6f0a-5108-46a1-a18a-c98dd0c618c5,609,ES,0.3026315789473684,0.3092105263157895,0.3963815789473684,0.26973684210526316,0.3256578947368421,0.3503289473684211,0.32730263157894735,0.2944078947368421,0.28125,0.31743421052631576
ec1f6f0a-5108-46a1-a18a-c98dd0c618c5,610,ES,0.3054187192118227,0.30870279146141216,0.3957307060755337,0.26929392446633826,0.3251231527093596,0.3497536945812808,0.32676518883415434,0.2939244663382594,0.28078817733990147,0.3169129720853859
ec1f6f0a-5108-46a1-a18a-c98dd0c618c5,611,ES,0.30491803278688523,0.3081967213114754,0.3950819672131147,0.26885245901639343,0.32459016393442625,0.34918032786885245,0.3262295081967213,0.2934426229508197,0.28032786885245903,0.319672131147541
ec1f6f0a-5108-46a1-a18a-c98dd0c618c5,612,ES,0.3044189852700491,0.3076923076923077,0.3944353518821604,0.2684124386252046,0.32405891980360063,0.3486088379705401,0.32569558101472995,0.2995090016366612,0.27986906710310966,0.3191489361702128
ec1f6f0a-5108-46a1-a18a-c98dd0c618c5,613,ES,0.30392156862745096,0.30718954248366015,0.3937908496732026,0.2679738562091503,0.3235294117647059,0.3480392156862745,0.32516339869281047,0.29901960784313725,0.28431372549019607,0.31862745098039214
ec1f6f0a-5108-46a1-a18a-c98dd0c618c5,614,ES,0.3034257748776509,0.3066884176182708,0.3931484502446982,0.26753670473083196,0.32300163132137033,0.3474714518760196,0.32463295269168024,0.30505709624796085,0.2838499184339315,0.3181076672104405
ec1f6f0a-5108-46a1-a18a-c98dd0c618c5,615,ES,0.30293159609120524,0.30618892508143325,0.3925081433224756,0.2671009771986971,0.3257328990228013,0.3469055374592834,0.3241042345276873,0.30456026058631924,0.28338762214983715,0.31758957654723124
ec1f6f0a-5108-46a1-a18a-c98dd0c618c5,616,ES,0.3024390243902439,0.3056910569105691,0.39186991869918697,0.26666666666666666,0.3252032520325203,0.3463414634146341,0.3235772357723577,0.3040650406504065,0.2861788617886179,0.3170731707317073
ec1f6f0a-5108-46a1-a18a-c98dd0c618c5,617,ES,0.30194805194805197,0.3051948051948052,0.400974025974026,0.2662337662337662,0.3246753246753247,0.3457792207792208,0.32305194805194803,0.30357142857142855,0.2857142857142857,0.31655844155844154
ec1f6f0a-5108-46a1-a18a-c98dd0c618c5,618,ES,0.3014586709886548,0.3047001620745543,0.40032414910858993,0.26580226904376014,0.32901134521880065,0.34521880064829824,0.3225283630470016,0.30307941653160453,0.2852512155591572,0.3160453808752026
ec1f6f0a-5108-46a1-a18a-c98dd0c618c5,619,ES,0.30097087378640774,0.3042071197411003,0.39967637540453077,0.26537216828478966,0.3284789644012945,0.3446601941747573,0.3220064724919094,0.30258899676375406,0.284789644012945,0.3220064724919094
ec1f6f0a-5108-46a1-a18a-c98dd0c618c5,620,ES,0.30048465266558966,0.3037156704361874,0.3990306946688207,0.2649434571890145,0.32794830371567046,0.3441033925686591,0.32148626817447495,0.30210016155088854,0.28917609046849757,0.32148626817447495
ec1f6f0a-5108-46a1-a18a-c98dd0c618c5,621,ES,0.3,0.3032258064516129,0.39838709677419354,0.2645161290322581,0.32741935483870965,0.3435483870967742,0.3209677419354839,0.3016129032258065,0.29354838709677417,0.3209677419354839
ec1f6f0a-5108-46a1-a18a-c98dd0c618c5,622,ES,0.30917874396135264,0.3027375201288245,0.3977455716586151,0.2640901771336554,0.32689210950080516,0.34299516908212563,0.32045088566827695,0.30112721417069244,0.29307568438003223,0.32045088566827695
ec1f6f0a-5108-46a1-a18a-c98dd0c618c5,623,ES,0.3167202572347267,0.3022508038585209,0.3971061093247588,0.26366559485530544,0.32636655948553056,0.342443729903537,0.319935691318328,0.30064308681672025,0.29260450160771706,0.319935691318328
ec1f6f0a-5108-46a1-a18a-c98dd0c618c5,624,ES,0.3162118780096308,0.3017656500802568,0.39646869983948635,0.2664526484751204,0.3258426966292135,0.3418940609951846,0.31942215088282505,0.3001605136436597,0.29213483146067415,0.31942215088282505
ec1f6f0a-5108-46a1-a18a-c98dd0c618c5,625,ES,0.3157051282051282,0.30128205128205127,0.3958333333333333,0.266025641025641,0.32532051282051283,0.34134615384615385,0.3189102564102564,0.29967948717948717,0.296474358974359,0.3189102564102564
ec1f6f0a-5108-46a1-a18a-c98dd0c618c5,626,ES,0.3152,0.3008,0.3952,0.2656,0.3248,0.3408,0.3216,0.2992,0.296,0.3184
ec1f6f0a-5108-46a1-a18a-c98dd0c618c5,627,ES,0.3146964856230032,0.3003194888178914,0.39456869009584666,0.26517571884984026,0.3242811501597444,0.3402555910543131,0.3210862619808307,0.2987220447284345,0.2971246006389776,0.31789137380191695
ec1f6f0a-5108-46a1-a18a-c98dd0c618c5,628,ES,0.3141945773524721,0.29984051036682613,0.3939393939393939,0.2647527910685805,0.3237639553429027,0.3397129186602871,0.3237639553429027,0.2982456140350877,0.2966507177033493,0.31738437001594894
ec1f6f0a-5108-46a1-a18a-c98dd0c618c5,629,ES,0.31369426751592355,0.29936305732484075,0.39331210191082805,0.2643312101910828,0.3232484076433121,0.34394904458598724,0.3232484076433121,0.29777070063694266,0.2961783439490446,0.31687898089171973
ec1f6f0a-5108-46a1-a18a-c98dd0c618c5,630,ES,0.31319554848966613,0.3052464228934817,0.39268680445151033,0.26391096979332274,0.32273449920508746,0.34340222575516693,0.32273449920508746,0.2972972972972973,0.2957074721780604,0.3163751987281399
ec1f6f0a-5108-46a1-a18a-c98dd0c618c5,631,ES,0.3126984126984127,0.3047619047619048,0.39206349206349206,0.2634920634920635,0.32222222222222224,0.34285714285714286,0.32222222222222224,0.2968253968253968,0.2984126984126984,0.31587301587301586
ec1f6f0a-5108-46a1-a18a-c98dd0c618c5,632,ES,0.312202852614897,0.30427892234548337,0.39461172741679873,0.2630744849445325,0.32171156893819336,0.34231378763866877,0.32171156893819336,0.29635499207606975,0.2979397781299525,0.3153724247226624
ec1f6f0a-5108-46a1-a18a-c98dd0c618c5,633,ES,0.31645569620253167,0.3037974683544304,0.3939873417721519,0.2626582278481013,0.3212025316455696,0.34177215189873417,0.3212025316455696,0.2958860759493671,0.2974683544303797,0.314873417721519
ec1f6f0a-5108-46a1-a18a-c98dd0c618c5,634,ES,0.315955766192733,0.3033175355450237,0.3933649289099526,0.26224328593996843,0.320695102685624,0.3412322274881517,0.320695102685624,0.29541864139020535,0.296998420221169,0.320695102685624
ec1f6f0a-5108-46a1-a18a-c98dd0c618c5,635,ES,0.31545741324921134,0.30757097791798105,0.39274447949526814,0.2618296529968454,0.32018927444794953,0.34069400630914826,0.32018927444794953,0.2949526813880126,0.29652996845425866,0.32018927444794953
ec1f6f0a-5108-46a1-a18a-c98dd0c618c5,636,ES,0.31496062992125984,0.30708661417322836,0.3921259842519685,0.2614173228346457,0.31968503937007875,0.3401574803149606,0.31968503937007875,0.29448818897637796,0.2992125984251969,0.31968503937007875
ec1f6f0a-5108-46a1-a18a-c98dd0c618c5,637,ES,0.31446540880503143,0.30660377358490565,0.3915094339622642,0.2610062893081761,0.3191823899371069,0.33962264150943394,0.3191823899371069,0.3018867924528302,0.29874213836477986,0.3191823899371069
ec1f6f0a-5108-46a1-a18a-c98dd0c618c5,638,ES,0.3139717425431711,0.31240188383045525,0.39089481946624804,0.260596546310832,0.31868131868131866,0.3390894819466248,0.31868131868131866,0.30141287284144425,0.29827315541601257,0.31868131868131866
ec1f6f0a-5108-46a1-a18a-c98dd0c618c5,639,ES,0.31347962382445144,0.31191222570532917,0.390282131661442,0.2601880877742947,0.3275862068965517,0.3385579937304075,0.3181818181818182,0.30094043887147337,0.29780564263322884,0.3181818181818182
ec1f6f0a-5108-46a1-a18a-c98dd0c618c5,640,ES,0.3161189358372457,0.3114241001564945,0.38967136150234744,0.2597809076682316,0.3270735524256651,0.3380281690140845,0.31768388106416273,0.3004694835680751,0.297339593114241,0.31768388106416273
ec1f6f0a-5108-46a1-a18a-c98dd0c618c5,641,ES,0.315625,0.3109375,0.3953125,0.259375,0.3265625,0.3375,0.3171875,0.3,0.296875,0.3171875
ec1f6f0a-5108-46a1-a18a-c98dd0c618c5,642,ES,0.31513260530421217,0.31045241809672386,0.39469578783151327,0.2589703588143526,0.32605304212168484,0.3369734789391576,0.3166926677067083,0.2995319812792512,0.2995319812792512,0.3166926677067083
ec1f6f0a-5108-46a1-a18a-c98dd0c618c5,643,ES,0.3146417445482866,0.3099688473520249,0.3940809968847352,0.2585669781931464,0.32554517133956384,0.3364485981308411,0.3161993769470405,0.29906542056074764,0.3068535825545171,0.3161993769470405
ec1f6f0a-5108-46a1-a18a-c98dd0c618c5,644,ES,0.3141524105754277,0.3094867807153966,0.39346811819595645,0.2581648522550544,0.3250388802488336,0.3405909797822706,0.3157076205287714,0.2986003110419907,0.30637636080870917,0.3157076205287714
ec1f6f0a-5108-46a1-a18a-c98dd0c618c5,645,ES,0.3167701863354037,0.3090062111801242,0.39285714285714285,0.2577639751552795,0.3245341614906832,0.34006211180124224,0.31521739130434784,0.2981366459627329,0.3059006211180124,0.31521739130434784
ec1f6f0a-5108-46a1-a18a-c98dd0c618c5,646,ES,0.31627906976744186,0.3085271317829457,0.3922480620155039,0.25736434108527134,0.324031007751938,0.3457364341085271,0.3147286821705426,0.29767441860465116,0.3054263565891473,0.3147286821705426
ec1f6f0a-5108-46a1-a18a-c98dd0c618c5,647,ES,0.3157894736842105,0.3080495356037152,0.39164086687306504,0.25696594427244585,0.32972136222910214,0.34520123839009287,0.3142414860681115,0.29721362229102166,0.30495356037151705,0.3142414860681115
ec1f6f0a-5108-46a1-a18a-c98dd0c618c5,648,ES,0.321483771251932,0.3075734157650695,0.3910355486862442,0.25656877897990726,0.32921174652241114,0.3446676970633694,0.31375579598145287,0.29675425038639874,0.3044822256568779,0.31375579598145287
ec1f6f0a-5108-46a1-a18a-c98dd0c618c5,649,ES,0.32098765432098764,0.30709876543209874,0.3950617283950617,0.25617283950617287,0.3287037037037037,0.3441358024691358,0.3132716049382716,0.2962962962962963,0.30401234567901236,0.3132716049382716
ec1f6f0a-5108-46a1-a18a-c98dd0c618c5,650,ES,0.3204930662557781,0.3066255778120185,0.39445300462249616,0.26194144838212635,0.32819722650231126,0.3436055469953775,0.31278890600924497,0.29583975346687214,0.3035439137134052,0.31278890600924497
ec1f6f0a-5108-46a1-a18a-c98dd0c618c5,651,ES,0.32461538461538464,0.30615384615384617,0.39384615384615385,0.26153846153846155,0.32769230769230767,0.34307692307692306,0.3123076923076923,0.2953846153846154,0.3030769230769231,0.3123076923076923
ec1f6f0a-5108-46a1-a18a-c98dd0c618c5,652,ES,0.3302611367127496,0.30568356374807987,0.3932411674347158,0.261136712749616,0.3271889400921659,0.3425499231950845,0.3118279569892473,0.29493087557603687,0.30261136712749614,0.3118279569892473
ec1f6f0a-5108-46a1-a18a-c98dd0c618c5,653,ES,0.3328220858895706,0.3052147239263804,0.39263803680981596,0.2607361963190184,0.3266871165644172,0.34202453987730064,0.3113496932515337,0.294478527607362,0.30214723926380366,0.3113496932515337
ec1f6f0a-5108-46a1-a18a-c98dd0c618c5,654,ES,0.332312404287902,0.30474732006125577,0.39203675344563554,0.26033690658499237,0.32618683001531396,0.34150076569678406,0.3108728943338438,0.3001531393568147,0.3016845329249617,0.3108728943338438
ec1f6f0a-5108-46a1-a18a-c98dd0c618c5,655,ES,0.3318042813455658,0.30428134556574926,0.39143730886850153,0.2599388379204893,0.3256880733944954,0.3470948012232416,0.3103975535168196,0.2996941896024465,0.3012232415902141,0.3103975535168196
ec1f6f0a-5108-46a1-a18a-c98dd0c618c5,656,ES,0.33129770992366414,0.30381679389312977,0.39083969465648855,0.2595419847328244,0.3251908396946565,0.3526717557251908,0.3099236641221374,0.29923664122137406,0.300763358778626,0.3099236641221374
ec1f6f0a-5108-46a1-a18a-c98dd0c618c5,657,ES,0.3307926829268293,0.30335365853658536,0.3902439024390244,0.2621951219512195,0.3246951219512195,0.3521341463414634,0.3094512195121951,0.29878048780487804,0.3003048780487805,0.3094512195121951
ec1f6f0a-5108-46a1-a18a-c98dd0c618c5,658,ES,0.3302891933028919,0.3028919330289193,0.3911719939117199,0.2617960426179604,0.3242009132420091,0.3515981735159817,0.3089802130898021,0.2983257229832572,0.2998477929984779,0.3089802130898021
ec1f6f0a-5108-46a1-a18a-c98dd0c618c5,659,ES,0.32978723404255317,0.30243161094224924,0.3905775075987842,0.2613981762917933,0.32370820668693007,0.3556231003039514,0.30851063829787234,0.2978723404255319,0.2993920972644377,0.30851063829787234
ec1f6f0a-5108-46a1-a18a-c98dd0c618c5,660,ES,0.3292867981790592,0.30197268588770865,0.3899848254931715,0.26403641881638845,0.3232169954476479,0.3550834597875569,0.30804248861911987,0.29742033383915023,0.29893778452200304,0.30804248861911987
ec1f6f0a-5108-46a1-a18a-c98dd0c618c5,661,ES,0.3287878787878788,0.3015151515151515,0.3893939393939394,0.2636363636363636,0.32272727272727275,0.35454545454545455,0.31666666666666665,0.296969696969697,0.29848484848484846,0.30757575757575756
ec1f6f0a-5108-46a1-a18a-c98dd0c618c5,662,ES,0.32829046898638425,0.3010590015128593,0.3888048411497731,0.2632375189107413,0.32223903177004537,0.3540090771558245,0.3207261724659607,0.29652042360060515,0.2980332829046899,0.3071104387291982
ec1f6f0a-5108-46a1-a18a-c98dd0c618c5,663,ES,0.32779456193353473,0.30060422960725075,0.38821752265861026,0.2628398791540785,0.3217522658610272,0.35347432024169184,0.3202416918429003,0.29607250755287007,0.3021148036253776,0.3066465256797583
ec1f6f0a-5108-46a1-a18a-c98dd0c618c5,664,ES,0.3273001508295626,0.30015082956259426,0.3891402714932127,0.26244343891402716,0.3212669683257919,0.35294117647058826,0.31975867269984914,0.2956259426847662,0.30165912518853694,0.30618401206636503
ec1f6f0a-5108-46a1-a18a-c98dd0c618c5,665,ES,0.32680722891566266,0.2996987951807229,0.3885542168674699,0.2620481927710843,0.3207831325301205,0.3614457831325301,0.3192771084337349,0.29518072289156627,0.30120481927710846,0.3057228915662651
ec1f6f0a-5108-46a1-a18a-c98dd0c618c5,666,ES,0.3263157894736842,0.2992481203007519,0.39097744360902253,0.26165413533834586,0.32030075187969925,0.3609022556390977,0.318796992481203,0.29473684210526313,0.3007518796992481,0.30526315789473685
ec1f6f0a-5108-46a1-a18a-c98dd0c618c5,667,ES,0.3258258258258258,0.2987987987987988,0.39039039039039036,0.26426426426426425,0.31981981981981983,0.36036036036036034,0.3183183183183183,0.29429429429429427,0.3003003003003003,0.3048048048048048
ec1f6f0a-5108-46a1-a18a-c98dd0c618c5,668,ES,0.32533733133433285,0.2983508245877061,0.38980509745127434,0.2638680659670165,0.3268365817091454,0.3598200899550225,0.31784107946026985,0.2938530734632684,0.29985007496251875,0.30434782608695654
ec1f6f0a-5108-46a1-a18a-c98dd0c618c5,669,ES,0.3248502994011976,0.29790419161676646,0.38922155688622756,0.2634730538922156,0.3263473053892216,0.3592814371257485,0.31736526946107785,0.2934131736526946,0.30389221556886226,0.30389221556886226
ec1f6f0a-5108-46a1-a18a-c98dd0c618c5,670,ES,0.3243647234678625,0.2974588938714499,0.38863976083707025,0.26307922272047835,0.32585949177877427,0.35874439461883406,0.3213751868460389,0.2929745889387145,0.3034379671150972,0.3034379671150972
ec1f6f0a-5108-46a1-a18a-c98dd0c618c5,671,ES,0.3238805970149254,0.29701492537313434,0.3880597014925373,0.2626865671641791,0.3253731343283582,0.3582089552238806,0.3208955223880597,0.29253731343283584,0.3074626865671642,0.3029850746268657
ec1f6f0a-5108-46a1-a18a-c98dd0c618c5,672,ES,0.323397913561848,0.2965722801788376,0.38748137108792846,0.26229508196721313,0.3293591654247392,0.35767511177347244,0.3204172876304024,0.29210134128166915,0.30700447093889716,0.3025335320417288
ec1f6f0a-5108-46a1-a18a-c98dd0c618c5,673,ES,0.3273809523809524,0.2961309523809524,0.3869047619047619,0.2619047619047619,0.3288690476190476,0.35714285714285715,0.31994047619047616,0.2916666666666667,0.30654761904761907,0.3020833333333333
ec1f6f0a-5108-46a1-a18a-c98dd0c618c5,674,ES,0.32689450222882616,0.3016344725111441,0.3863298662704309,0.26151560178306094,0.32838038632986627,0.35661218424962854,0.31946508172362553,0.2912332838038633,0.3060921248142645,0.3016344725111441
ec1f6f0a-5108-46a1-a18a-c98dd0c618c5,675,ES,0.3264094955489614,0.30118694362017806,0.3857566765578635,0.26112759643916916,0.33382789317507416,0.3560830860534125,0.3189910979228487,0.29080118694362017,0.3056379821958457,0.30118694362017806
ec1f6f0a-5108-46a1-a18a-c98dd0c618c5,676,ES,0.32592592592592595,0.30074074074074075,0.3851851851851852,0.2607407407407407,0.3377777777777778,0.35555555555555557,0.31851851851851853,0.2903703703703704,0.30518518518518517,0.30074074074074075
ec1f6f0a-5108-46a1-a18a-c98dd0c618c5,677,ES,0.3254437869822485,0.30029585798816566,0.38461538461538464,0.2603550295857988,0.33727810650887574,0.35502958579881655,0.3180473372781065,0.28994082840236685,0.3121301775147929,0.30029585798816566
ec1f6f0a-5108-46a1-a18a-c98dd0c618c5,678,ES,0.3249630723781389,0.2998522895125554,0.38404726735598227,0.25997045790251105,0.33677991137370755,0.3604135893648449,0.3175775480059084,0.2895125553914328,0.31166912850812406,0.2998522895125554
ec1f6f0a-5108-46a1-a18a-c98dd0c618c5,679,ES,0.32448377581120946,0.2994100294985251,0.3834808259587021,0.25958702064896755,0.336283185840708,0.35988200589970504,0.3215339233038348,0.2890855457227139,0.3112094395280236,0.2994100294985251
ec1f6f0a-5108-46a1-a18a-c98dd0c618c5,680,ES,0.3240058910162003,0.29896907216494845,0.38291605301914583,0.25920471281296026,0.33578792341678937,0.3593519882179676,0.32106038291605304,0.2916053019145803,0.31075110456553756,0.29896907216494845
ec1f6f0a-5108-46a1-a18a-c98dd0c618c5,681,ES,0.3235294117647059,0.2985294117647059,0.38235294117647056,0.25882352941176473,0.3352941176470588,0.3588235294117647,0.3205882352941177,0.2911764705882353,0.31323529411764706,0.2985294117647059
ec1f6f0a-5108-46a1-a18a-c98dd0c618c5,682,ES,0.328928046989721,0.29809104258443464,0.38179148311306904,0.25844346549192365,0.33480176211453744,0.35829662261380324,0.3201174743024963,0.2907488986784141,0.31277533039647576,0.29809104258443464
ec1f6f0a-5108-46a1-a18a-c98dd0c618c5,683,ES,0.33724340175953077,0.29765395894428154,0.3812316715542522,0.25806451612903225,0.3343108504398827,0.35777126099706746,0.3196480938416422,0.2903225806451613,0.312316715542522,0.29765395894428154
ec1f6f0a-5108-46a1-a18a-c98dd0c618c5,684,ES,0.3367496339677892,0.2972181551976574,0.3806734992679356,0.25768667642752563,0.33382137628111275,0.35724743777452417,0.3206442166910688,0.28989751098096633,0.3118594436310395,0.2972181551976574
ec1f6f0a-5108-46a1-a18a-c98dd0c618c5,685,ES,0.3362573099415205,0.29678362573099415,0.38011695906432746,0.2573099415204678,0.3333333333333333,0.3567251461988304,0.3201754385964912,0.2894736842105263,0.31140350877192985,0.30116959064327486
ec1f6f0a-5108-46a1-a18a-c98dd0c618c5,686,ES,0.3357664233576642,0.29635036496350364,0.3795620437956204,0.2613138686131387,0.33284671532846716,0.3562043795620438,0.3197080291970803,0.28905109489051095,0.310948905109489,0.3007299270072993
ec1f6f0a-5108-46a1-a18a-c98dd0c618c5,687,ES,0.33527696793002915,0.29591836734693877,0.37900874635568516,0.260932944606414,0.336734693877551,0.3556851311953353,0.31924198250728864,0.2886297376093295,0.3104956268221574,0.30029154518950435
ec1f6f0a-5108-46a1-a18a-c98dd0c618c5,688,ES,0.33478893740902477,0.2954876273653566,0.3784570596797671,0.26055312954876275,0.33915574963609896,0.3551673944687045,0.31877729257641924,0.28820960698689957,0.31004366812227074,0.29985443959243085
ec1f6f0a-5108-46a1-a18a-c98dd0c618c5,689,ES,0.33430232558139533,0.29505813953488375,0.37790697674418605,0.26453488372093026,0.3386627906976744,0.3546511627906977,0.3183139534883721,0.2877906976744186,0.30959302325581395,0.29941860465116277
ec1f6f0a-5108-46a1-a18a-c98dd0c618c5,690,ES,0.33381712626995647,0.2946298984034833,0.37735849056603776,0.2641509433962264,0.3439767779390421,0.35413642960812775,0.3178519593613933,0.28737300435413643,0.30914368650217705,0.29898403483309144
ec1f6f0a-5108-46a1-a18a-c98dd0c618c5,691,ES,0.3333333333333333,0.2942028985507246,0.37681159420289856,0.26666666666666666,0.34347826086956523,0.3536231884057971,0.3173913043478261,0.28695652173913044,0.30869565217391304,0.2985507246376812
ec1f6f0a-5108-46a1-a18a-c98dd0c618c5,692,ES,0.33285094066570187,0.2937771345875543,0.37626628075253254,0.2662807525325615,0.3429811866859624,0.35311143270622286,0.31693198263386396,0.2865412445730825,0.30824891461649784,0.2995658465991317
ec1f6f0a-5108-46a1-a18a-c98dd0c618c5,693,ES,0.33236994219653176,0.29335260115606937,0.37572254335260113,0.2658959537572254,0.342485549132948,0.36127167630057805,0.31647398843930635,0.2861271676300578,0.3078034682080925,0.2991329479768786
ec1f6f0a-5108-46a1-a18a-c98dd0c618c5,694,ES,0.3318903318903319,0.29292929292929293,0.38095238095238093,0.26551226551226553,0.341991341991342,0.36075036075036077,0.31601731601731603,0.2857142857142857,0.30735930735930733,0.2987012987012987
ec1f6f0a-5108-46a1-a18a-c98dd0c618c5,695,ES,0.3314121037463977,0.29250720461095103,0.3818443804034582,0.26512968299711814,0.3414985590778098,0.36023054755043227,0.31556195965417866,0.28530259365994237,0.3069164265129683,0.29827089337175794
ec1f6f0a-5108-46a1-a18a-c98dd0c618c5,696,ES,0.33093525179856115,0.2920863309352518,0.381294964028777,0.2647482014388489,0.3410071942446043,0.3597122302158273,0.31654676258992803,0.28489208633093527,0.3064748201438849,0.29784172661870506
ec1f6f0a-5108-46a1-a18a-c98dd0c618c5,697,ES,0.33045977011494254,0.2916666666666667,0.3807471264367816,0.26436781609195403,0.34051724137931033,0.35919540229885055,0.3160919540229885,0.29310344827586204,0.30603448275862066,0.2974137931034483
ec1f6f0a-5108-46a1-a18a-c98dd0c618c5,698,ES,0.3299856527977044,0.29124820659971307,0.3802008608321377,0.26398852223816355,0.34433285509325684,0.3586800573888092,0.31563845050215206,0.2926829268292683,0.30559540889526543,0.296987087517934
ec1f6f0a-5108-46a1-a18a-c98dd0c618c5,699,ES,0.32951289398280803,0.29512893982808025,0.37965616045845274,0.2636103151862464,0.3438395415472779,0.35816618911174786,0.3151862464183381,0.2922636103151863,0.30515759312320917,0.29656160458452724
ec1f6f0a-5108-46a1-a18a-c98dd0c618c5,700,ES,0.3333333333333333,0.2947067238912732,0.3791130185979971,0.2632331902718169,0.34334763948497854,0.35765379113018597,0.3147353361945637,0.2918454935622318,0.30472103004291845,0.296137339055794
ec1f6f0a-5108-46a1-a18a-c98dd0c618c5,701,ES,0.33285714285714285,0.29428571428571426,0.37857142857142856,0.26285714285714284,0.34714285714285714,0.35714285714285715,0.3142857142857143,0.2914285714285714,0.30428571428571427,0.2957142857142857
ec1f6f0a-5108-46a1-a18a-c98dd0c618c5,702,ES,0.33238231098430815,0.29386590584878747,0.3780313837375178,0.2624821683309558,0.3466476462196862,0.3594864479315264,0.31383737517831667,0.29101283880171186,0.30385164051355207,0.29529243937232524
ec1f6f0a-5108-46a1-a18a-c98dd0c618c5,703,ES,0.3319088319088319,0.2934472934472934,0.37749287749287747,0.2621082621082621,0.34615384615384615,0.358974358974359,0.3176638176638177,0.2905982905982906,0.3034188034188034,0.2948717948717949
ec1f6f0a-5108-46a1-a18a-c98dd0c618c5,704,ES,0.3314366998577525,0.2930298719772404,0.38264580369843526,0.26173541963015645,0.3456614509246088,0.3584637268847795,0.31721194879089615,0.2901849217638691,0.3029871977240398,0.29445234708392604
ec1f6f0a-5108-46a1-a18a-c98dd0c618c5,705,ES,0.3309659090909091,0.29261363636363635,0.3821022727272727,0.26136363636363635,0.34517045454545453,0.35795454545454547,0.31676136363636365,0.2897727272727273,0.3025568181818182,0.3025568181818182
ec1f6f0a-5108-46a1-a18a-c98dd0c618c5,706,ES,0.3304964539007092,0.29645390070921984,0.38156028368794326,0.26099290780141843,0.3446808510638298,0.3574468085106383,0.31631205673758866,0.28936170212765955,0.3021276595744681,0.3021276595744681
ec1f6f0a-5108-46a1-a18a-c98dd0c618c5,707,ES,0.3342776203966006,0.29603399433427763,0.3810198300283286,0.26062322946175637,0.34419263456090654,0.35694050991501414,0.31586402266288954,0.28895184135977336,0.301699716713881,0.301699716713881
ec1f6f0a-5108-46a1-a18a-c98dd0c618c5,708,ES,0.3338048090523338,0.2956152758132956,0.38048090523338046,0.26025459688826025,0.3437057991513437,0.3564356435643564,0.31541725601131543,0.2956152758132956,0.3012729844413013,0.3012729844413013
ec1f6f0a-5108-46a1-a18a-c98dd0c618c5,709,ES,0.3333333333333333,0.2951977401129944,0.3799435028248588,0.2598870056497175,0.3432203389830508,0.3559322033898305,0.3149717514124294,0.2980225988700565,0.3008474576271186,0.3008474576271186
ec1f6f0a-5108-46a1-a18a-c98dd0c618c5,710,ES,0.3328631875881523,0.2947813822284908,0.37940761636107195,0.25952045133991536,0.3427362482369535,0.3554301833568406,0.3145275035260931,0.29760225669957685,0.307475317348378,0.3004231311706629
ec1f6f0a-5108-46a1-a18a-c98dd0c618c5,711,ES,0.3323943661971831,0.30140845070422534,0.3788732394366197,0.2591549295774648,0.34225352112676055,0.35492957746478876,0.31408450704225355,0.2971830985915493,0.30704225352112674,0.3
ec1f6f0a-5108-46a1-a18a-c98dd0c618c5,712,ES,0.3319268635724332,0.3066104078762307,0.37834036568213786,0.2587904360056259,0.34177215189873417,0.35443037974683544,0.3136427566807314,0.2967651195499297,0.3066104078762307,0.29957805907172996
ec1f6f0a-5108-46a1-a18a-c98dd0c618c5,713,ES,0.33146067415730335,0.3061797752808989,0.37780898876404495,0.25842696629213485,0.34129213483146065,0.3539325842696629,0.31320224719101125,0.29634831460674155,0.31179775280898875,0.2991573033707865
ec1f6f0a-5108-46a1-a18a-c98dd0c618c5,714,ES,0.33099579242636745,0.30575035063113604,0.38429172510518933,0.25806451612903225,0.34081346423562414,0.3534361851332398,0.3127629733520337,0.2959326788218794,0.31136044880785413,0.29873772791023845
ec1f6f0a-5108-46a1-a18a-c98dd0c618c5,715,ES,0.33053221288515405,0.30532212885154064,0.38375350140056025,0.25770308123249297,0.3403361344537815,0.35294117647058826,0.3123249299719888,0.3011204481792717,0.31092436974789917,0.29831932773109243
ec1f6f0a-5108-46a1-a18a-c98dd0c618c5,716,ES,0.3300699300699301,0.3048951048951049,0.3832167832167832,0.2573426573426573,0.33986013986013985,0.35664335664335667,0.3118881118881119,0.3006993006993007,0.3104895104895105,0.29790209790209793
ec1f6f0a-5108-46a1-a18a-c98dd0c618c5,717,ES,0.329608938547486,0.30446927374301674,0.38268156424581007,0.2569832402234637,0.3393854748603352,0.35614525139664804,0.31424581005586594,0.30027932960893855,0.3100558659217877,0.29748603351955305
ec1f6f0a-5108-46a1-a18a-c98dd0c618c5,718,ES,0.3291492329149233,0.30404463040446306,0.3877266387726639,0.25662482566248257,0.3389121338912134,0.35564853556485354,0.3138075313807531,0.299860529986053,0.30962343096234307,0.29707112970711297
ec1f6f0a-5108-46a1-a18a-c98dd0c618c5,719,ES,0.3286908077994429,0.30362116991643456,0.3871866295264624,0.2562674094707521,0.3426183844011142,0.3551532033426184,0.31337047353760444,0.2994428969359331,0.30919220055710306,0.2966573816155989
ec1f6f0a-5108-46a1-a18a-c98dd0c618c5,720,ES,0.3282336578581363,0.3031988873435327,0.3866481223922114,0.2573018080667594,0.34214186369958277,0.35465924895688455,0.3129346314325452,0.29902642559109877,0.3087621696801113,0.29624478442280944
ec1f6f0a-5108-46a1-a18a-c98dd0c618c5,721,ES,0.3277777777777778,0.30277777777777776,0.3861111111111111,0.2569444444444444,0.3486111111111111,0.3541666666666667,0.3125,0.2986111111111111,0.30833333333333335,0.29583333333333334
ec1f6f0a-5108-46a1-a18a-c98dd0c618c5,722,ES,0.3273231622746186,0.30513176144244103,0.3855755894590846,0.2565880721220527,0.34812760055478503,0.3536754507628294,0.3120665742024965,0.29819694868238555,0.3079056865464632,0.29542302357836336
ec1f6f0a-5108-46a1-a18a-c98dd0c618c5,723,ES,0.3268698060941828,0.3047091412742382,0.3850415512465374,0.2562326869806094,0.3476454293628809,0.35318559556786705,0.31163434903047094,0.29778393351800553,0.31163434903047094,0.2950138504155125
ec1f6f0a-5108-46a1-a18a-c98dd0c618c5,724,ES,0.326417704011065,0.30428769017980634,0.38450899031811897,0.25587828492392806,0.34716459197787,0.35269709543568467,0.3112033195020747,0.301521438450899,0.3112033195020747,0.2946058091286307
ec1f6f0a-5108-46a1-a18a-c98dd0c618c5,725,ES,0.3259668508287293,0.30386740331491713,0.3839779005524862,0.255524861878453,0.34668508287292815,0.35220994475138123,0.31077348066298344,0.3011049723756906,0.31767955801104975,0.2941988950276243
ec1f6f0a-5108-46a1-a18a-c98dd0c618c5,726,ES,0.3255172413793103,0.30344827586206896,0.383448275862069,0.25517241379310346,0.34620689655172415,0.35172413793103446,0.3103448275862069,0.3006896551724138,0.31724137931034485,0.29517241379310344
ec1f6f0a-5108-46a1-a18a-c98dd0c618c5,727,ES,0.3333333333333333,0.30303030303030304,0.38292011019283745,0.2548209366391185,0.34573002754820936,0.3512396694214876,0.30991735537190085,0.3002754820936639,0.3168044077134986,0.29476584022038566
ec1f6f0a-5108-46a1-a18a-c98dd0c618c5,728,ES,0.3328748280605227,0.30261348005502064,0.38239339752407153,0.25997248968363135,0.3452544704264099,0.35075653370013754,0.30949105914718017,0.2998624484181568,0.31636863823933975,0.29436038514442914
ec1f6f0a-5108-46a1-a18a-c98dd0c618c5,729,ES,0.3324175824175824,0.3021978021978022,0.38186813186813184,0.25961538461538464,0.34615384615384615,0.35027472527472525,0.3090659340659341,0.29945054945054944,0.3159340659340659,0.29395604395604397
ec1f6f0a-5108-46a1-a18a-c98dd0c618c5,730,ES,0.3319615912208505,0.3017832647462277,0.3813443072702332,0.25925925925925924,0.345679012345679,0.35390946502057613,0.30864197530864196,0.299039780521262,0.31550068587105623,0.2935528120713306
ec1f6f0a-5108-46a1-a18a-c98dd0c618c5,731,ES,0.3315068493150685,0.3013698630136986,0.38082191780821917,0.2589041095890411,0.35205479452054794,0.35342465753424657,0.3082191780821918,0.29863013698630136,0.3150684931506849,0.29315068493150687
ec1f6f0a-5108-46a1-a18a-c98dd0c618c5,732,ES,0.33105335157318744,0.3009575923392613,0.3803009575923393,0.2585499316005472,0.35157318741450067,0.35294117647058826,0.307797537619699,0.2982216142270862,0.31600547195622436,0.292749658002736
ec1f6f0a-5108-46a1-a18a-c98dd0c618c5,733,ES,0.33060109289617484,0.3005464480874317,0.3797814207650273,0.2581967213114754,0.3510928961748634,0.35655737704918034,0.3073770491803279,0.2978142076502732,0.3155737704918033,0.2923497267759563
ec1f6f0a-5108-46a1-a18a-c98dd0c618c5,734,ES,0.330150068212824,0.30013642564802184,0.3792633015006821,0.2578444747612551,0.3506139154160982,0.35607094133697137,0.3069577080491132,0.3015006821282401,0.3151432469304229,0.29195088676671216
ec1f6f0a-5108-46a1-a18a-c98dd0c618c5,735,ES,0.329700272479564,0.2997275204359673,0.3787465940054496,0.25885558583106266,0.35013623978201636,0.3555858310626703,0.3065395095367847,0.3010899182561308,0.31471389645776565,0.29155313351498635
ec1f6f0a-5108-46a1-a18a-c98dd0c618c5,736,ES,0.33197278911564626,0.29931972789115646,0.3782312925170068,0.2585034013605442,0.34965986394557824,0.3551020408163265,0.30612244897959184,0.3006802721088435,0.3142857142857143,0.291156462585034
ec1f6f0a-5108-46a1-a18a-c98dd0c618c5,737,ES,0.33152173913043476,0.29891304347826086,0.38179347826086957,0.25815217391304346,0.3491847826086957,0.3546195652173913,0.30570652173913043,0.30027173913043476,0.3138586956521739,0.2907608695652174
ec1f6f0a-5108-46a1-a18a-c98dd0c618c5,738,ES,0.3310719131614654,0.29850746268656714,0.3812754409769335,0.25780189959294436,0.3487109905020353,0.3541383989145183,0.30529172320217096,0.3039348710990502,0.31343283582089554,0.2903663500678426
ec1f6f0a-5108-46a1-a18a-c98dd0c618c5,739,ES,0.33062330623306235,0.2981029810298103,0.3807588075880759,0.25745257452574527,0.34823848238482386,0.35365853658536583,0.3048780487804878,0.3035230352303523,0.31978319783197834,0.2899728997289973
ec1f6f0a-5108-46a1-a18a-c98dd0c618c5,740,ES,0.3301759133964817,0.2976995940460081,0.38024357239512857,0.2571041948579161,0.34776725304465494,0.3531799729364005,0.30581867388362655,0.30311231393775373,0.3193504736129905,0.2895805142083897
ec1f6f0a-5108-46a1-a18a-c98dd0c618c5,741,ES,0.32972972972972975,0.3,0.37972972972972974,0.25675675675675674,0.3472972972972973,0.3527027027027027,0.3054054054054054,0.3027027027027027,0.31891891891891894,0.2891891891891892
ec1f6f0a-5108-46a1-a18a-c98dd0c618c5,742,ES,0.3292847503373819,0.29959514170040485,0.3792172739541161,0.2564102564102564,0.3468286099865047,0.358974358974359,0.3049932523616734,0.30229419703103916,0.3184885290148448,0.28879892037786775
ec1f6f0a-5108-46a1-a18a-c98dd0c618c5,743,ES,0.3288409703504043,0.2991913746630728,0.37870619946091644,0.2560646900269542,0.3463611859838275,0.3584905660377358,0.3045822102425876,0.3018867924528302,0.31805929919137466,0.28975741239892183
ec1f6f0a-5108-46a1-a18a-c98dd0c618c5,744,ES,0.3283983849259758,0.29878869448183043,0.3781965006729475,0.2557200538358008,0.34589502018842533,0.35800807537012114,0.3041722745625841,0.30148048452220727,0.31763122476446837,0.2920592193808883
ec1f6f0a-5108-46a1-a18a-c98dd0c618c5,745,ES,0.3293010752688172,0.29838709677419356,0.37768817204301075,0.2553763440860215,0.34543010752688175,0.3575268817204301,0.30376344086021506,0.3010752688172043,0.3172043010752688,0.2916666666666667
ec1f6f0a-5108-46a1-a18a-c98dd0c618c5,746,ES,0.3288590604026846,0.2979865771812081,0.37718120805369126,0.2563758389261745,0.34496644295302015,0.35704697986577183,0.30335570469798656,0.3006711409395973,0.3167785234899329,0.2912751677852349
ec1f6f0a-5108-46a1-a18a-c98dd0c618c5,747,ES,0.3284182305630027,0.2975871313672922,0.37667560321715815,0.2587131367292225,0.3445040214477212,0.35656836461126007,0.30294906166219837,0.3002680965147453,0.3163538873994638,0.29088471849865954
ec1f6f0a-5108-46a1-a18a-c98dd0c618c5,748,ES,0.3319946452476573,0.2971887550200803,0.37617135207496655,0.2583668005354752,0.34404283801874164,0.35609103078982596,0.30254350736278446,0.2998661311914324,0.31593038821954483,0.29049531459170014
ec1f6f0a-5108-46a1-a18a-c98dd0c618c5,749,ES,0.3315508021390374,0.2967914438502674,0.37566844919786097,0.2580213903743315,0.34358288770053474,0.35561497326203206,0.30213903743315507,0.2994652406417112,0.3155080213903743,0.29812834224598933
ec1f6f0a-5108-46a1-a18a-c98dd0c618c5,750,ES,0.3311081441922563,0.2963951935914553,0.38050734312416556,0.2576769025367156,0.3431241655540721,0.35514018691588783,0.30173564753004006,0.29906542056074764,0.315086782376502,0.2977303070761015
ec1f6f0a-5108-46a1-a18a-c98dd0c618c5,751,ES,0.33066666666666666,0.296,0.38,0.26,0.3426666666666667,0.3546666666666667,0.30133333333333334,0.2986666666666667,0.31466666666666665,0.29733333333333334
ec1f6f0a-5108-46a1-a18a-c98dd0c618c5,752,ES,0.33022636484687085,0.2982689747003995,0.3794940079893475,0.2596537949400799,0.3422103861517976,0.35419440745672437,0.3009320905459387,0.2982689747003995,0.31424766977363516,0.2969374167776298
ec1f6f0a-5108-46a1-a18a-c98dd0c618c5,753,ES,0.32978723404255317,0.2978723404255319,0.38430851063829785,0.25930851063829785,0.34175531914893614,0.3537234042553192,0.300531914893617,0.2978723404255319,0.31382978723404253,0.29654255319148937
ec1f6f0a-5108-46a1-a18a-c98dd0c618c5,754,ES,0.3293492695883134,0.29747675962815406,0.3837981407702523,0.2589641434262948,0.34130146082337315,0.35325365205843295,0.300132802124834,0.29747675962815406,0.31739707835325365,0.2961487383798141
ec1f6f0a-5108-46a1-a18a-c98dd0c618c5,755,ES,0.32891246684350134,0.29708222811671087,0.383289124668435,0.25862068965517243,0.34084880636604775,0.35278514588859416,0.30238726790450926,0.29708222811671087,0.3169761273209549,0.2957559681697613
ec1f6f0a-5108-46a1-a18a-c98dd0c618c5,756,ES,0.32847682119205296,0.29668874172185433,0.3827814569536424,0.2609271523178808,0.3403973509933775,0.352317880794702,0.3019867549668874,0.29668874172185433,0.3165562913907285,0.295364238410596
ec1f6f0a-5108-46a1-a18a-c98dd0c618c5,757,ES,0.328042328042328,0.2962962962962963,0.3888888888888889,0.2605820105820106,0.33994708994708994,0.35185185185185186,0.30158730158730157,0.2962962962962963,0.31613756613756616,0.294973544973545
ec1f6f0a-5108-46a1-a18a-c98dd0c618c5,758,ES,0.3276089828269485,0.29590488771466317,0.38837516512549536,0.26023778071334214,0.3394980184940555,0.3527080581241744,0.3011889035667107,0.29590488771466317,0.3157199471598415,0.29458388375165123
ec1f6f0a-5108-46a1-a18a-c98dd0c618c5,759,ES,0.32717678100263853,0.2955145118733509,0.38786279683377306,0.2598944591029024,0.3390501319261214,0.35224274406332456,0.3007915567282322,0.2994722955145119,0.3153034300791557,0.2941952506596306
ec1f6f0a-5108-46a1-a18a-c98dd0c618c5,760,ES,0.32674571805006586,0.2951251646903821,0.3926218708827404,0.2595520421607378,0.3386034255599473,0.35177865612648224,0.30039525691699603,0.29907773386034253,0.31488801054018445,0.2938076416337286
ec1f6f0a-5108-46a1-a18a-c98dd0c618c5,761,ES,0.3263157894736842,0.29473684210526313,0.3960526315789474,0.25921052631578945,0.3381578947368421,0.3513157894736842,0.3,0.2986842105263158,0.3144736842105263,0.29342105263157897
ec1f6f0a-5108-46a1-a18a-c98dd0c618c5,762,ES,0.32588699080157685,0.2943495400788436,0.3955321944809461,0.2588699080157687,0.33771353482260186,0.3508541392904074,0.2996057818659658,0.2982917214191853,0.316688567674113,0.29303547963206306
ec1f6f0a-5108-46a1-a18a-c98dd0c618c5,763,ES,0.32545931758530183,0.29396325459317585,0.39501312335958005,0.2585301837270341,0.33727034120734906,0.35039370078740156,0.2992125984251969,0.3031496062992126,0.31627296587926507,0.2926509186351706
ec1f6f0a-5108-46a1-a18a-c98dd0c618c5,764,ES,0.32503276539973786,0.29357798165137616,0.3944954128440367,0.2581913499344692,0.33682830930537355,0.34993446920052423,0.3040629095674967,0.30275229357798167,0.31585845347313235,0.29226736566186107
ec1f6f0a-5108-46a1-a18a-c98dd0c618c5,765,ES,0.32460732984293195,0.2931937172774869,0.3992146596858639,0.25785340314136124,0.33638743455497383,0.3494764397905759,0.3036649214659686,0.3023560209424084,0.31544502617801046,0.2918848167539267
ec1f6f0a-5108-46a1-a18a-c98dd0c618c5,766,ES,0.3241830065359477,0.2928104575163399,0.39869281045751637,0.257516339869281,0.3359477124183007,0.34901960784313724,0.3032679738562091,0.30196078431372547,0.3150326797385621,0.29673202614379085
ec1f6f0a-5108-46a1-a18a-c98dd0c618c5,767,ES,0.3237597911227154,0.2924281984334204,0.3981723237597911,0.25718015665796345,0.33550913838120106,0.34856396866840733,0.3028720626631854,0.30156657963446476,0.3185378590078329,0.2963446475195822
ec1f6f0a-5108-46a1-a18a-c98dd0c618c5,768,ES,0.32333767926988266,0.2920469361147327,0.39765319426336376,0.25684485006518903,0.3350717079530639,0.34810951760104303,0.30247718383311606,0.3011734028683181,0.32333767926988266,0.29595827900912647
ec1f6f0a-5108-46a1-a18a-c98dd0c618c5,769,ES,0.3229166666666667,0.2916666666666667,0.3971354166666667,0.2565104166666667,0.3346354166666667,0.3489583333333333,0.3020833333333333,0.30078125,0.3229166666666667,0.2955729166666667
ec1f6f0a-5108-46a1-a18a-c98dd0c618c5,770,ES,0.3250975292587776,0.29128738621586475,0.3966189856957087,0.25617685305591675,0.3342002600780234,0.34850455136540964,0.3016905071521456,0.30039011703511054,0.32249674902470743,0.2951885565669701
ec1f6f0a-5108-46a1-a18a-c98dd0c618c5,771,ES,0.3246753246753247,0.2909090909090909,0.4038961038961039,0.2558441558441558,0.33376623376623377,0.34805194805194806,0.3012987012987013,0.3,0.3220779220779221,0.2948051948051948
ec1f6f0a-5108-46a1-a18a-c98dd0c618c5,772,ES,0.324254215304799,0.29701686121919585,0.4033722438391699,0.25551232166018156,0.3333333333333333,0.3476005188067445,0.3009079118028534,0.29961089494163423,0.3216601815823606,0.29442282749675747
ec1f6f0a-5108-46a1-a18a-c98dd0c618c5,773,ES,0.3238341968911917,0.2966321243523316,0.4028497409326425,0.2551813471502591,0.3329015544041451,0.3471502590673575,0.3005181347150259,0.29922279792746115,0.32512953367875647,0.29404145077720206
ec1f6f0a-5108-46a1-a18a-c98dd0c618c5,774,ES,0.32341526520051744,0.296248382923674,0.4023285899094437,0.25485122897800777,0.33247089262613194,0.34670116429495473,0.3001293661060802,0.2988357050452781,0.32470892626131953,0.2975420439844761
ec1f6f0a-5108-46a1-a18a-c98dd0c618c5,775,ES,0.32299741602067183,0.2958656330749354,0.4018087855297158,0.25452196382428943,0.33204134366925064,0.3462532299741602,0.2997416020671835,0.3023255813953488,0.3242894056847545,0.2971576227390181
ec1f6f0a-5108-46a1-a18a-c98dd0c618c5,776,ES,0.3225806451612903,0.2954838709677419,0.4064516129032258,0.2541935483870968,0.33161290322580644,0.34580645161290324,0.29935483870967744,0.30193548387096775,0.32387096774193547,0.2967741935483871
ec1f6f0a-5108-46a1-a18a-c98dd0c618c5,777,ES,0.32216494845360827,0.29510309278350516,0.4059278350515464,0.2538659793814433,0.33118556701030927,0.34536082474226804,0.29896907216494845,0.30283505154639173,0.3234536082474227,0.2963917525773196
ec1f6f0a-5108-46a1-a18a-c98dd0c618c5,778,ES,0.32175032175032175,0.2947232947232947,0.40540540540540543,0.25353925353925355,0.3307593307593308,0.34491634491634493,0.2985842985842986,0.30244530244530243,0.3256113256113256,0.296010296010296
ec1f6f0a-5108-46a1-a18a-c98dd0c618c5,779,ES,0.3213367609254499,0.2943444730077121,0.40488431876606684,0.2532133676092545,0.33547557840616965,0.3444730077120823,0.2982005141388175,0.30205655526992287,0.32519280205655526,0.29562982005141386
ec1f6f0a-5108-46a1-a18a-c98dd0c618c5,780,ES,0.3209242618741977,0.2939666238767651,0.40436456996148906,0.25288831835686776,0.33504492939666236,0.34403080872913994,0.29781771501925547,0.3042362002567394,0.3247753530166881,0.2952503209242619
ec1f6f0a-5108-46a1-a18a-c98dd0c618c5,781,ES,0.32051282051282054,0.2935897435897436,0.40384615384615385,0.25256410256410255,0.3346153846153846,0.3435897435897436,0.29743589743589743,0.3038461538461538,0.3269230769230769,0.2948717948717949
ec1f6f0a-5108-46a1-a18a-c98dd0c618c5,782,ES,0.3201024327784891,0.293213828425096,0.4033290653008963,0.2560819462227913,0.33418693982074266,0.34314980793854033,0.2970550576184379,0.3034571062740077,0.3265044814340589,0.29449423815621
ec1f6f0a-5108-46a1-a18a-c98dd0c618c5,783,ES,0.319693094629156,0.2928388746803069,0.4040920716112532,0.2557544757033248,0.3337595907928389,0.34271099744245526,0.2966751918158568,0.3030690537084399,0.32608695652173914,0.29411764705882354
ec1f6f0a-5108-46a1-a18a-c98dd0c618c5,784,ES,0.31928480204342274,0.29246487867177523,0.40357598978288634,0.2554278416347382,0.3333333333333333,0.34227330779054915,0.29757343550446996,0.30268199233716475,0.32567049808429116,0.2937420178799489
ec1f6f0a-5108-46a1-a18a-c98dd0c618c5,785,ES,0.31887755102040816,0.29209183673469385,0.4030612244897959,0.25510204081632654,0.33290816326530615,0.34183673469387754,0.2971938775510204,0.3022959183673469,0.33163265306122447,0.29336734693877553
ec1f6f0a-5108-46a1-a18a-c98dd0c618c5,786,ES,0.3184713375796178,0.2917197452229299,0.40254777070063696,0.25477707006369427,0.332484076433121,0.3414012738853503,0.29936305732484075,0.3019108280254777,0.33121019108280253,0.2929936305732484
ec1f6f0a-5108-46a1-a18a-c98dd0c618c5,787,ES,0.31806615776081426,0.2913486005089059,0.4020356234096692,0.2544529262086514,0.3320610687022901,0.34096692111959287,0.2989821882951654,0.3015267175572519,0.33078880407124683,0.2964376590330789
ec1f6f0a-5108-46a1-a18a-c98dd0c618c5,788,ES,0.3176620076238882,0.2909783989834816,0.40152477763659467,0.25412960609911056,0.33163913595933925,0.3418043202033037,0.29860228716645487,0.301143583227446,0.3303684879288437,0.2960609911054638
ec1f6f0a-5108-46a1-a18a-c98dd0c618c5,789,ES,0.31725888324873097,0.2906091370558376,0.4010152284263959,0.25380710659898476,0.33121827411167515,0.3413705583756345,0.2982233502538071,0.30076142131979694,0.3299492385786802,0.2969543147208122
ec1f6f0a-5108-46a1-a18a-c98dd0c618c5,790,ES,0.31685678073510776,0.2902408111533587,0.4005069708491762,0.2534854245880862,0.33460076045627374,0.3409378960709759,0.29784537389100124,0.30038022813688214,0.32953105196451205,0.2965779467680608
ec1f6f0a-5108-46a1-a18a-c98dd0c618c5,791,ES,0.31645569620253167,0.289873417721519,0.4,0.25316455696202533,0.3341772151898734,0.34177215189873417,0.2974683544303797,0.3,0.3291139240506329,0.29620253164556964
ec1f6f0a-5108-46a1-a18a-c98dd0c618c5,792,ES,0.31605562579013907,0.2895069532237674,0.3994943109987358,0.2528445006321112,0.33375474083438683,0.3413400758533502,0.30214917825537296,0.2996207332490518,0.32869785082174463,0.29582806573957016
ec1f6f0a-5108-46a1-a18a-c98dd0c618c5,793,ES,0.32323232323232326,0.28914141414141414,0.398989898989899,0.25252525252525254,0.3333333333333333,0.3409090909090909,0.30176767676767674,0.29924242424242425,0.3282828282828283,0.29545454545454547
ec1f6f0a-5108-46a1-a18a-c98dd0c618c5,794,ES,0.3228247162673392,0.28877679697351827,0.39848675914249687,0.25851197982345525,0.3329129886506936,0.34047919293820933,0.30138713745271123,0.2988650693568726,0.32786885245901637,0.29508196721311475
ec1f6f0a-5108-46a1-a18a-c98dd0c618c5,795,ES,0.3224181360201511,0.2884130982367758,0.3979848866498741,0.25818639798488663,0.3350125944584383,0.34005037783375314,0.30100755667506296,0.29848866498740556,0.327455919395466,0.2947103274559194
ec1f6f0a-5108-46a1-a18a-c98dd0c618c5,796,ES,0.3220125786163522,0.2880503144654088,0.39748427672955977,0.2578616352201258,0.34088050314465407,0.33962264150943394,0.30062893081761005,0.2981132075471698,0.3270440251572327,0.2943396226415094
ec1f6f0a-5108-46a1-a18a-c98dd0c618c5,797,ES,0.32160804020100503,0.2876884422110553,0.3969849246231156,0.25753768844221103,0.34045226130653267,0.3391959798994975,0.30025125628140703,0.29773869346733667,0.33040201005025127,0.29396984924623115
ec1f6f0a-5108-46a1-a18a-c98dd0c618c5,798,ES,0.3212045169385194,0.28732747804265996,0.39648682559598497,0.2572145545796738,0.34002509410288584,0.33877038895859474,0.2998745294855709,0.2973651191969887,0.3312421580928482,0.2936010037641154
ec1f6f0a-5108-46a1-a18a-c98dd0c618c5,799,ES,0.3208020050125313,0.2869674185463659,0.39598997493734334,0.2568922305764411,0.33959899749373434,0.3383458646616541,0.29949874686716793,0.29699248120300753,0.3308270676691729,0.29699248120300753
ec1f6f0a-5108-46a1-a18a-c98dd0c618c5,800,ES,0.32040050062578224,0.28660826032540676,0.3954943679599499,0.2565707133917397,0.344180225281602,0.3379224030037547,0.29912390488110135,0.29662077596996245,0.3304130162703379,0.29662077596996245
ec1f6f0a-5108-46a1-a18a-c98dd0c618c5,801,ES,0.32,0.28625,0.395,0.25625,0.34375,0.34125,0.29875,0.29625,0.33,0.29625
ec1f6f0a-5108-46a1-a18a-c98dd0c618c5,802,ES,0.3196004993757803,0.2858926342072409,0.3945068664169788,0.25593008739076156,0.3433208489388265,0.3445692883895131,0.2983770287141074,0.2958801498127341,0.3295880149812734,0.2958801498127341
ec1f6f0a-5108-46a1-a18a-c98dd0c618c5,803,ES,0.3192019950124688,0.29052369077306733,0.3940149625935162,0.25561097256857856,0.3428927680798005,0.34413965087281795,0.29800498753117205,0.2955112219451372,0.32917705735660846,0.2955112219451372
ec1f6f0a-5108-46a1-a18a-c98dd0c618c5,804,ES,0.31880448318804483,0.2901618929016189,0.39352428393524286,0.25529265255292655,0.3437110834371108,0.3437110834371108,0.29763387297633875,0.29514321295143214,0.3287671232876712,0.29514321295143214
ec1f6f0a-5108-46a1-a18a-c98dd0c618c5,805,ES,0.31840796019900497,0.2898009950248756,0.39303482587064675,0.25497512437810943,0.34328358208955223,0.34328358208955223,0.2972636815920398,0.2947761194029851,0.3283582089552239,0.2960199004975124
ec1f6f0a-5108-46a1-a18a-c98dd0c618c5,806,ES,0.31801242236024846,0.2894409937888199,0.39254658385093166,0.2546583850931677,0.34285714285714286,0.34285714285714286,0.2968944099378882,0.29440993788819875,0.3279503105590062,0.2993788819875776
ec1f6f0a-5108-46a1-a18a-c98dd0c618c5,807,ES,0.3213399503722084,0.2890818858560794,0.3920595533498759,0.2543424317617866,0.3424317617866005,0.3424317617866005,0.29652605459057074,0.29404466501240695,0.32754342431761785,0.2990074441687345
ec1f6f0a-5108-46a1-a18a-c98dd0c618c5,808,ES,0.32094175960346966,0.28872366790582404,0.3915737298636927,0.2540272614622057,0.3420074349442379,0.3420074349442379,0.29615861214374223,0.2936802973977695,0.3271375464684015,0.29987608426270135
ec1f6f0a-5108-46a1-a18a-c98dd0c618c5,809,ES,0.32054455445544555,0.28836633663366334,0.3910891089108911,0.2537128712871287,0.34405940594059403,0.3415841584158416,0.2957920792079208,0.2933168316831683,0.32673267326732675,0.2995049504950495
ec1f6f0a-5108-46a1-a18a-c98dd0c618c5,810,ES,0.32014833127317677,0.2880098887515451,0.39060568603213847,0.25339925834363414,0.34363411619283063,0.3411619283065513,0.2954264524103832,0.29295426452410384,0.3263288009888752,0.30407911001236093
ec1f6f0a-5108-46a1-a18a-c98dd0c618c5,811,ES,0.3197530864197531,0.29259259259259257,0.39012345679012345,0.25308641975308643,0.3432098765432099,0.34074074074074073,0.29506172839506173,0.29259259259259257,0.32592592592592595,0.3037037037037037
ec1f6f0a-5108-46a1-a18a-c98dd0c618c5,812,ES,0.3193588162762022,0.2922318125770654,0.38964241676942046,0.2527743526510481,0.34525277435265106,0.3403205918618989,0.29469790382244143,0.2922318125770654,0.32552404438964244,0.3033292231812577
ec1f6f0a-5108-46a1-a18a-c98dd0c618c5,813,ES,0.31896551724137934,0.291871921182266,0.3891625615763547,0.25738916256157635,0.3448275862068966,0.3399014778325123,0.29433497536945813,0.291871921182266,0.3251231527093596,0.30295566502463056
ec1f6f0a-5108-46a1-a18a-c98dd0c618c5,814,ES,0.31857318573185733,0.2915129151291513,0.3886838868388684,0.2570725707257073,0.34440344403444034,0.34317343173431736,0.2939729397293973,0.2915129151291513,0.3247232472324723,0.3025830258302583
ec1f6f0a-5108-46a1-a18a-c98dd0c618c5,815,ES,0.3181818181818182,0.29115479115479115,0.3882063882063882,0.25675675675675674,0.35135135135135137,0.34275184275184273,0.2936117936117936,0.29115479115479115,0.32432432432432434,0.3022113022113022
ec1f6f0a-5108-46a1-a18a-c98dd0c618c5,816,ES,0.3177914110429448,0.2907975460122699,0.38773006134969323,0.26012269938650306,0.350920245398773,0.3423312883435583,0.29325153374233126,0.2907975460122699,0.3239263803680982,0.301840490797546
ec1f6f0a-5108-46a1-a18a-c98dd0c618c5,817,ES,0.3174019607843137,0.29044117647058826,0.3872549019607843,0.25980392156862747,0.35049019607843135,0.34558823529411764,0.2928921568627451,0.29044117647058826,0.3235294117647059,0.3014705882352941
ec1f6f0a-5108-46a1-a18a-c98dd0c618c5,818,ES,0.31701346389228885,0.29008567931456547,0.386780905752754,0.2594859241126071,0.35495716034271724,0.34516523867809057,0.29253365973072215,0.29008567931456547,0.32313341493268055,0.3011015911872705
ec1f6f0a-5108-46a1-a18a-c98dd0c618c5,819,ES,0.31662591687041564,0.28973105134474325,0.3863080684596577,0.2591687041564792,0.3594132029339853,0.34474327628361856,0.2921760391198044,0.28973105134474325,0.32273838630806845,0.30073349633251834
ec1f6f0a-5108-46a1-a18a-c98dd0c618c5,820,ES,0.3162393162393162,0.2893772893772894,0.38583638583638585,0.2588522588522589,0.358974358974359,0.3443223443223443,0.29181929181929184,0.2893772893772894,0.3247863247863248,0.30036630036630035
ec1f6f0a-5108-46a1-a18a-c98dd0c618c5,821,ES,0.31585365853658537,0.2890243902439024,0.3853658536585366,0.25853658536585367,0.3621951219512195,0.3439024390243902,0.2914634146341463,0.2890243902439024,0.32439024390243903,0.3
ec1f6f0a-5108-46a1-a18a-c98dd0c618c5,822,ES,0.315468940316687,0.292326431181486,0.3848964677222899,0.2582216808769793,0.3617539585870889,0.34348355663824603,0.2911084043848965,0.28867235079171744,0.32399512789281365,0.29963459196102316
ec1f6f0a-5108-46a1-a18a-c98dd0c618c5,823,ES,0.3150851581508516,0.291970802919708,0.38929440389294406,0.25790754257907544,0.3613138686131387,0.34306569343065696,0.29075425790754256,0.28832116788321166,0.3236009732360097,0.29927007299270075
ec1f6f0a-5108-46a1-a18a-c98dd0c618c5,824,ES,0.31470230862697446,0.2916160388821385,0.3888213851761847,0.25759416767922233,0.36330498177399756,0.34264884568651277,0.29040097205346294,0.28797083839611176,0.32320777642770354,0.29890643985419196
ec1f6f0a-5108-46a1-a18a-c98dd0c618c5,825,ES,0.3143203883495146,0.2912621359223301,0.3883495145631068,0.25728155339805825,0.3628640776699029,0.3422330097087379,0.29004854368932037,0.2924757281553398,0.32281553398058255,0.29854368932038833
ec1f6f0a-5108-46a1-a18a-c98dd0c618c5,826,ES,0.31393939393939396,0.29454545454545455,0.3878787878787879,0.25696969696969696,0.3624242424242424,0.3418181818181818,0.2896969696969697,0.2921212121212121,0.32242424242424245,0.29818181818181816
ec1f6f0a-5108-46a1-a18a-c98dd0c618c5,827,ES,0.3135593220338983,0.29418886198547217,0.387409200968523,0.2602905569007264,0.3619854721549637,0.3414043583535109,0.28934624697336564,0.2917675544794189,0.3220338983050847,0.29782082324455206
ec1f6f0a-5108-46a1-a18a-c98dd0c618c5,828,ES,0.313180169286578,0.29383313180169285,0.38694074969770254,0.2599758162031439,0.3615477629987908,0.34099153567110035,0.2889963724304716,0.2950423216444982,0.3216444981862152,0.2974607013301088
ec1f6f0a-5108-46a1-a18a-c98dd0c618c5,829,ES,0.31280193236714976,0.29347826086956524,0.3864734299516908,0.25966183574879226,0.3611111111111111,0.34057971014492755,0.29589371980676327,0.2946859903381642,0.321256038647343,0.2971014492753623
ec1f6f0a-5108-46a1-a18a-c98dd0c618c5,830,ES,0.31242460796139926,0.293124246079614,0.38600723763570566,0.25934861278648974,0.3606755126658625,0.3401688781664656,0.30156815440289503,0.2943305186972256,0.3208685162846803,0.29674306393244876
ec1f6f0a-5108-46a1-a18a-c98dd0c618c5,831,ES,0.31204819277108437,0.2927710843373494,0.3891566265060241,0.25903614457831325,0.3602409638554217,0.3397590361445783,0.30120481927710846,0.29397590361445786,0.3204819277108434,0.2963855421686747
ec1f6f0a-5108-46a1-a18a-c98dd0c618c5,832,ES,0.31167268351383876,0.2924187725631769,0.38868832731648617,0.25872442839951865,0.35980746089049337,0.34296028880866425,0.3008423586040915,0.29362214199759323,0.3200962695547533,0.296028880866426
ec1f6f0a-5108-46a1-a18a-c98dd0c618c5,833,ES,0.3112980769230769,0.2920673076923077,0.38822115384615385,0.25841346153846156,0.359375,0.3425480769230769,0.30649038461538464,0.2932692307692308,0.31971153846153844,0.2956730769230769
ec1f6f0a-5108-46a1-a18a-c98dd0c618c5,834,ES,0.31092436974789917,0.2917166866746699,0.3877551020408163,0.2617046818727491,0.3589435774309724,0.34213685474189676,0.30612244897959184,0.2929171668667467,0.31932773109243695,0.29531812725090034
ec1f6f0a-5108-46a1-a18a-c98dd0c618c5,835,ES,0.3105515587529976,0.29136690647482016,0.3872901678657074,0.26139088729016785,0.35851318944844124,0.34292565947242204,0.3057553956834532,0.29256594724220625,0.31894484412470026,0.2949640287769784
ec1f6f0a-5108-46a1-a18a-c98dd0c618c5,836,ES,0.31017964071856285,0.29101796407185626,0.38682634730538923,0.26107784431137726,0.35808383233532937,0.34251497005988024,0.30538922155688625,0.2970059880239521,0.318562874251497,0.2946107784431138
ec1f6f0a-5108-46a1-a18a-c98dd0c618c5,837,ES,0.30980861244019137,0.29066985645933013,0.38636363636363635,0.2607655502392344,0.3576555023923445,0.34210526315789475,0.31220095693779903,0.2966507177033493,0.3181818181818182,0.2942583732057416
ec1f6f0a-5108-46a1-a18a-c98dd0c618c5,838,ES,0.3094384707287933,0.2903225806451613,0.3859020310633214,0.26045400238948624,0.36200716845878134,0.34169653524492233,0.3118279569892473,0.2962962962962963,0.31780167264038234,0.2939068100358423
ec1f6f0a-5108-46a1-a18a-c98dd0c618c5,839,ES,0.30906921241050117,0.28997613365155134,0.38782816229116945,0.26014319809069214,0.3615751789976134,0.3412887828162291,0.31145584725536996,0.29594272076372313,0.31742243436754175,0.2935560859188544
ec1f6f0a-5108-46a1-a18a-c98dd0c618c5,840,ES,0.30870083432657924,0.2896305125148987,0.3873659117997616,0.2598331346841478,0.36114421930870083,0.3432657926102503,0.3110846245530393,0.29558998808104886,0.3170441001191895,0.2932061978545888
ec1f6f0a-5108-46a1-a18a-c98dd0c618c5,841,ES,0.30833333333333335,0.2892857142857143,0.3869047619047619,0.2619047619047619,0.3607142857142857,0.34285714285714286,0.3107142857142857,0.29523809523809524,0.31666666666666665,0.29285714285714287
ec1f6f0a-5108-46a1-a18a-c98dd0c618c5,842,ES,0.3079667063020214,0.29369797859690844,0.3864447086801427,0.2615933412604043,0.36028537455410226,0.34244946492271106,0.3103448275862069,0.29488703923900117,0.3162901307966706,0.2925089179548157
ec1f6f0a-5108-46a1-a18a-c98dd0c618c5,843,ES,0.30760095011876487,0.29691211401425177,0.3859857482185273,0.26128266033254155,0.35985748218527314,0.342042755344418,0.30997624703087884,0.29453681710213775,0.3159144893111639,0.2921615201900237
ec1f6f0a-5108-46a1-a18a-c98dd0c618c5,844,ES,0.31198102016607354,0.29655990510083036,0.38552787663107946,0.2609727164887307,0.3594306049822064,0.3416370106761566,0.3096085409252669,0.2941874258600237,0.3155397390272835,0.2918149466192171
ec1f6f0a-5108-46a1-a18a-c98dd0c618c5,845,ES,0.31161137440758296,0.2962085308056872,0.38507109004739337,0.26066350710900477,0.36255924170616116,0.3412322274881517,0.30924170616113744,0.2938388625592417,0.31516587677725116,0.2914691943127962
ec1f6f0a-5108-46a1-a18a-c98dd0c618c5,846,ES,0.31124260355029587,0.2958579881656805,0.38461538461538464,0.2603550295857988,0.3621301775147929,0.3408284023668639,0.3088757396449704,0.293491124260355,0.31952662721893493,0.2911242603550296
ec1f6f0a-5108-46a1-a18a-c98dd0c618c5,847,ES,0.3108747044917258,0.29550827423167847,0.3888888888888889,0.26004728132387706,0.3617021276595745,0.3404255319148936,0.30851063829787234,0.29314420803782504,0.3191489361702128,0.2907801418439716
ec1f6f0a-5108-46a1-a18a-c98dd0c618c5,848,ES,0.3152302243211334,0.29515938606847697,0.3884297520661157,0.2597402597402597,0.3612750885478158,0.3400236127508855,0.30814639905548996,0.29279811097992914,0.3187721369539551,0.29043683589138136
ec1f6f0a-5108-46a1-a18a-c98dd0c618c5,849,ES,0.31485849056603776,0.294811320754717,0.38797169811320753,0.25943396226415094,0.3608490566037736,0.33962264150943394,0.3125,0.29245283018867924,0.31839622641509435,0.29009433962264153
ec1f6f0a-5108-46a1-a18a-c98dd0c618c5,850,ES,0.31448763250883394,0.2944640753828033,0.3875147232037691,0.2591283863368669,0.36042402826855124,0.3392226148409894,0.3121319199057715,0.2956419316843345,0.31802120141342755,0.28975265017667845
ec1f6f0a-5108-46a1-a18a-c98dd0c618c5,851,ES,0.31411764705882356,0.29411764705882354,0.3870588235294118,0.25882352941176473,0.36,0.3388235294117647,0.31529411764705884,0.2952941176470588,0.3176470588235294,0.28941176470588237
ec1f6f0a-5108-46a1-a18a-c98dd0c618c5,852,ES,0.3137485311398355,0.2937720329024677,0.3889541715628672,0.25851938895417154,0.3595769682726204,0.3384253819036428,0.31492361927144535,0.29494712103407755,0.3172737955346651,0.2890716803760282
ec1f6f0a-5108-46a1-a18a-c98dd0c618c5,853,ES,0.31338028169014087,0.2934272300469484,0.3884976525821596,0.25821596244131456,0.3591549295774648,0.3415492957746479,0.3145539906103286,0.29460093896713613,0.31690140845070425,0.2887323943661972
ec1f6f0a-5108-46a1-a18a-c98dd0c618c5,854,ES,0.3130128956623681,0.29308323563892147,0.388042203985932,0.25791324736225085,0.35873388042203985,0.34114888628370454,0.3141852286049238,0.29425556858147717,0.31652989449003516,0.29425556858147717
ec1f6f0a-5108-46a1-a18a-c98dd0c618c5,855,ES,0.3126463700234192,0.2927400468384075,0.3875878220140515,0.2576112412177986,0.3583138173302108,0.3407494145199063,0.31381733021077285,0.297423887587822,0.3161592505854801,0.2939110070257611
ec1f6f0a-5108-46a1-a18a-c98dd0c618c5,856,ES,0.3157894736842105,0.29239766081871343,0.3871345029239766,0.2573099415204678,0.35789473684210527,0.34035087719298246,0.3134502923976608,0.2970760233918129,0.3157894736842105,0.2935672514619883
ec1f6f0a-5108-46a1-a18a-c98dd0c618c5,857,ES,0.31542056074766356,0.29205607476635514,0.3866822429906542,0.2570093457943925,0.3621495327102804,0.3399532710280374,0.3130841121495327,0.2967289719626168,0.31542056074766356,0.2932242990654206
ec1f6f0a-5108-46a1-a18a-c98dd0c618c5,858,ES,0.31505250875145857,0.29171528588098017,0.3885647607934656,0.25670945157526254,0.3617269544924154,0.3395565927654609,0.31271878646441076,0.29638273045507585,0.31505250875145857,0.2928821470245041
ec1f6f0a-5108-46a1-a18a-c98dd0c618c5,859,ES,0.3146853146853147,0.29836829836829837,0.3881118881118881,0.2564102564102564,0.3613053613053613,0.33916083916083917,0.3123543123543124,0.29603729603729606,0.3146853146853147,0.2925407925407925
ec1f6f0a-5108-46a1-a18a-c98dd0c618c5,860,ES,0.31431897555296856,0.3050058207217695,0.38766006984866125,0.2561117578579744,0.3608847497089639,0.33876600698486614,0.3119906868451688,0.2956926658905704,0.31431897555296856,0.29220023282887075
ec1f6f0a-5108-46a1-a18a-c98dd0c618c5,861,ES,0.313953488372093,0.30465116279069765,0.3872093023255814,0.2593023255813954,0.36046511627906974,0.3383720930232558,0.3116279069767442,0.29534883720930233,0.313953488372093,0.29186046511627906
ec1f6f0a-5108-46a1-a18a-c98dd0c618c5,862,ES,0.313588850174216,0.3042973286875726,0.3867595818815331,0.2590011614401858,0.3600464576074332,0.33797909407665505,0.31126596980255516,0.29500580720092917,0.313588850174216,0.2938443670150987
ec1f6f0a-5108-46a1-a18a-c98dd0c618c5,863,ES,0.31322505800464034,0.3039443155452436,0.3863109048723898,0.25870069605568446,0.3619489559164733,0.3375870069605568,0.3109048723897912,0.29466357308584684,0.31322505800464034,0.29350348027842227
ec1f6f0a-5108-46a1-a18a-c98dd0c618c5,864,ES,0.3128621089223638,0.30359212050984935,0.3858632676709154,0.25840092699884126,0.36616454229432216,0.33719582850521435,0.3105446118192352,0.2943221320973349,0.3128621089223638,0.2931633835457706
ec1f6f0a-5108-46a1-a18a-c98dd0c618c5,865,ES,0.3125,0.30324074074074076,0.3854166666666667,0.25810185185185186,0.36574074074074076,0.3368055555555556,0.3101851851851852,0.29398148148148145,0.3125,0.29282407407407407
ec1f6f0a-5108-46a1-a18a-c98dd0c618c5,866,ES,0.31213872832369943,0.30289017341040464,0.38497109826589593,0.25780346820809247,0.3722543352601156,0.33641618497109826,0.30982658959537573,0.29364161849710985,0.31213872832369943,0.292485549132948
ec1f6f0a-5108-46a1-a18a-c98dd0c618c5,867,ES,0.3140877598152425,0.302540415704388,0.384526558891455,0.2575057736720554,0.371824480369515,0.33602771362586603,0.3094688221709007,0.29330254041570436,0.3117782909930716,0.2921478060046189
ec1f6f0a-5108-46a1-a18a-c98dd0c618c5,868,ES,0.3137254901960784,0.3021914648212226,0.38408304498269896,0.25720876585928487,0.37139561707035756,0.3356401384083045,0.3091118800461361,0.2964244521337947,0.31141868512110726,0.2918108419838524
ec1f6f0a-5108-46a1-a18a-c98dd0c618c5,869,ES,0.31336405529953915,0.3052995391705069,0.3836405529953917,0.2569124423963134,0.3709677419354839,0.3352534562211982,0.3087557603686636,0.2960829493087558,0.31105990783410137,0.29147465437788017
ec1f6f0a-5108-46a1-a18a-c98dd0c618c5,870,ES,0.3130034522439586,0.3049482163406214,0.383199079401611,0.2566168009205984,0.3705408515535098,0.3394706559263521,0.3084004602991945,0.2957422324510932,0.31070195627157654,0.2911392405063291
ec1f6f0a-5108-46a1-a18a-c98dd0c618c5,871,ES,0.31264367816091954,0.3045977011494253,0.3873563218390805,0.25632183908045975,0.3701149425287356,0.3390804597701149,0.3080459770114943,0.29540229885057473,0.3103448275862069,0.2908045977011494
ec1f6f0a-5108-46a1-a18a-c98dd0c618c5,872,ES,0.31228473019517794,0.30424799081515497,0.3869115958668197,0.25602755453501724,0.36969001148105624,0.338691159586682,0.3076923076923077,0.29850746268656714,0.3099885189437428,0.2904707233065442
ec1f6f0a-5108-46a1-a18a-c98dd0c618c5,873,ES,0.3119266055045872,0.3038990825688073,0.38646788990825687,0.25573394495412843,0.37155963302752293,0.338302752293578,0.3073394495412844,0.2981651376146789,0.30963302752293576,0.2901376146788991
ec1f6f0a-5108-46a1-a18a-c98dd0c618c5,874,ES,0.3115693012600229,0.3035509736540664,0.38602520045819017,0.2554410080183276,0.3711340206185567,0.33791523482245134,0.30698739977090495,0.29782359679266895,0.30927835051546393,0.290950744558992
ec1f6f0a-5108-46a1-a18a-c98dd0c618c5,875,ES,0.3112128146453089,0.30320366132723114,0.3878718535469107,0.2551487414187643,0.3707093821510298,0.33752860411899316,0.30663615560640733,0.2974828375286041,0.30892448512585813,0.2906178489702517
ec1f6f0a-5108-46a1-a18a-c98dd0c618c5,876,ES,0.31085714285714283,0.3028571428571429,0.38742857142857146,0.25485714285714284,0.3702857142857143,0.33714285714285713,0.3062857142857143,0.29942857142857143,0.30857142857142855,0.29028571428571426
ec1f6f0a-5108-46a1-a18a-c98dd0c618c5,877,ES,0.3105022831050228,0.3025114155251142,0.3904109589041096,0.2545662100456621,0.3698630136986301,0.3367579908675799,0.3059360730593607,0.2990867579908676,0.3082191780821918,0.2899543378995434
ec1f6f0a-5108-46a1-a18a-c98dd0c618c5,878,ES,0.31014823261117447,0.30216647662485746,0.3899657924743444,0.2576966932725199,0.3694412770809578,0.3363740022805017,0.3055872291904219,0.29874572405929306,0.30786773090079816,0.2896237172177879
ec1f6f0a-5108-46a1-a18a-c98dd0c618c5,879,ES,0.3097949886104784,0.30637813211845105,0.3895216400911162,0.25740318906605925,0.3690205011389522,0.3359908883826879,0.3052391799544419,0.2984054669703872,0.30751708428246016,0.28929384965831434
ec1f6f0a-5108-46a1-a18a-c98dd0c618c5,880,ES,0.3094425483503982,0.30602957906712175,0.3890784982935154,0.2571103526734926,0.36860068259385664,0.33560864618885095,0.3094425483503982,0.29806598407281,0.30716723549488056,0.28896473265073946
ec1f6f0a-5108-46a1-a18a-c98dd0c618c5,881,ES,0.3159090909090909,0.30568181818181817,0.3886363636363636,0.25681818181818183,0.36818181818181817,0.3352272727272727,0.3090909090909091,0.29772727272727273,0.3068181818181818,0.28863636363636364
ec1f6f0a-5108-46a1-a18a-c98dd0c618c5,882,ES,0.3155505107832009,0.30533484676503975,0.38819523269012485,0.2565266742338252,0.3677639046538025,0.3348467650397276,0.31214528944381387,0.2973893303064699,0.3064699205448354,0.2883087400681044
ec1f6f0a-5108-46a1-a18a-c98dd0c618c5,883,ES,0.31519274376417233,0.30498866213151926,0.3888888888888889,0.2562358276643991,0.3673469387755102,0.3344671201814059,0.31179138321995464,0.29705215419501135,0.30612244897959184,0.28798185941043086
ec1f6f0a-5108-46a1-a18a-c98dd0c618c5,884,ES,0.31483578708946774,0.304643261608154,0.3884484711211778,0.2559456398640997,0.3669309173272933,0.33408833522083803,0.31370328425821065,0.29671574178935445,0.3057757644394111,0.2876557191392978
ec1f6f0a-5108-46a1-a18a-c98dd0c618c5,885,ES,0.31447963800904977,0.3042986425339366,0.38800904977375567,0.25565610859728505,0.36877828054298645,0.333710407239819,0.31334841628959276,0.29638009049773756,0.3054298642533937,0.2873303167420814
ec1f6f0a-5108-46a1-a18a-c98dd0c618c5,886,ES,0.31412429378531076,0.303954802259887,0.38757062146892657,0.25536723163841807,0.3706214689265537,0.3333333333333333,0.3129943502824859,0.296045197740113,0.3050847457627119,0.28700564971751413
ec1f6f0a-5108-46a1-a18a-c98dd0c618c5,887,ES,0.31376975169300225,0.3036117381489842,0.3871331828442438,0.25733634311512416,0.37020316027088035,0.3329571106094808,0.3126410835214447,0.29571106094808125,0.3047404063205418,0.2866817155756208
ec1f6f0a-5108-46a1-a18a-c98dd0c618c5,888,ES,0.3134160090191657,0.3032694475760992,0.38669673055242393,0.2570462232243517,0.3765501691093574,0.33258173618940245,0.31228861330326946,0.29537767756482525,0.3043968432919955,0.28635851183765504
ec1f6f0a-5108-46a1-a18a-c98dd0c618c5,889,ES,0.3130630630630631,0.30292792792792794,0.38626126126126126,0.25675675675675674,0.3761261261261261,0.3322072072072072,0.3119369369369369,0.29504504504504503,0.30405405405405406,0.2905405405405405
ec1f6f0a-5108-46a1-a18a-c98dd0c618c5,890,ES,0.312710911136108,0.3059617547806524,0.3858267716535433,0.25646794150731156,0.37570303712035996,0.33183352080989875,0.31158605174353204,0.29471316085489313,0.30371203599550056,0.29021372328458944
ec1f6f0a-5108-46a1-a18a-c98dd0c618c5,891,ES,0.31235955056179776,0.3056179775280899,0.3853932584269663,0.25617977528089886,0.3752808988764045,0.33146067415730335,0.31573033707865167,0.2943820224719101,0.30337078651685395,0.2898876404494382
ec1f6f0a-5108-46a1-a18a-c98dd0c618c5,892,ES,0.31200897867564537,0.3052749719416386,0.38496071829405165,0.2558922558922559,0.37485970819304154,0.33108866442199775,0.3153759820426487,0.2940516273849607,0.30303030303030304,0.2951739618406285
ec1f6f0a-5108-46a1-a18a-c98dd0c618c5,893,ES,0.3116591928251121,0.30493273542600896,0.3845291479820628,0.2556053811659193,0.3744394618834081,0.3307174887892377,0.3150224215246637,0.2937219730941704,0.30269058295964124,0.29596412556053814
ec1f6f0a-5108-46a1-a18a-c98dd0c618c5,894,ES,0.3113101903695409,0.3045912653975364,0.3840985442329227,0.2553191489361702,0.374020156774916,0.3370660694288914,0.3146696528555431,0.2933930571108623,0.3023516237402016,0.2956326987681971
ec1f6f0a-5108-46a1-a18a-c98dd0c618c5,895,ES,0.31096196868008946,0.3042505592841163,0.383668903803132,0.2550335570469799,0.37360178970917224,0.3366890380313199,0.3143176733780761,0.2930648769574944,0.30201342281879195,0.2953020134228188
ec1f6f0a-5108-46a1-a18a-c98dd0c618c5,896,ES,0.3106145251396648,0.3039106145251397,0.38324022346368714,0.2547486033519553,0.37318435754189944,0.3407821229050279,0.3139664804469274,0.2927374301675978,0.3016759776536313,0.29497206703910617
ec1f6f0a-5108-46a1-a18a-c98dd0c618c5,897,ES,0.31138392857142855,0.30357142857142855,0.3828125,0.2544642857142857,0.37276785714285715,0.3404017857142857,0.31361607142857145,0.2924107142857143,0.3013392857142857,0.29464285714285715
ec1f6f0a-5108-46a1-a18a-c98dd0c618c5,898,ES,0.3110367892976589,0.3032329988851728,0.38238573021181715,0.25418060200668896,0.37235228539576365,0.34002229654403565,0.3132664437012263,0.2976588628762542,0.3010033444816054,0.29431438127090304
ec1f6f0a-5108-46a1-a18a-c98dd0c618c5,899,ES,0.3106904231625835,0.3028953229398664,0.3819599109131403,0.2594654788418708,0.37193763919821826,0.33964365256124723,0.3129175946547884,0.2973273942093541,0.30066815144766146,0.29398663697104677
ec1f6f0a-5108-46a1-a18a-c98dd0c618c5,900,ES,0.3103448275862069,0.3025583982202447,0.38153503893214685,0.2625139043381535,0.371523915461624,0.339265850945495,0.3125695216907675,0.29699666295884314,0.3003337041156841,0.2936596218020022
ec1f6f0a-5108-46a1-a18a-c98dd0c618c5,901,ES,0.31,0.3022222222222222,0.3811111111111111,0.26222222222222225,0.3711111111111111,0.3388888888888889,0.31222222222222223,0.2966666666666667,0.3,0.29333333333333333
ec1f6f0a-5108-46a1-a18a-c98dd0c618c5,902,ES,0.30965593784683687,0.3018867924528302,0.3806881243063263,0.2619311875693674,0.3706992230854606,0.33851276359600446,0.3118756936736959,0.29633740288568255,0.29966703662597116,0.293007769145394
ec1f6f0a-5108-46a1-a18a-c98dd0c618c5,903,ES,0.3093126385809313,0.30155210643015523,0.3802660753880266,0.2616407982261641,0.37028824833702884,0.33813747228381374,0.311529933481153,0.2960088691796009,0.30598669623059865,0.2926829268292683
ec1f6f0a-5108-46a1-a18a-c98dd0c618c5,904,ES,0.3089700996677741,0.301218161683278,0.3798449612403101,0.26135105204872644,0.3698781838316722,0.3377630121816168,0.31118493909191586,0.2956810631229236,0.30564784053156147,0.292358803986711
ec1f6f0a-5108-46a1-a18a-c98dd0c618c5,905,ES,0.3086283185840708,0.3008849557522124,0.37942477876106195,0.2610619469026549,0.3694690265486726,0.33738938053097345,0.31194690265486724,0.29535398230088494,0.3053097345132743,0.2920353982300885
ec1f6f0a-5108-46a1-a18a-c98dd0c618c5,906,ES,0.3082872928176796,0.3005524861878453,0.37900552486187844,0.26077348066298345,0.36906077348066296,0.3370165745856354,0.3116022099447514,0.2950276243093923,0.30497237569060776,0.29171270718232045
ec1f6f0a-5108-46a1-a18a-c98dd0c618c5,907,ES,0.3079470198675497,0.30022075055187636,0.3830022075055188,0.26048565121412803,0.3686534216335541,0.336644591611479,0.31125827814569534,0.2947019867549669,0.304635761589404,0.2913907284768212
ec1f6f0a-5108-46a1-a18a-c98dd0c618c5,908,ES,0.31091510474090406,0.29988974641675853,0.38257993384785005,0.26019845644983464,0.36824696802646084,0.3362734288864388,0.31091510474090406,0.29437706725468576,0.30429988974641675,0.29106945975744214
ec1f6f0a-5108-46a1-a18a-c98dd0c618c5,909,ES,0.31057268722466963,0.29955947136563876,0.38215859030837,0.2599118942731278,0.36784140969163,0.3381057268722467,0.31057268722466963,0.29405286343612336,0.3039647577092511,0.2907488986784141
ec1f6f0a-5108-46a1-a18a-c98dd0c618c5,910,ES,0.3102310231023102,0.2992299229922992,0.38173817381738173,0.25962596259625964,0.36743674367436746,0.3432343234323432,0.3102310231023102,0.29372937293729373,0.30363036303630364,0.29042904290429045
ec1f6f0a-5108-46a1-a18a-c98dd0c618c5,911,ES,0.3098901098901099,0.30439560439560437,0.3813186813186813,0.25934065934065936,0.367032967032967,0.34285714285714286,0.3098901098901099,0.2934065934065934,0.3032967032967033,0.29010989010989013
ec1f6f0a-5108-46a1-a18a-c98dd0c618c5,912,ES,0.30954994511525796,0.3040614709110867,0.3809001097694841,0.2623490669593853,0.36663007683863885,0.3424807903402854,0.30954994511525796,0.29308452250274425,0.3029637760702525,0.2897914379802415
ec1f6f0a-5108-46a1-a18a-c98dd0c618c5,913,ES,0.3125,0.30372807017543857,0.38048245614035087,0.26206140350877194,0.36622807017543857,0.34210526315789475,0.3092105263157895,0.29276315789473684,0.3026315789473684,0.2894736842105263
ec1f6f0a-5108-46a1-a18a-c98dd0c618c5,914,ES,0.312157721796276,0.307776560788609,0.380065717415115,0.2617743702081051,0.3658269441401972,0.3417305585980285,0.3088718510405257,0.29244249726177435,0.3023001095290252,0.2891566265060241
ec1f6f0a-5108-46a1-a18a-c98dd0c618c5,915,ES,0.31181619256017507,0.3074398249452954,0.3796498905908096,0.2614879649890591,0.36980306345733044,0.3413566739606127,0.3085339168490153,0.2921225382932166,0.30196936542669583,0.2888402625820569
ec1f6f0a-5108-46a1-a18a-c98dd0c618c5,916,ES,0.3114754098360656,0.307103825136612,0.37923497267759565,0.2612021857923497,0.3693989071038251,0.3453551912568306,0.3081967213114754,0.29180327868852457,0.3016393442622951,0.28852459016393445
ec1f6f0a-5108-46a1-a18a-c98dd0c618c5,917,ES,0.3111353711790393,0.31004366812227074,0.37882096069869,0.2609170305676856,0.36899563318777295,0.34497816593886466,0.3078602620087336,0.2914847161572052,0.30131004366812225,0.28820960698689957
ec1f6f0a-5108-46a1-a18a-c98dd0c618c5,918,ES,0.3107960741548528,0.30970556161395857,0.37840785169029445,0.2606324972737186,0.3685932388222465,0.3446019629225736,0.3075245365321701,0.29116684841875684,0.302071973827699,0.28789531079607417
ec1f6f0a-5108-46a1-a18a-c98dd0c618c5,919,ES,0.3104575163398693,0.3093681917211329,0.3779956427015251,0.26034858387799564,0.3681917211328976,0.3442265795206972,0.30718954248366015,0.2908496732026144,0.30501089324618735,0.2875816993464052
ec1f6f0a-5108-46a1-a18a-c98dd0c618c5,920,ES,0.3101196953210011,0.30903155603917304,0.37758433079434167,0.2600652883569097,0.36887921653971706,0.3438520130576714,0.3068552774755169,0.29053318824809576,0.30467899891186073,0.28726877040261156
ec1f6f0a-5108-46a1-a18a-c98dd0c618c5,921,ES,0.30978260869565216,0.30869565217391304,0.37717391304347825,0.2597826086956522,0.3684782608695652,0.34347826086956523,0.3065217391304348,0.2902173913043478,0.30869565217391304,0.28695652173913044
ec1f6f0a-5108-46a1-a18a-c98dd0c618c5,922,ES,0.31378935939196523,0.30836047774158526,0.3767643865363735,0.25950054288816504,0.36807817589576547,0.34310532030401736,0.30618892508143325,0.2899022801302932,0.30836047774158526,0.28664495114006516
ec1f6f0a-5108-46a1-a18a-c98dd0c618c5,923,ES,0.31344902386117135,0.3080260303687636,0.37635574837310193,0.2646420824295011,0.3676789587852495,0.34273318872017355,0.30585683297180044,0.289587852494577,0.3080260303687636,0.28633405639913234
ec1f6f0a-5108-46a1-a18a-c98dd0c618c5,924,ES,0.3131094257854821,0.3076923076923077,0.37594799566630555,0.26435536294691225,0.36728060671722645,0.3466955579631636,0.3055254604550379,0.28927410617551463,0.3076923076923077,0.28602383531960995
ec1f6f0a-5108-46a1-a18a-c98dd0c618c5,925,ES,0.31277056277056275,0.30735930735930733,0.37554112554112556,0.26406926406926406,0.36688311688311687,0.3463203463203463,0.3116883116883117,0.288961038961039,0.30735930735930733,0.2857142857142857
ec1f6f0a-5108-46a1-a18a-c98dd0c618c5,926,ES,0.3124324324324324,0.307027027027027,0.37513513513513513,0.2637837837837838,0.36972972972972973,0.34594594594594597,0.31135135135135134,0.28864864864864864,0.307027027027027,0.28540540540540543
ec1f6f0a-5108-46a1-a18a-c98dd0c618c5,927,ES,0.3120950323974082,0.30669546436285094,0.3747300215982721,0.2634989200863931,0.3693304535637149,0.34557235421166305,0.3142548596112311,0.28833693304535635,0.30669546436285094,0.28509719222462204
ec1f6f0a-5108-46a1-a18a-c98dd0c618c5,928,ES,0.31607335490830635,0.3063646170442287,0.3743257820927724,0.2632146709816613,0.36893203883495146,0.3451995685005394,0.313915857605178,0.28802588996763756,0.3063646170442287,0.284789644012945
ec1f6f0a-5108-46a1-a18a-c98dd0c618c5,929,ES,0.31573275862068967,0.30603448275862066,0.3739224137931034,0.2629310344827586,0.36853448275862066,0.3448275862068966,0.3135775862068966,0.29094827586206895,0.30603448275862066,0.28448275862068967
ec1f6f0a-5108-46a1-a18a-c98dd0c618c5,930,ES,0.3153928955866523,0.30570505920344454,0.37351991388589884,0.26264800861141013,0.3681377825618945,0.3444564047362756,0.3132400430570506,0.2906350914962325,0.3078579117330463,0.28417653390742736
ec1f6f0a-5108-46a1-a18a-c98dd0c618c5,931,ES,0.3150537634408602,0.3053763440860215,0.37311827956989246,0.2623655913978495,0.36774193548387096,0.34623655913978496,0.31290322580645163,0.2903225806451613,0.30752688172043013,0.2838709677419355
ec1f6f0a-5108-46a1-a18a-c98dd0c618c5,932,ES,0.3147153598281418,0.3050483351235231,0.3727175080558539,0.2620837808807734,0.3673469387755102,0.3458646616541353,0.3157894736842105,0.2900107411385607,0.3071965628356606,0.28356605800214824
ec1f6f0a-5108-46a1-a18a-c98dd0c618c5,933,ES,0.3143776824034335,0.30472103004291845,0.3723175965665236,0.26394849785407726,0.3669527896995708,0.34549356223175964,0.315450643776824,0.28969957081545067,0.30686695278969955,0.2832618025751073
ec1f6f0a-5108-46a1-a18a-c98dd0c618c5,934,ES,0.3140407288317256,0.30439442658092175,0.37513397642015006,0.26366559485530544,0.3665594855305466,0.34512325830653806,0.31511254019292606,0.28938906752411575,0.3065380493033226,0.2829581993569132
ec1f6f0a-5108-46a1-a18a-c98dd0c618c5,935,ES,0.31370449678800855,0.30406852248394006,0.3747323340471092,0.2633832976445396,0.36616702355460384,0.34475374732334046,0.31798715203426126,0.2890792291220557,0.30620985010706636,0.2826552462526767
ec1f6f0a-5108-46a1-a18a-c98dd0c618c5,936,ES,0.31336898395721924,0.3037433155080214,0.37433155080213903,0.26844919786096255,0.3657754010695187,0.3443850267379679,0.3176470588235294,0.2887700534759358,0.3058823529411765,0.2823529411764706
ec1f6f0a-5108-46a1-a18a-c98dd0c618c5,937,ES,0.31303418803418803,0.3034188034188034,0.37393162393162394,0.26816239316239315,0.3717948717948718,0.344017094017094,0.3173076923076923,0.28846153846153844,0.3055555555555556,0.28205128205128205
ec1f6f0a-5108-46a1-a18a-c98dd0c618c5,938,ES,0.31590181430096054,0.3030949839914621,0.37353255069370334,0.2678762006403415,0.37139807897545357,0.343649946638207,0.31696905016008536,0.288153681963714,0.3052294557097118,0.28175026680896476
ec1f6f0a-5108-46a1-a18a-c98dd0c618c5,939,ES,0.31556503198294245,0.302771855010661,0.373134328358209,0.267590618336887,0.37100213219616207,0.34328358208955223,0.31663113006396587,0.2921108742004264,0.3049040511727079,0.2814498933901919
ec1f6f0a-5108-46a1-a18a-c98dd0c618c5,940,ES,0.3152289669861555,0.30244941427050054,0.37273695420660274,0.2673056443024494,0.3706070287539936,0.34291799787007454,0.32055378061767836,0.29179978700745474,0.3045793397231097,0.28115015974440893
ec1f6f0a-5108-46a1-a18a-c98dd0c618c5,941,ES,0.3148936170212766,0.3021276595744681,0.3723404255319149,0.2670212765957447,0.3702127659574468,0.34361702127659577,0.3202127659574468,0.29148936170212764,0.30425531914893617,0.28085106382978725
ec1f6f0a-5108-46a1-a18a-c98dd0c618c5,942,ES,0.3145589798087141,0.30605738575983,0.37194473963868224,0.2667375132837407,0.3698193411264612,0.3432518597236982,0.3198724760892667,0.2911795961742827,0.30393198724760895,0.28055260361317746
ec1f6f0a-5108-46a1-a18a-c98dd0c618c5,943,ES,0.31422505307855625,0.3057324840764331,0.37154989384288745,0.267515923566879,0.36942675159235666,0.34288747346072185,0.3195329087048832,0.2908704883227176,0.3036093418259023,0.2802547770700637
ec1f6f0a-5108-46a1-a18a-c98dd0c618c5,944,ES,0.3138918345705196,0.3054082714740191,0.3711558854718982,0.2672322375397667,0.36903499469777307,0.3425238600212089,0.31919406150583246,0.29056203605514314,0.30328738069989397,0.2799575821845175
ec1f6f0a-5108-46a1-a18a-c98dd0c618c5,945,ES,0.3135593220338983,0.3050847457627119,0.3707627118644068,0.2669491525423729,0.3686440677966102,0.3421610169491525,0.3230932203389831,0.2902542372881356,0.3029661016949153,0.2796610169491525
ec1f6f0a-5108-46a1-a18a-c98dd0c618c5,946,ES,0.31322751322751324,0.3047619047619048,0.37037037037037035,0.26666666666666666,0.3682539682539683,0.3417989417989418,0.32275132275132273,0.2920634920634921,0.30264550264550266,0.27936507936507937
ec1f6f0a-5108-46a1-a18a-c98dd0c618c5,947,ES,0.3128964059196617,0.3044397463002114,0.3699788583509514,0.266384778012685,0.3678646934460888,0.34143763213530653,0.3287526427061311,0.2917547568710359,0.3023255813953488,0.27906976744186046
ec1f6f0a-5108-46a1-a18a-c98dd0c618c5,948,ES,0.3146779303062302,0.3041182682154171,0.36958817317845827,0.26610348468849,0.36747624076029567,0.34107708553326294,0.32840549102428723,0.2914466737064414,0.3020063357972545,0.2787750791974657
ec1f6f0a-5108-46a1-a18a-c98dd0c618c5,949,ES,0.3143459915611814,0.3037974683544304,0.3691983122362869,0.26582278481012656,0.370253164556962,0.3407172995780591,0.3280590717299578,0.2911392405063291,0.30168776371308015,0.27848101265822783
ec1f6f0a-5108-46a1-a18a-c98dd0c618c5,950,ES,0.31401475237091675,0.303477344573235,0.36880927291886195,0.2655426765015806,0.3698630136986301,0.3403582718651212,0.32771338250790305,0.29610115911485774,0.3013698630136986,0.2781875658587987
ec1f6f0a-5108-46a1-a18a-c98dd0c618c5,951,ES,0.3136842105263158,0.3031578947368421,0.3684210526315789,0.26526315789473687,0.36947368421052634,0.3431578947368421,0.3273684210526316,0.29578947368421055,0.30105263157894735,0.27789473684210525
ec1f6f0a-5108-46a1-a18a-c98dd0c618c5,952,ES,0.31545741324921134,0.3028391167192429,0.36803364879074657,0.26498422712933756,0.36908517350157727,0.34279705573080965,0.3270241850683491,0.29547844374342797,0.3007360672975815,0.277602523659306
ec1f6f0a-5108-46a1-a18a-c98dd0c618c5,953,ES,0.31512605042016806,0.3025210084033613,0.36764705882352944,0.2699579831932773,0.36869747899159666,0.34243697478991597,0.32668067226890757,0.29516806722689076,0.3004201680672269,0.2773109243697479
ec1f6f0a-5108-46a1-a18a-c98dd0c618c5,954,ES,0.3147953830010493,0.30220356768100737,0.37355718782791186,0.2696747114375656,0.3683105981112277,0.34207764952780695,0.32633788037775446,0.29485834207764955,0.3001049317943337,0.2770199370409234
ec1f6f0a-5108-46a1-a18a-c98dd0c618c5,955,ES,0.31446540880503143,0.3018867924528302,0.37631027253668764,0.2693920335429769,0.36792452830188677,0.3417190775681342,0.3259958071278826,0.2945492662473795,0.29979035639413,0.27672955974842767
ec1f6f0a-5108-46a1-a18a-c98dd0c618c5,956,ES,0.31413612565445026,0.30157068062827225,0.37591623036649213,0.2732984293193717,0.3675392670157068,0.3413612565445026,0.3256544502617801,0.2942408376963351,0.2994764397905759,0.2764397905759162
ec1f6f0a-5108-46a1-a18a-c98dd0c618c5,957,ES,0.3138075313807531,0.301255230125523,0.37552301255230125,0.2730125523012552,0.37343096234309625,0.3410041841004184,0.3253138075313807,0.2939330543933054,0.29916317991631797,0.27615062761506276
ec1f6f0a-5108-46a1-a18a-c98dd0c618c5,958,ES,0.3187042842215256,0.30094043887147337,0.37513061650992685,0.2727272727272727,0.3730407523510972,0.3406478578892372,0.32497387669801464,0.2936259143155695,0.2988505747126437,0.27586206896551724
ec1f6f0a-5108-46a1-a18a-c98dd0c618c5,959,ES,0.31837160751565763,0.30062630480167013,0.3747390396659708,0.27244258872651356,0.37265135699373697,0.34029227557411273,0.3246346555323591,0.29331941544885176,0.2985386221294363,0.278705636743215
ec1f6f0a-5108-46a1-a18a-c98dd0c618c5,960,ES,0.3180396246089677,0.30031282586027114,0.3743482794577685,0.2721584984358707,0.3722627737226277,0.33993743482794575,0.32429614181439,0.2930135557872784,0.29822732012513037,0.28362877997914493
ec1f6f0a-5108-46a1-a18a-c98dd0c618c5,961,ES,0.3177083333333333,0.3,0.37395833333333334,0.271875,0.371875,0.33958333333333335,0.32395833333333335,0.29270833333333335,0.303125,0.2833333333333333
ec1f6f0a-5108-46a1-a18a-c98dd0c618c5,962,ES,0.3173777315296566,0.29968782518210196,0.37356919875130074,0.2715920915712799,0.37148803329864727,0.3392299687825182,0.32362122788761705,0.2924037460978148,0.3028095733610822,0.2861602497398543
ec1f6f0a-5108-46a1-a18a-c98dd0c618c5,963,ES,0.31704781704781704,0.2993762993762994,0.3783783783783784,0.2713097713097713,0.3711018711018711,0.3388773388773389,0.3232848232848233,0.2920997920997921,0.3024948024948025,0.28586278586278585
ec1f6f0a-5108-46a1-a18a-c98dd0c618c5,964,ES,0.31671858774662515,0.29906542056074764,0.37798546209761164,0.27102803738317754,0.37175493250259606,0.33852544132917967,0.3229491173416407,0.29179646936656284,0.30218068535825543,0.28556593977154726
ec1f6f0a-5108-46a1-a18a-c98dd0c618c5,965,ES,0.3163900414937759,0.2987551867219917,0.3775933609958506,0.27074688796680496,0.37136929460580914,0.3381742738589212,0.32261410788381745,0.29149377593361,0.3049792531120332,0.28526970954356845
ec1f6f0a-5108-46a1-a18a-c98dd0c618c5,966,ES,0.3160621761658031,0.29844559585492225,0.3772020725388601,0.2704663212435233,0.37202072538860104,0.3378238341968912,0.322279792746114,0.2911917098445596,0.30466321243523314,0.2849740932642487
ec1f6f0a-5108-46a1-a18a-c98dd0c618c5,967,ES,0.31573498964803315,0.2981366459627329,0.37681159420289856,0.2712215320910973,0.37163561076604557,0.33747412008281574,0.3219461697722567,0.2908902691511387,0.30434782608695654,0.28467908902691513
ec1f6f0a-5108-46a1-a18a-c98dd0c618c5,968,ES,0.3154084798345398,0.29782833505687695,0.3764219234746639,0.27404343329886244,0.37125129265770423,0.33712512926577043,0.3216132368148914,0.2905894519131334,0.30403309203722856,0.2843846949327818
ec1f6f0a-5108-46a1-a18a-c98dd0c618c5,969,ES,0.31508264462809915,0.3037190082644628,0.3760330578512397,0.2737603305785124,0.37086776859504134,0.3367768595041322,0.3212809917355372,0.2902892561983471,0.3037190082644628,0.2840909090909091
ec1f6f0a-5108-46a1-a18a-c98dd0c618c5,970,ES,0.31475748194014447,0.30340557275541796,0.37564499484004127,0.27347781217750256,0.37048503611971106,0.3364293085655315,0.32094943240454077,0.29411764705882354,0.30340557275541796,0.2837977296181631
ec1f6f0a-5108-46a1-a18a-c98dd0c618c5,971,ES,0.31443298969072164,0.3030927835051546,0.3752577319587629,0.27319587628865977,0.37010309278350517,0.33608247422680415,0.32061855670103095,0.29381443298969073,0.3082474226804124,0.28350515463917525
ec1f6f0a-5108-46a1-a18a-c98dd0c618c5,972,ES,0.3141091658084449,0.3027806385169928,0.37899073120494337,0.2729145211122554,0.36972193614830073,0.3357363542739444,0.32028836251287335,0.29351184346035014,0.3079299691040165,0.28321318228630277
ec1f6f0a-5108-46a1-a18a-c98dd0c618c5,973,ES,0.31378600823045266,0.30246913580246915,0.3786008230452675,0.2726337448559671,0.36934156378600824,0.33539094650205764,0.32407407407407407,0.2932098765432099,0.30761316872427985,0.2829218106995885
ec1f6f0a-5108-46a1-a18a-c98dd0c618c5,974,ES,0.31346351490236385,0.302158273381295,0.37821171634121276,0.2723535457348407,0.36896197327852004,0.33504624871531347,0.3237410071942446,0.29290853031860226,0.31243576567317577,0.28263103802672146
ec1f6f0a-5108-46a1-a18a-c98dd0c618c5,975,ES,0.3131416837782341,0.30184804928131415,0.37782340862423,0.2720739219712526,0.36858316221765913,0.3347022587268994,0.32340862422997946,0.2926078028747433,0.3162217659137577,0.28234086242299794
ec1f6f0a-5108-46a1-a18a-c98dd0c618c5,976,ES,0.3158974358974359,0.30153846153846153,0.37743589743589745,0.2717948717948718,0.3682051282051282,0.3343589743589744,0.3230769230769231,0.2923076923076923,0.3158974358974359,0.28205128205128205
ec1f6f0a-5108-46a1-a18a-c98dd0c618c5,977,ES,0.3155737704918033,0.3012295081967213,0.3770491803278688,0.27151639344262296,0.367827868852459,0.33401639344262296,0.32274590163934425,0.29508196721311475,0.3155737704918033,0.2817622950819672
ec1f6f0a-5108-46a1-a18a-c98dd0c618c5,978,ES,0.31525076765609006,0.300921187308086,0.3766632548618219,0.27533265097236437,0.36745138178096215,0.3336745138178096,0.3224155578300921,0.2947799385875128,0.31525076765609006,0.28147389969293757
ec1f6f0a-5108-46a1-a18a-c98dd0c618c5,979,ES,0.3149284253578732,0.3006134969325153,0.37627811860940696,0.27505112474437626,0.3670756646216769,0.3333333333333333,0.3220858895705521,0.294478527607362,0.32004089979550104,0.28118609406952966
ec1f6f0a-5108-46a1-a18a-c98dd0c618c5,980,ES,0.3146067415730337,0.3003064351378958,0.37895812053115424,0.27477017364657813,0.36670071501532175,0.33299284984678246,0.32175689479060265,0.2941777323799796,0.31971399387129723,0.2808988764044944
ec1f6f0a-5108-46a1-a18a-c98dd0c618c5,981,ES,0.3142857142857143,0.3,0.37857142857142856,0.27448979591836736,0.3663265306122449,0.3326530612244898,0.32142857142857145,0.2938775510204082,0.32346938775510203,0.28061224489795916
ec1f6f0a-5108-46a1-a18a-c98dd0c618c5,982,ES,0.31396534148827726,0.2996941896024465,0.3781855249745158,0.2742099898063201,0.3659531090723751,0.33231396534148827,0.3211009174311927,0.29357798165137616,0.32619775739041795,0.2803261977573904
ec1f6f0a-5108-46a1-a18a-c98dd0c618c5,983,ES,0.3136456211812627,0.29938900203665986,0.37780040733197556,0.2739307535641548,0.3655804480651731,0.3319755600814664,0.32077393075356414,0.29327902240325865,0.329938900203666,0.280040733197556
ec1f6f0a-5108-46a1-a18a-c98dd0c618c5,984,ES,0.3133265513733469,0.3021363173957274,0.37741607324516785,0.2736520854526958,0.3652085452695829,0.3316378433367243,0.32044760935910477,0.29298067141403866,0.3296032553407935,0.2797558494404883
ec1f6f0a-5108-46a1-a18a-c98dd0c618c5,985,ES,0.3130081300813008,0.3018292682926829,0.37703252032520324,0.2733739837398374,0.3648373983739837,0.3313008130081301,0.3201219512195122,0.2926829268292683,0.32926829268292684,0.28252032520325204
ec1f6f0a-5108-46a1-a18a-c98dd0c618c5,986,ES,0.31269035532994927,0.30558375634517765,0.3766497461928934,0.2730964467005076,0.36446700507614216,0.33096446700507615,0.3197969543147208,0.2923857868020305,0.32893401015228424,0.28223350253807106
ec1f6f0a-5108-46a1-a18a-c98dd0c618c5,987,ES,0.31237322515212984,0.3052738336713996,0.3762677484787018,0.27281947261663286,0.3640973630831643,0.3306288032454361,0.31947261663286003,0.295131845841785,0.3286004056795132,0.281947261663286
ec1f6f0a-5108-46a1-a18a-c98dd0c618c5,988,ES,0.3120567375886525,0.3049645390070922,0.375886524822695,0.2725430597771023,0.3637284701114488,0.3302938196555218,0.3191489361702128,0.2948328267477204,0.3282674772036474,0.2857142857142857
ec1f6f0a-5108-46a1-a18a-c98dd0c618c5,989,ES,0.3117408906882591,0.30465587044534415,0.37550607287449395,0.2722672064777328,0.3633603238866397,0.3350202429149798,0.3188259109311741,0.29453441295546556,0.32793522267206476,0.2854251012145749
ec1f6f0a-5108-46a1-a18a-c98dd0c618c5,990,ES,0.3114256825075834,0.30434782608695654,0.3751263902932255,0.27199191102123355,0.36299292214357937,0.3346814964610718,0.3185035389282103,0.2942366026289181,0.3276036400404449,0.28816986855409504
ec1f6f0a-5108-46a1-a18a-c98dd0c618c5,991,ES,0.3111111111111111,0.30404040404040406,0.3747474747474748,0.2717171717171717,0.36262626262626263,0.33434343434343433,0.3242424242424242,0.29393939393939394,0.32727272727272727,0.2878787878787879
ec1f6f0a-5108-46a1-a18a-c98dd0c618c5,992,ES,0.31079717457114026,0.30373360242179614,0.3784056508577195,0.2714429868819374,0.3622603430877901,0.3340060544904137,0.3239152371342079,0.29364278506559033,0.32694248234106965,0.2875882946518668
ec1f6f0a-5108-46a1-a18a-c98dd0c618c5,993,ES,0.31048387096774194,0.3034274193548387,0.3780241935483871,0.2711693548387097,0.36189516129032256,0.3336693548387097,0.3235887096774194,0.2933467741935484,0.32661290322580644,0.2913306451612903
ec1f6f0a-5108-46a1-a18a-c98dd0c618c5,994,ES,0.31017119838872104,0.3031218529707956,0.3776435045317221,0.27089627391742194,0.36153071500503525,0.3333333333333333,0.32326283987915405,0.29506545820745217,0.32628398791540786,0.29103726082578046
ec1f6f0a-5108-46a1-a18a-c98dd0c618c5,995,ES,0.30985915492957744,0.3028169014084507,0.3772635814889336,0.27062374245472837,0.3611670020120724,0.3329979879275654,0.32293762575452717,0.2947686116700201,0.3319919517102616,0.29074446680080485
ec1f6f0a-5108-46a1-a18a-c98dd0c618c5,996,ES,0.30954773869346736,0.30251256281407035,0.3768844221105528,0.27638190954773867,0.3608040201005025,0.3326633165829146,0.32261306532663314,0.29447236180904524,0.3316582914572864,0.2904522613065327
ec1f6f0a-5108-46a1-a18a-c98dd0c618c5,997,ES,0.3092369477911647,0.30220883534136544,0.37650602409638556,0.2761044176706827,0.3604417670682731,0.33232931726907633,0.32228915662650603,0.29417670682730923,0.3313253012048193,0.2931726907630522
ec1f6f0a-5108-46a1-a18a-c98dd0c618c5,998,ES,0.30892678034102306,0.30190571715145437,0.37612838515546637,0.275827482447342,0.3600802407221665,0.3319959879638917,0.3259779338014042,0.2938816449348044,0.33099297893681046,0.2928786359077232
ec1f6f0a-5108-46a1-a18a-c98dd0c618c5,999,ES,0.30861723446893785,0.3016032064128257,0.375751503006012,0.2755511022044088,0.35971943887775554,0.3316633266533066,0.3276553106212425,0.2935871743486974,0.3306613226452906,0.2925851703406814
ec1f6f0a-5108-46a1-a18a-c98dd0c618c5,1000,ES,0.3083083083083083,0.3013013013013013,0.37537537537537535,0.2752752752752753,0.35935935935935936,0.33133133133133136,0.32732732732732733,0.2932932932932933,0.3303303303303303,0.2972972972972973
ec1f6f0a-5108-46a1-a18a-c98dd0c618c5,1001,ES,0.308,0.301,0.375,0.275,0.363,0.331,0.327,0.293,0.33,0.297
ec1f6f0a-5108-46a1-a18a-c98dd0c618c5,1002,ES,0.3076923076923077,0.3006993006993007,0.37462537462537465,0.27472527472527475,0.36863136863136864,0.3306693306693307,0.32667332667332666,0.29270729270729273,0.32967032967032966,0.2967032967032967
ec1f6f0a-5108-46a1-a18a-c98dd0c618c5,1003,ES,0.3073852295409182,0.3033932135728543,0.37425149700598803,0.2744510978043912,0.36826347305389223,0.33033932135728544,0.3263473053892216,0.29241516966067865,0.32934131736526945,0.2964071856287425
ec1f6f0a-5108-46a1-a18a-c98dd0c618c5,1004,ES,0.3070787637088734,0.30309072781655033,0.37387836490528414,0.2741774675972084,0.3678963110667996,0.3339980059820538,0.32602193419740777,0.292123629112662,0.32901296111665007,0.29611166500498504
ec1f6f0a-5108-46a1-a18a-c98dd0c618c5,1005,ES,0.30677290836653387,0.30278884462151395,0.37350597609561753,0.2739043824701195,0.36752988047808766,0.3346613545816733,0.3256972111553785,0.2918326693227092,0.3286852589641434,0.2958167330677291
ec1f6f0a-5108-46a1-a18a-c98dd0c618c5,1006,ES,0.30646766169154227,0.3024875621890547,0.373134328358209,0.2736318407960199,0.3701492537313433,0.33432835820895523,0.3253731343283582,0.2915422885572139,0.3283582089552239,0.2955223880597015
ec1f6f0a-5108-46a1-a18a-c98dd0c618c5,1007,ES,0.3061630218687873,0.30218687872763417,0.3727634194831014,0.2783300198807157,0.3697813121272366,0.33399602385685884,0.3250497017892644,0.2912524850894632,0.32803180914512925,0.2952286282306163
ec1f6f0a-5108-46a1-a18a-c98dd0c618c5,1008,ES,0.3058589870903674,0.3018867924528302,0.3723932472691162,0.27805362462760674,0.3733862959285005,0.3336643495531281,0.3247269116186693,0.29096325719960275,0.32770605759682225,0.29493545183714004
ec1f6f0a-5108-46a1-a18a-c98dd0c618c5,1009,ES,0.3055555555555556,0.30158730158730157,0.37202380952380953,0.28075396825396826,0.373015873015873,0.3333333333333333,0.3244047619047619,0.2906746031746032,0.3273809523809524,0.29464285714285715
ec1f6f0a-5108-46a1-a18a-c98dd0c618c5,1010,ES,0.30525272547076315,0.3012884043607532,0.37165510406342916,0.2804757185332012,0.37462834489593655,0.3330029732408325,0.3240832507433102,0.29038652130822595,0.3270564915758176,0.2943508424182359
ec1f6f0a-5108-46a1-a18a-c98dd0c618c5,1011,ES,0.30495049504950494,0.300990099009901,0.3712871287128713,0.2801980198019802,0.37425742574257426,0.3326732673267327,0.3237623762376238,0.2900990099009901,0.32673267326732675,0.297029702970297
ec1f6f0a-5108-46a1-a18a-c98dd0c618c5,1012,ES,0.304648862512364,0.3006923837784372,0.37091988130563797,0.2799208704253215,0.37388724035608306,0.3323442136498516,0.32344213649851633,0.29277942631058357,0.3264094955489614,0.29673590504451036
ec1f6f0a-5108-46a1-a18a-c98dd0c618c5,1013,ES,0.30434782608695654,0.30039525691699603,0.3705533596837945,0.27964426877470355,0.37351778656126483,0.33201581027667987,0.3231225296442688,0.2984189723320158,0.32608695652173914,0.2964426877470356
ec1f6f0a-5108-46a1-a18a-c98dd0c618c5,1014,ES,0.3040473840078973,0.30306021717670284,0.37018756169792694,0.2793682132280355,0.37314906219151034,0.33168805528134254,0.3228035538005923,0.2981243830207305,0.32576505429417574,0.29615004935834155
ec1f6f0a-5108-46a1-a18a-c98dd0c618c5,1015,ES,0.3037475345167653,0.3027613412228797,0.3698224852071006,0.27909270216962523,0.3727810650887574,0.33136094674556216,0.3224852071005917,0.30078895463510846,0.3254437869822485,0.2958579881656805
ec1f6f0a-5108-46a1-a18a-c98dd0c618c5,1016,ES,0.30344827586206896,0.3024630541871921,0.3694581280788177,0.2788177339901478,0.3724137931034483,0.3310344827586207,0.3221674876847291,0.30049261083743845,0.32906403940886697,0.2955665024630542
ec1f6f0a-5108-46a1-a18a-c98dd0c618c5,1017,ES,0.3031496062992126,0.3021653543307087,0.3720472440944882,0.2785433070866142,0.3720472440944882,0.33070866141732286,0.3218503937007874,0.3001968503937008,0.328740157480315,0.2952755905511811
ec1f6f0a-5108-46a1-a18a-c98dd0c618c5,1018,ES,0.3028515240904621,0.30186823992133727,0.37168141592920356,0.28220255653883974,0.37168141592920356,0.3303834808259587,0.3215339233038348,0.2999016715830875,0.32841691248770893,0.2949852507374631
ec1f6f0a-5108-46a1-a18a-c98dd0c618c5,1019,ES,0.3025540275049116,0.3045186640471513,0.3713163064833006,0.2819253438113949,0.3713163064833006,0.3300589390962672,0.3212180746561886,0.29960707269155207,0.3280943025540275,0.29469548133595286
ec1f6f0a-5108-46a1-a18a-c98dd0c618c5,1020,ES,0.30618253189401373,0.3042198233562316,0.37095191364082436,0.281648675171737,0.37095191364082436,0.3297350343473994,0.3209028459273798,0.29931305201177627,0.3277723258096173,0.2944062806673209
ec1f6f0a-5108-46a1-a18a-c98dd0c618c5,1021,ES,0.3058823529411765,0.30392156862745096,0.37058823529411766,0.28137254901960784,0.3735294117647059,0.32941176470588235,0.3205882352941177,0.29901960784313725,0.32745098039215687,0.29411764705882354
ec1f6f0a-5108-46a1-a18a-c98dd0c618c5,1022,ES,0.30558276199804113,0.3036238981390793,0.3702252693437806,0.2820763956904995,0.3731635651322233,0.32908912830558273,0.32027424094025464,0.2987267384916748,0.32713026444662097,0.2938295788442703
ec1f6f0a-5108-46a1-a18a-c98dd0c618c5,1023,ES,0.30528375733855184,0.30332681017612523,0.3698630136986301,0.28180039138943247,0.37279843444227007,0.3287671232876712,0.3199608610567515,0.2984344422700587,0.32778864970645794,0.29354207436399216
ec1f6f0a-5108-46a1-a18a-c98dd0c618c5,1024,ES,0.30498533724340177,0.30303030303030304,0.3704789833822092,0.28152492668621704,0.3724340175953079,0.3284457478005865,0.3196480938416422,0.2981427174975562,0.32746823069403713,0.2932551319648094
ec1f6f0a-5108-46a1-a18a-c98dd0c618c5,1025,ES,0.3046875,0.302734375,0.3701171875,0.28125,0.3720703125,0.328125,0.3193359375,0.3017578125,0.3271484375,0.29296875
ec1f6f0a-5108-46a1-a18a-c98dd0c618c5,1026,ES,0.304390243902439,0.3024390243902439,0.3697560975609756,0.2809756097560976,0.37170731707317073,0.3278048780487805,0.31902439024390244,0.30146341463414633,0.32878048780487806,0.2926829268292683
ec1f6f0a-5108-46a1-a18a-c98dd0c618c5,1027,ES,0.30409356725146197,0.30214424951267055,0.36939571150097467,0.2807017543859649,0.3713450292397661,0.3304093567251462,0.31871345029239767,0.30116959064327486,0.3284600389863548,0.29239766081871343
ec1f6f0a-5108-46a1-a18a-c98dd0c618c5,1028,ES,0.3037974683544304,0.3018500486854917,0.36903602726387535,0.2804284323271665,0.3729308666017527,0.33008763388510226,0.3184031158714703,0.3008763388510224,0.3281402142161636,0.2921129503407984
ec1f6f0a-5108-46a1-a18a-c98dd0c618c5,1029,ES,0.3035019455252918,0.301556420233463,0.36867704280155644,0.2801556420233463,0.3764591439688716,0.32976653696498054,0.31809338521400776,0.3005836575875486,0.32782101167315175,0.2918287937743191
ec1f6f0a-5108-46a1-a18a-c98dd0c618c5,1030,ES,0.3032069970845481,0.3012633624878523,0.3683187560738581,0.27988338192419826,0.3760932944606414,0.3294460641399417,0.3216715257531584,0.30029154518950435,0.3275024295432459,0.2915451895043732
ec1f6f0a-5108-46a1-a18a-c98dd0c618c5,1031,ES,0.3029126213592233,0.30097087378640774,0.3679611650485437,0.2796116504854369,0.3757281553398058,0.329126213592233,0.3213592233009709,0.3,0.32815533980582523,0.2912621359223301
ec1f6f0a-5108-46a1-a18a-c98dd0c618c5,1032,ES,0.3026188166828322,0.3006789524733269,0.37245392822502427,0.2793404461687682,0.37536372453928224,0.3288069835111542,0.32104752667313285,0.2997090203685742,0.32783705140640157,0.2909796314258002
ec1f6f0a-5108-46a1-a18a-c98dd0c618c5,1033,ES,0.3023255813953488,0.30426356589147285,0.37209302325581395,0.27906976744186046,0.375,0.32848837209302323,0.32073643410852715,0.29941860465116277,0.32751937984496127,0.29069767441860467
ec1f6f0a-5108-46a1-a18a-c98dd0c618c5,1034,ES,0.3059051306873185,0.30396902226524686,0.3717328170377541,0.2787996127783156,0.37463697967086157,0.3281703775411423,0.3204259438528558,0.29912875121006777,0.32720232333010646,0.2904162633107454
ec1f6f0a-5108-46a1-a18a-c98dd0c618c5,1035,ES,0.3056092843326886,0.3036750483558994,0.3713733075435203,0.27852998065764023,0.3742746615087041,0.327852998065764,0.32011605415860733,0.2988394584139265,0.32688588007736946,0.29593810444874274
ec1f6f0a-5108-46a1-a18a-c98dd0c618c5,1036,ES,0.30821256038647343,0.3033816425120773,0.3710144927536232,0.2782608695652174,0.3739130434782609,0.32753623188405795,0.31980676328502416,0.2985507246376812,0.32657004830917874,0.2956521739130435
ec1f6f0a-5108-46a1-a18a-c98dd0c618c5,1037,ES,0.3079150579150579,0.305019305019305,0.37065637065637064,0.277992277992278,0.3735521235521235,0.32722007722007723,0.3194980694980695,0.2982625482625483,0.32625482625482627,0.2953667953667954
ec1f6f0a-5108-46a1-a18a-c98dd0c618c5,1038,ES,0.3076181292189007,0.304725168756027,0.3702989392478303,0.2815814850530376,0.37319189971070393,0.32690453230472516,0.3191899710703954,0.29797492767598843,0.32594021215043395,0.29508196721311475
ec1f6f0a-5108-46a1-a18a-c98dd0c618c5,1039,ES,0.30732177263969174,0.3044315992292871,0.3699421965317919,0.2813102119460501,0.37572254335260113,0.3265895953757225,0.31888246628131023,0.2976878612716763,0.325626204238921,0.2947976878612717
ec1f6f0a-5108-46a1-a18a-c98dd0c618c5,1040,ES,0.3070259865255053,0.30798845043310874,0.3695861405197305,0.28103946102021177,0.3753609239653513,0.3262752646775746,0.31857555341674687,0.29740134744947067,0.3253128007699711,0.2945139557266602
ec1f6f0a-5108-46a1-a18a-c98dd0c618c5,1041,ES,0.30673076923076925,0.3076923076923077,0.36923076923076925,0.28076923076923077,0.375,0.3278846153846154,0.31826923076923075,0.2971153846153846,0.325,0.29423076923076924
ec1f6f0a-5108-46a1-a18a-c98dd0c618c5,1042,ES,0.30643611911623436,0.30739673390970224,0.3688760806916426,0.2814601344860711,0.3746397694524496,0.3275696445725264,0.31796349663784823,0.2968299711815562,0.32468780019212296,0.29394812680115273
ec1f6f0a-5108-46a1-a18a-c98dd0c618c5,1043,ES,0.30614203454894434,0.30710172744721687,0.3685220729366603,0.28310940499040305,0.3742802303262956,0.3272552783109405,0.31765834932821496,0.2965451055662188,0.32437619961612285,0.29366602687140114
ec1f6f0a-5108-46a1-a18a-c98dd0c618c5,1044,ES,0.3058485139022052,0.3068072866730585,0.3681687440076702,0.2828379674017258,0.37392138063279,0.32694151486097794,0.3173537871524449,0.29913710450623204,0.32406519654841803,0.29338446788111217
ec1f6f0a-5108-46a1-a18a-c98dd0c618c5,1045,ES,0.3055555555555556,0.3065134099616858,0.367816091954023,0.2825670498084291,0.3773946360153257,0.32662835249042144,0.3170498084291188,0.2988505747126437,0.32375478927203066,0.29310344827586204
ec1f6f0a-5108-46a1-a18a-c98dd0c618c5,1046,ES,0.3090909090909091,0.3062200956937799,0.3674641148325359,0.2822966507177033,0.3770334928229665,0.3263157894736842,0.3167464114832536,0.2985645933014354,0.32344497607655504,0.29282296650717704
ec1f6f0a-5108-46a1-a18a-c98dd0c618c5,1047,ES,0.30879541108986613,0.30592734225621415,0.367112810707457,0.2820267686424474,0.37858508604206503,0.3260038240917782,0.31644359464627153,0.2982791586998088,0.3231357552581262,0.2925430210325048
ec1f6f0a-5108-46a1-a18a-c98dd0c618c5,1048,ES,0.3104106972301815,0.30563514804202485,0.3667621776504298,0.2817574021012416,0.37822349570200575,0.3256924546322827,0.31614135625596945,0.2979942693409742,0.3228271251193887,0.2922636103151863
ec1f6f0a-5108-46a1-a18a-c98dd0c618c5,1049,ES,0.3101145038167939,0.3053435114503817,0.366412213740458,0.2814885496183206,0.37786259541984735,0.32538167938931295,0.31583969465648853,0.29770992366412213,0.32251908396946566,0.2967557251908397
ec1f6f0a-5108-46a1-a18a-c98dd0c618c5,1050,ES,0.3098188751191611,0.30505243088655865,0.36606291706387034,0.28217349857006674,0.3775023832221163,0.32507149666348906,0.31553860819828405,0.2974261201143947,0.32221163012392756,0.29647283126787416
ec1f6f0a-5108-46a1-a18a-c98dd0c618c5,1051,ES,0.30952380952380953,0.3047619047619048,0.3657142857142857,0.2819047619047619,0.3780952380952381,0.32476190476190475,0.31523809523809526,0.29714285714285715,0.3219047619047619,0.29619047619047617
ec1f6f0a-5108-46a1-a18a-c98dd0c618c5,1052,ES,0.30922930542340626,0.3044719314938154,0.3653663177925785,0.28163653663177923,0.37773549000951473,0.32445290199809707,0.3149381541389153,0.30256898192197906,0.32159847764034255,0.29590865842055186
ec1f6f0a-5108-46a1-a18a-c98dd0c618c5,1053,ES,0.30893536121673004,0.3041825095057034,0.3650190114068441,0.28612167300380226,0.3773764258555133,0.32414448669201523,0.314638783269962,0.30228136882129275,0.32129277566539927,0.2956273764258555
ec1f6f0a-5108-46a1-a18a-c98dd0c618c5,1054,ES,0.30864197530864196,0.30389363722697055,0.3646723646723647,0.2858499525166192,0.37701804368471037,0.3238366571699905,0.3143399810066477,0.301994301994302,0.32098765432098764,0.30009496676163344
ec1f6f0a-5108-46a1-a18a-c98dd0c618c5,1055,ES,0.3083491461100569,0.3036053130929791,0.36432637571157495,0.2855787476280835,0.3766603415559772,0.3235294117647059,0.3159392789373814,0.301707779886148,0.3206831119544592,0.2998102466793169
ec1f6f0a-5108-46a1-a18a-c98dd0c618c5,1056,ES,0.3080568720379147,0.3033175355450237,0.3639810426540284,0.2853080568720379,0.37819905213270144,0.3232227488151659,0.31563981042654027,0.3014218009478673,0.32037914691943126,0.2995260663507109
ec1f6f0a-5108-46a1-a18a-c98dd0c618c5,1057,ES,0.3077651515151515,0.30303030303030304,0.36363636363636365,0.29071969696969696,0.3778409090909091,0.3229166666666667,0.3153409090909091,0.30113636363636365,0.32007575757575757,0.29924242424242425
ec1f6f0a-5108-46a1-a18a-c98dd0c618c5,1058,ES,0.3074739829706717,0.30274361400189215,0.3632923368022706,0.2904446546830653,0.37748344370860926,0.3226111636707663,0.315042573320719,0.3008514664143803,0.3216650898770104,0.2989593188268685
ec1f6f0a-5108-46a1-a18a-c98dd0c618c5,1059,ES,0.30718336483931946,0.30245746691871456,0.3629489603024575,0.29111531190926276,0.3771266540642722,0.3223062381852552,0.31474480151228734,0.3005671077504726,0.32136105860113423,0.29867674858223064
ec1f6f0a-5108-46a1-a18a-c98dd0c618c5,1060,ES,0.3068932955618508,0.3021718602455146,0.3626062322946176,0.29084041548630785,0.37677053824362605,0.32200188857412654,0.31444759206798867,0.3002832861189802,0.3210576015108593,0.29933899905571293
ec1f6f0a-5108-46a1-a18a-c98dd0c618c5,1061,ES,0.30660377358490565,0.3018867924528302,0.3622641509433962,0.29056603773584905,0.37641509433962267,0.32547169811320753,0.3141509433962264,0.3,0.32075471698113206,0.2990566037735849
ec1f6f0a-5108-46a1-a18a-c98dd0c618c5,1062,ES,0.3063147973609802,0.3016022620169651,0.36663524976437323,0.29029217719132894,0.3760603204524034,0.32516493873704055,0.31385485391140433,0.2997172478793591,0.32045240339302544,0.2987747408105561
ec1f6f0a-5108-46a1-a18a-c98dd0c618c5,1063,ES,0.3060263653483992,0.3013182674199623,0.3700564971751412,0.2900188323917137,0.3757062146892655,0.3248587570621469,0.3135593220338983,0.2994350282485876,0.32015065913371,0.2984934086629002
ec1f6f0a-5108-46a1-a18a-c98dd0c618c5,1064,ES,0.3057384760112888,0.3057384760112888,0.36970837253057387,0.28974600188146754,0.3753527751646284,0.32455315145813735,0.31326434619002824,0.2991533396048918,0.3198494825964252,0.2982126058325494
ec1f6f0a-5108-46a1-a18a-c98dd0c618c5,1065,ES,0.30545112781954886,0.30545112781954886,0.3693609022556391,0.2894736842105263,0.375,0.3242481203007519,0.31296992481203006,0.29887218045112784,0.3223684210526316,0.29793233082706766
ec1f6f0a-5108-46a1-a18a-c98dd0c618c5,1066,ES,0.3051643192488263,0.3051643192488263,0.36901408450704226,0.2892018779342723,0.37934272300469485,0.323943661971831,0.3126760563380282,0.29859154929577464,0.3220657276995305,0.2976525821596244
ec1f6f0a-5108-46a1-a18a-c98dd0c618c5,1067,ES,0.3048780487804878,0.3048780487804878,0.36866791744840527,0.28893058161350843,0.3789868667917448,0.325515947467167,0.3123827392120075,0.29831144465290804,0.32176360225140715,0.2973733583489681
ec1f6f0a-5108-46a1-a18a-c98dd0c618c5,1068,ES,0.3045923149015933,0.3045923149015933,0.3683223992502343,0.29053420805998126,0.3786316776007498,0.3252108716026242,0.31208997188378634,0.2980318650421743,0.32146204311152765,0.2970946579194002
ec1f6f0a-5108-46a1-a18a-c98dd0c618c5,1069,ES,0.30430711610486894,0.30711610486891383,0.36797752808988765,0.2902621722846442,0.3782771535580524,0.3249063670411985,0.31179775280898875,0.29775280898876405,0.3211610486891386,0.29681647940074907
ec1f6f0a-5108-46a1-a18a-c98dd0c618c5,1070,ES,0.304022450888681,0.3068288119738073,0.3676333021515435,0.2899906454630496,0.37792329279700654,0.3246024321796071,0.31337698783910195,0.29747427502338636,0.3208606173994387,0.29653882132834425
ec1f6f0a-5108-46a1-a18a-c98dd0c618c5,1071,ES,0.3037383177570093,0.30654205607476637,0.36822429906542054,0.2897196261682243,0.3775700934579439,0.32429906542056075,0.3130841121495327,0.297196261682243,0.3205607476635514,0.29626168224299065
ec1f6f0a-5108-46a1-a18a-c98dd0c618c5,1072,ES,0.3034547152194211,0.3062558356676004,0.3716153127917834,0.28944911297852477,0.3772175536881419,0.3239962651727358,0.3127917833800187,0.2969187675070028,0.3202614379084967,0.29598506069094305
ec1f6f0a-5108-46a1-a18a-c98dd0c618c5,1073,ES,0.3031716417910448,0.30597014925373134,0.3712686567164179,0.291044776119403,0.376865671641791,0.32369402985074625,0.3125,0.2966417910447761,0.3199626865671642,0.2957089552238806
ec1f6f0a-5108-46a1-a18a-c98dd0c618c5,1074,ES,0.30288909599254427,0.30568499534016774,0.37092264678471576,0.2907735321528425,0.3793103448275862,0.3233923578751165,0.31220876048462254,0.29636533084808947,0.3196644920782852,0.2954333643988816
ec1f6f0a-5108-46a1-a18a-c98dd0c618c5,1075,ES,0.3026070763500931,0.3054003724394786,0.37243947858473,0.2905027932960894,0.3789571694599628,0.3230912476722533,0.31191806331471134,0.29608938547486036,0.319366852886406,0.2951582867783985
ec1f6f0a-5108-46a1-a18a-c98dd0c618c5,1076,ES,0.3023255813953488,0.30511627906976746,0.37209302325581395,0.29023255813953486,0.3786046511627907,0.32744186046511625,0.3116279069767442,0.2958139534883721,0.31906976744186044,0.2948837209302326
ec1f6f0a-5108-46a1-a18a-c98dd0c618c5,1077,ES,0.3020446096654275,0.3048327137546468,0.37174721189591076,0.2908921933085502,0.37825278810408924,0.3271375464684015,0.31133828996282525,0.2955390334572491,0.3187732342007435,0.29460966542750927
ec1f6f0a-5108-46a1-a18a-c98dd0c618c5,1078,ES,0.30176415970287834,0.308263695450325,0.3714020427112349,0.2906220984215413,0.3779015784586815,0.3268337975858867,0.3110492107706592,0.29526462395543174,0.31847725162488394,0.2943361188486537
ec1f6f0a-5108-46a1-a18a-c98dd0c618c5,1079,ES,0.3014842300556586,0.3079777365491651,0.37105751391465674,0.29035250463821893,0.37755102040816324,0.3320964749536178,0.310760667903525,0.2949907235621521,0.3181818181818182,0.2940630797773655
ec1f6f0a-5108-46a1-a18a-c98dd0c618c5,1080,ES,0.3049119555143652,0.3076923076923077,0.3707136237256719,0.29008341056533826,0.37720111214087115,0.33178869323447635,0.31047265987025024,0.29471733086190915,0.3178869323447637,0.293790546802595
ec1f6f0a-5108-46a1-a18a-c98dd0c618c5,1081,ES,0.30833333333333335,0.3074074074074074,0.37037037037037035,0.2898148148148148,0.3768518518518518,0.3314814814814815,0.3101851851851852,0.29444444444444445,0.3175925925925926,0.2935185185185185
ec1f6f0a-5108-46a1-a18a-c98dd0c618c5,1082,ES,0.3080481036077706,0.31174838112858466,0.3700277520814061,0.2895467160037003,0.37650323774283073,0.33117483811285847,0.3098982423681776,0.29417206290471787,0.3172987974098057,0.29324699352451433
ec1f6f0a-5108-46a1-a18a-c98dd0c618c5,1083,ES,0.3077634011090573,0.31146025878003697,0.36968576709796674,0.28927911275415896,0.37615526802218113,0.33086876155268025,0.31146025878003697,0.29390018484288355,0.3170055452865065,0.2929759704251386
ec1f6f0a-5108-46a1-a18a-c98dd0c618c5,1084,ES,0.3074792243767313,0.31117266851338876,0.36934441366574333,0.29270544783010155,0.37580794090489383,0.33056325023084027,0.31117266851338876,0.29362880886426596,0.31671283471837486,0.29270544783010155
ec1f6f0a-5108-46a1-a18a-c98dd0c618c5,1085,ES,0.30719557195571956,0.31088560885608857,0.37084870848708484,0.2924354243542435,0.37546125461254615,0.33025830258302585,0.31088560885608857,0.2933579335793358,0.31642066420664205,0.2924354243542435
ec1f6f0a-5108-46a1-a18a-c98dd0c618c5,1086,ES,0.3069124423963134,0.3105990783410138,0.3705069124423963,0.2921658986175115,0.37880184331797234,0.32995391705069127,0.3105990783410138,0.29308755760368665,0.3161290322580645,0.2921658986175115
ec1f6f0a-5108-46a1-a18a-c98dd0c618c5,1087,ES,0.30662983425414364,0.31031307550644566,0.3701657458563536,0.2918968692449355,0.3784530386740331,0.3296500920810313,0.31031307550644566,0.292817679558011,0.31583793738489874,0.2965009208103131
ec1f6f0a-5108-46a1-a18a-c98dd0c618c5,1088,ES,0.3063477460901564,0.31002759889604414,0.36982520699172033,0.29162833486660533,0.3827046918123275,0.32934682612695493,0.31002759889604414,0.29254829806807725,0.3155473781048758,0.29622815087396503
ec1f6f0a-5108-46a1-a18a-c98dd0c618c5,1089,ES,0.30606617647058826,0.30974264705882354,0.3694852941176471,0.2913602941176471,0.38235294117647056,0.3290441176470588,0.30974264705882354,0.2922794117647059,0.31525735294117646,0.29963235294117646
ec1f6f0a-5108-46a1-a18a-c98dd0c618c5,1090,ES,0.30578512396694213,0.30945821854912764,0.3691460055096419,0.2910927456382002,0.3820018365472911,0.3287419651056015,0.30945821854912764,0.29201101928374656,0.31588613406795224,0.29935720844811753
ec1f6f0a-5108-46a1-a18a-c98dd0c618c5,1091,ES,0.3055045871559633,0.3091743119266055,0.3688073394495413,0.2908256880733945,0.381651376146789,0.3284403669724771,0.3091743119266055,0.2963302752293578,0.3155963302752294,0.29908256880733947
ec1f6f0a-5108-46a1-a18a-c98dd0c618c5,1092,ES,0.30522456461961506,0.308890925756187,0.3684692942254812,0.29055912007332724,0.383134738771769,0.3281393217231897,0.308890925756187,0.29605866177818513,0.3153070577451879,0.29880843263061413
ec1f6f0a-5108-46a1-a18a-c98dd0c618c5,1093,ES,0.30494505494505497,0.3086080586080586,0.36813186813186816,0.2902930402930403,0.38278388278388276,0.32783882783882784,0.3086080586080586,0.2957875457875458,0.315018315018315,0.30128205128205127
ec1f6f0a-5108-46a1-a18a-c98dd0c618c5,1094,ES,0.30466605672461117,0.3083257090576395,0.3677950594693504,0.2900274473924977,0.38243366880146384,0.3284537968892955,0.3083257090576395,0.29551692589204026,0.31473010064043916,0.3010064043915828
ec1f6f0a-5108-46a1-a18a-c98dd0c618c5,1095,ES,0.30438756855575866,0.3080438756855576,0.36745886654478976,0.2897623400365631,0.38482632541133455,0.3281535648994516,0.3080438756855576,0.2952468007312614,0.31444241316270566,0.3007312614259598
ec1f6f0a-5108-46a1-a18a-c98dd0c618c5,1096,ES,0.30684931506849317,0.30776255707762556,0.36712328767123287,0.28949771689497716,0.38447488584474887,0.3278538812785388,0.30776255707762556,0.29497716894977166,0.3141552511415525,0.3004566210045662
